hotel_id,date,rooms_available,price_inr
H001,2026-10-01,13,5150
H001,2026-10-02,7,5700
H001,2026-10-03,13,5550
H001,2026-10-04,19,5050
H001,2026-10-05,16,5100
H001,2026-10-06,21,5000
H001,2026-10-07,16,5100
H001,2026-10-08,20,5000
H001,2026-10-09,14,5550
H001,2026-10-10,7,5650
H001,2026-10-11,13,5150
H001,2026-10-12,20,5000
H001,2026-10-13,22,5000
H001,2026-10-14,13,5150
H001,2026-10-15,14,5150
H001,2026-10-16,8,5650
H001,2026-10-17,12,5600
H001,2026-10-18,12,5150
H001,2026-10-19,21,5000
H001,2026-10-20,21,5000
H001,2026-10-21,12,5150
H001,2026-10-22,17,5100
H001,2026-10-23,17,5500
H001,2026-10-24,10,5650
H001,2026-10-25,18,5050
H001,2026-10-26,14,5150
H001,2026-10-27,15,5100
H001,2026-10-28,12,5150
H001,2026-10-29,21,5000
H001,2026-10-30,14,5550
H001,2026-10-31,8,5650
H001,2026-11-01,14,5150
H001,2026-11-02,12,5150
H001,2026-11-03,20,5050
H001,2026-11-04,13,5150
H001,2026-11-05,12,5150
H001,2026-11-06,1,6550
H001,2026-11-07,1,6550
H001,2026-11-08,5,6050
H001,2026-11-09,6,6050
H001,2026-11-10,4,6050
H001,2026-11-11,19,5050
H001,2026-11-12,15,5100
H001,2026-11-13,16,5500
H001,2026-11-14,9,5650
H001,2026-11-15,15,5100
H001,2026-11-16,21,5000
H001,2026-11-17,22,5000
H001,2026-11-18,15,5100
H001,2026-11-19,20,5050
H001,2026-11-20,12,5600
H001,2026-11-21,10,5650
H001,2026-11-22,17,5050
H001,2026-11-23,18,5050
H001,2026-11-24,13,5150
H001,2026-11-25,17,5100
H001,2026-11-26,18,5050
H001,2026-11-27,9,5650
H001,2026-11-28,13,5550
H001,2026-11-29,13,5150
H001,2026-11-30,21,5000
H001,2026-12-01,26,4100
H001,2026-12-02,32,3950
H001,2026-12-03,27,4050
H001,2026-12-04,19,4600
H001,2026-12-05,25,4500
H001,2026-12-06,31,4000
H001,2026-12-07,24,4100
H001,2026-12-08,27,4050
H001,2026-12-09,22,4150
H001,2026-12-10,25,4100
H001,2026-12-11,20,4600
H001,2026-12-12,25,4500
H001,2026-12-13,29,4050
H001,2026-12-14,30,4000
H001,2026-12-15,32,3950
H001,2026-12-16,24,4100
H001,2026-12-17,32,4000
H001,2026-12-18,26,4500
H001,2026-12-19,19,4600
H001,2026-12-20,22,4900
H001,2026-12-21,13,5050
H001,2026-12-22,16,5000
H001,2026-12-23,15,5050
H001,2026-12-24,13,5050
H001,2026-12-25,15,5450
H001,2026-12-26,17,5400
H001,2026-12-27,15,5050
H001,2026-12-28,18,5000
H001,2026-12-29,18,5000
H001,2026-12-30,18,5000
H001,2026-12-31,17,5000
H001,2027-01-01,8,5550
H001,2027-01-02,16,5450
H001,2027-01-03,26,4100
H001,2027-01-04,26,4100
H001,2027-01-05,28,4050
H001,2027-01-06,27,4050
H001,2027-01-07,29,4050
H001,2027-01-08,22,4550
H001,2027-01-09,23,4550
H001,2027-01-10,28,4050
H001,2027-01-11,32,3950
H001,2027-01-12,30,4000
H001,2027-01-13,30,4000
H001,2027-01-14,31,4000
H001,2027-01-15,25,4500
H001,2027-01-16,25,4550
H001,2027-01-17,26,4100
H001,2027-01-18,29,4050
H001,2027-01-19,32,3950
H001,2027-01-20,28,4050
H001,2027-01-21,30,4000
H001,2027-01-22,21,4600
H001,2027-01-23,17,4650
H001,2027-01-24,32,3950
H001,2027-01-25,24,4100
H001,2027-01-26,25,4100
H001,2027-01-27,31,4000
H001,2027-01-28,24,4100
H001,2027-01-29,19,4600
H001,2027-01-30,19,4650
H001,2027-01-31,24,4100
H001,2027-02-01,32,3950
H001,2027-02-02,23,4150
H001,2027-02-03,31,4000
H001,2027-02-04,32,4000
H001,2027-02-05,19,4600
H001,2027-02-06,20,4600
H001,2027-02-07,26,4100
H001,2027-02-08,27,4050
H001,2027-02-09,28,4050
H001,2027-02-10,32,3950
H001,2027-02-11,27,4050
H001,2027-02-12,24,4550
H001,2027-02-13,27,4500
H001,2027-02-14,26,4100
H001,2027-02-15,31,4000
H001,2027-02-16,25,4100
H001,2027-02-17,30,4000
H001,2027-02-18,26,4100
H001,2027-02-19,20,4600
H001,2027-02-20,18,4650
H001,2027-02-21,25,4100
H001,2027-02-22,27,4050
H001,2027-02-23,31,4000
H001,2027-02-24,31,4000
H001,2027-02-25,23,4150
H001,2027-02-26,23,4550
H001,2027-02-27,18,4650
H001,2027-02-28,26,4050
H001,2027-03-01,14,5100
H001,2027-03-02,22,5000
H001,2027-03-03,22,5000
H001,2027-03-04,20,5050
H001,2027-03-05,8,5650
H001,2027-03-06,17,5500
H001,2027-03-07,21,5000
H001,2027-03-08,22,5000
H001,2027-03-09,16,5100
H001,2027-03-10,15,5100
H001,2027-03-11,12,5150
H001,2027-03-12,11,5600
H001,2027-03-13,15,5550
H001,2027-03-14,16,5100
H001,2027-03-15,15,5100
H001,2027-03-16,17,5050
H001,2027-03-17,13,5150
H001,2027-03-18,17,5100
H001,2027-03-19,9,5650
H001,2027-03-20,9,5650
H001,2027-03-21,17,5100
H001,2027-03-22,20,5000
H001,2027-03-23,22,5000
H001,2027-03-24,19,5050
H001,2027-03-25,18,5050
H001,2027-03-26,17,5500
H001,2027-03-27,10,5650
H001,2027-03-28,17,5100
H001,2027-03-29,18,5050
H001,2027-03-30,13,5150
H001,2027-03-31,12,5150
H002,2026-10-01,18,7400
H002,2026-10-02,15,8050
H002,2026-10-03,9,8200
H002,2026-10-04,20,7350
H002,2026-10-05,16,7450
H002,2026-10-06,15,7450
H002,2026-10-07,22,7300
H002,2026-10-08,21,7300
H002,2026-10-09,11,8150
H002,2026-10-10,17,8000
H002,2026-10-11,12,7500
H002,2026-10-12,21,7300
H002,2026-10-13,22,7250
H002,2026-10-14,21,7300
H002,2026-10-15,19,7350
H002,2026-10-16,11,8150
H002,2026-10-17,10,8200
H002,2026-10-18,19,7350
H002,2026-10-19,14,7450
H002,2026-10-20,18,7350
H002,2026-10-21,18,7350
H002,2026-10-22,20,7300
H002,2026-10-23,16,8000
H002,2026-10-24,10,8150
H002,2026-10-25,13,7500
H002,2026-10-26,16,7450
H002,2026-10-27,23,7250
H002,2026-10-28,20,7350
H002,2026-10-29,12,7500
H002,2026-10-30,11,8150
H002,2026-10-31,11,8150
H002,2026-11-01,23,7250
H002,2026-11-02,21,7300
H002,2026-11-03,18,7400
H002,2026-11-04,22,7250
H002,2026-11-05,18,7350
H002,2026-11-06,8,9350
H002,2026-11-07,5,9400
H002,2026-11-08,11,8650
H002,2026-11-09,6,8750
H002,2026-11-10,4,8800
H002,2026-11-11,19,7350
H002,2026-11-12,22,7300
H002,2026-11-13,7,8250
H002,2026-11-14,7,8250
H002,2026-11-15,22,7250
H002,2026-11-16,22,7250
H002,2026-11-17,19,7350
H002,2026-11-18,16,7450
H002,2026-11-19,22,7250
H002,2026-11-20,13,8100
H002,2026-11-21,14,8050
H002,2026-11-22,16,7400
H002,2026-11-23,22,7300
H002,2026-11-24,16,7400
H002,2026-11-25,15,7450
H002,2026-11-26,17,7400
H002,2026-11-27,10,8150
H002,2026-11-28,9,8200
H002,2026-11-29,13,7500
H002,2026-11-30,14,7500
H002,2026-12-01,29,5900
H002,2026-12-02,29,5900
H002,2026-12-03,30,5850
H002,2026-12-04,29,6500
H002,2026-12-05,21,6700
H002,2026-12-06,31,5850
H002,2026-12-07,24,6000
H002,2026-12-08,31,5850
H002,2026-12-09,23,6000
H002,2026-12-10,32,5800
H002,2026-12-11,24,6600
H002,2026-12-12,29,6500
H002,2026-12-13,26,5950
H002,2026-12-14,32,5800
H002,2026-12-15,25,5950
H002,2026-12-16,27,5900
H002,2026-12-17,33,5750
H002,2026-12-18,27,6550
H002,2026-12-19,24,6600
H002,2026-12-20,13,7350
H002,2026-12-21,20,7200
H002,2026-12-22,20,7200
H002,2026-12-23,22,7150
H002,2026-12-24,17,7250
H002,2026-12-25,11,8050
H002,2026-12-26,16,7900
H002,2026-12-27,16,7300
H002,2026-12-28,18,7250
H002,2026-12-29,19,7200
H002,2026-12-30,22,7150
H002,2026-12-31,19,7200
H002,2027-01-01,17,7900
H002,2027-01-02,18,7850
H002,2027-01-03,25,5950
H002,2027-01-04,27,5900
H002,2027-01-05,31,5850
H002,2027-01-06,28,5900
H002,2027-01-07,29,5900
H002,2027-01-08,26,6550
H002,2027-01-09,24,6600
H002,2027-01-10,30,5850
H002,2027-01-11,33,5800
H002,2027-01-12,30,5850
H002,2027-01-13,33,5750
H002,2027-01-14,31,5800
H002,2027-01-15,26,6550
H002,2027-01-16,26,6550
H002,2027-01-17,23,6000
H002,2027-01-18,27,5950
H002,2027-01-19,29,5900
H002,2027-01-20,33,5750
H002,2027-01-21,33,5750
H002,2027-01-22,28,6500
H002,2027-01-23,29,6500
H002,2027-01-24,33,5800
H002,2027-01-25,24,6000
H002,2027-01-26,26,5950
H002,2027-01-27,23,6000
H002,2027-01-28,28,5900
H002,2027-01-29,28,6500
H002,2027-01-30,18,6750
H002,2027-01-31,30,5850
H002,2027-02-01,32,5800
H002,2027-02-02,31,5850
H002,2027-02-03,32,5800
H002,2027-02-04,23,6000
H002,2027-02-05,28,6500
H002,2027-02-06,20,6700
H002,2027-02-07,29,5900
H002,2027-02-08,31,5800
H002,2027-02-09,25,6000
H002,2027-02-10,30,5850
H002,2027-02-11,28,5900
H002,2027-02-12,18,6750
H002,2027-02-13,24,6600
H002,2027-02-14,32,5800
H002,2027-02-15,28,5900
H002,2027-02-16,31,5850
H002,2027-02-17,28,5900
H002,2027-02-18,27,5950
H002,2027-02-19,24,6600
H002,2027-02-20,25,6600
H002,2027-02-21,25,6000
H002,2027-02-22,33,5750
H002,2027-02-23,28,5900
H002,2027-02-24,32,5800
H002,2027-02-25,29,5900
H002,2027-02-26,27,6550
H002,2027-02-27,25,6600
H002,2027-02-28,25,5950
H002,2027-03-01,18,7400
H002,2027-03-02,21,7300
H002,2027-03-03,18,7400
H002,2027-03-04,22,7300
H002,2027-03-05,14,8050
H002,2027-03-06,16,8000
H002,2027-03-07,12,7500
H002,2027-03-08,18,7350
H002,2027-03-09,22,7300
H002,2027-03-10,20,7300
H002,2027-03-11,16,7400
H002,2027-03-12,18,8000
H002,2027-03-13,15,8050
H002,2027-03-14,23,7250
H002,2027-03-15,15,7450
H002,2027-03-16,16,7400
H002,2027-03-17,14,7450
H002,2027-03-18,13,7500
H002,2027-03-19,17,8000
H002,2027-03-20,7,8250
H002,2027-03-21,18,7350
H002,2027-03-22,13,7500
H002,2027-03-23,17,7400
H002,2027-03-24,19,7350
H002,2027-03-25,13,7500
H002,2027-03-26,12,8100
H002,2027-03-27,14,8100
H002,2027-03-28,17,7400
H002,2027-03-29,23,7250
H002,2027-03-30,18,7350
H002,2027-03-31,14,7450
H003,2026-10-01,5,3200
H003,2026-10-02,4,3450
H003,2026-10-03,3,3500
H003,2026-10-04,6,3150
H003,2026-10-05,6,3150
H003,2026-10-06,6,3150
H003,2026-10-07,5,3200
H003,2026-10-08,7,3100
H003,2026-10-09,5,3450
H003,2026-10-10,6,3400
H003,2026-10-11,6,3150
H003,2026-10-12,8,3100
H003,2026-10-13,6,3150
H003,2026-10-14,5,3150
H003,2026-10-15,6,3150
H003,2026-10-16,3,3500
H003,2026-10-17,4,3450
H003,2026-10-18,6,3150
H003,2026-10-19,5,3200
H003,2026-10-20,8,3100
H003,2026-10-21,5,3150
H003,2026-10-22,8,3100
H003,2026-10-23,2,3500
H003,2026-10-24,3,3500
H003,2026-10-25,5,3200
H003,2026-10-26,7,3100
H003,2026-10-27,6,3150
H003,2026-10-28,6,3150
H003,2026-10-29,7,3100
H003,2026-10-30,5,3450
H003,2026-10-31,3,3500
H003,2026-11-01,5,3150
H003,2026-11-02,4,3200
H003,2026-11-03,5,3150
H003,2026-11-04,5,3200
H003,2026-11-05,4,3200
H003,2026-11-06,1,4050
H003,2026-11-07,1,4050
H003,2026-11-08,1,3750
H003,2026-11-09,2,3750
H003,2026-11-10,3,3700
H003,2026-11-11,6,3150
H003,2026-11-12,5,3150
H003,2026-11-13,5,3450
H003,2026-11-14,3,3500
H003,2026-11-15,8,3100
H003,2026-11-16,7,3100
H003,2026-11-17,6,3150
H003,2026-11-18,4,3200
H003,2026-11-19,6,3150
H003,2026-11-20,2,3500
H003,2026-11-21,3,3500
H003,2026-11-22,5,3200
H003,2026-11-23,7,3100
H003,2026-11-24,5,3150
H003,2026-11-25,5,3200
H003,2026-11-26,7,3100
H003,2026-11-27,3,3500
H003,2026-11-28,6,3400
H003,2026-11-29,7,3100
H003,2026-11-30,7,3100
H003,2026-12-01,8,2550
H003,2026-12-02,8,2550
H003,2026-12-03,10,2500
H003,2026-12-04,9,2800
H003,2026-12-05,8,2800
H003,2026-12-06,11,2500
H003,2026-12-07,10,2500
H003,2026-12-08,11,2450
H003,2026-12-09,9,2550
H003,2026-12-10,8,2550
H003,2026-12-11,7,2850
H003,2026-12-12,10,2750
H003,2026-12-13,9,2550
H003,2026-12-14,12,2450
H003,2026-12-15,11,2500
H003,2026-12-16,10,2500
H003,2026-12-17,11,2500
H003,2026-12-18,10,2750
H003,2026-12-19,9,2800
H003,2026-12-20,8,3050
H003,2026-12-21,7,3100
H003,2026-12-22,7,3050
H003,2026-12-23,5,3150
H003,2026-12-24,6,3100
H003,2026-12-25,4,3400
H003,2026-12-26,3,3450
H003,2026-12-27,5,3100
H003,2026-12-28,7,3050
H003,2026-12-29,7,3050
H003,2026-12-30,8,3050
H003,2026-12-31,7,3050
H003,2027-01-01,6,3350
H003,2027-01-02,4,3400
H003,2027-01-03,11,2500
H003,2027-01-04,11,2500
H003,2027-01-05,10,2500
H003,2027-01-06,9,2550
H003,2027-01-07,11,2450
H003,2027-01-08,6,2850
H003,2027-01-09,7,2850
H003,2027-01-10,11,2500
H003,2027-01-11,11,2500
H003,2027-01-12,10,2500
H003,2027-01-13,9,2550
H003,2027-01-14,9,2500
H003,2027-01-15,8,2850
H003,2027-01-16,8,2800
H003,2027-01-17,8,2550
H003,2027-01-18,11,2450
H003,2027-01-19,8,2550
H003,2027-01-20,9,2550
H003,2027-01-21,11,2450
H003,2027-01-22,7,2850
H003,2027-01-23,7,2850
H003,2027-01-24,11,2450
H003,2027-01-25,8,2550
H003,2027-01-26,11,2500
H003,2027-01-27,9,2550
H003,2027-01-28,9,2500
H003,2027-01-29,9,2800
H003,2027-01-30,8,2850
H003,2027-01-31,9,2500
H003,2027-02-01,9,2550
H003,2027-02-02,11,2450
H003,2027-02-03,9,2500
H003,2027-02-04,9,2550
H003,2027-02-05,8,2850
H003,2027-02-06,9,2800
H003,2027-02-07,11,2450
H003,2027-02-08,11,2450
H003,2027-02-09,11,2450
H003,2027-02-10,11,2500
H003,2027-02-11,8,2550
H003,2027-02-12,8,2800
H003,2027-02-13,6,2850
H003,2027-02-14,9,2550
H003,2027-02-15,11,2500
H003,2027-02-16,10,2500
H003,2027-02-17,9,2550
H003,2027-02-18,10,2500
H003,2027-02-19,7,2850
H003,2027-02-20,8,2800
H003,2027-02-21,9,2500
H003,2027-02-22,9,2550
H003,2027-02-23,9,2550
H003,2027-02-24,8,2550
H003,2027-02-25,10,2500
H003,2027-02-26,9,2800
H003,2027-02-27,8,2800
H003,2027-02-28,10,2500
H003,2027-03-01,6,3150
H003,2027-03-02,7,3100
H003,2027-03-03,4,3200
H003,2027-03-04,6,3150
H003,2027-03-05,5,3450
H003,2027-03-06,6,3400
H003,2027-03-07,4,3200
H003,2027-03-08,4,3200
H003,2027-03-09,7,3100
H003,2027-03-10,6,3150
H003,2027-03-11,7,3100
H003,2027-03-12,4,3450
H003,2027-03-13,3,3500
H003,2027-03-14,6,3150
H003,2027-03-15,8,3100
H003,2027-03-16,4,3200
H003,2027-03-17,4,3200
H003,2027-03-18,5,3150
H003,2027-03-19,6,3400
H003,2027-03-20,3,3500
H003,2027-03-21,4,3200
H003,2027-03-22,8,3100
H003,2027-03-23,8,3100
H003,2027-03-24,8,3100
H003,2027-03-25,7,3100
H003,2027-03-26,5,3450
H003,2027-03-27,3,3500
H003,2027-03-28,7,3100
H003,2027-03-29,6,3150
H003,2027-03-30,8,3100
H003,2027-03-31,8,3100
H004,2026-10-01,7,2800
H004,2026-10-02,4,3100
H004,2026-10-03,5,3050
H004,2026-10-04,9,2750
H004,2026-10-05,6,2850
H004,2026-10-06,10,2750
H004,2026-10-07,8,2800
H004,2026-10-08,9,2800
H004,2026-10-09,7,3050
H004,2026-10-10,7,3050
H004,2026-10-11,7,2800
H004,2026-10-12,8,2800
H004,2026-10-13,11,2750
H004,2026-10-14,7,2800
H004,2026-10-15,9,2800
H004,2026-10-16,5,3100
H004,2026-10-17,5,3100
H004,2026-10-18,6,2850
H004,2026-10-19,11,2750
H004,2026-10-20,7,2800
H004,2026-10-21,11,2750
H004,2026-10-22,6,2850
H004,2026-10-23,6,3050
H004,2026-10-24,7,3050
H004,2026-10-25,7,2800
H004,2026-10-26,11,2750
H004,2026-10-27,9,2800
H004,2026-10-28,9,2800
H004,2026-10-29,7,2800
H004,2026-10-30,4,3100
H004,2026-10-31,6,3050
H004,2026-11-01,8,2800
H004,2026-11-02,11,2750
H004,2026-11-03,10,2750
H004,2026-11-04,10,2750
H004,2026-11-05,8,2800
H004,2026-11-06,3,3550
H004,2026-11-07,1,3550
H004,2026-11-08,3,3300
H004,2026-11-09,4,3300
H004,2026-11-10,2,3300
H004,2026-11-11,10,2750
H004,2026-11-12,8,2800
H004,2026-11-13,5,3100
H004,2026-11-14,8,3050
H004,2026-11-15,9,2800
H004,2026-11-16,10,2750
H004,2026-11-17,10,2750
H004,2026-11-18,7,2800
H004,2026-11-19,9,2800
H004,2026-11-20,4,3100
H004,2026-11-21,4,3100
H004,2026-11-22,9,2800
H004,2026-11-23,7,2800
H004,2026-11-24,8,2800
H004,2026-11-25,11,2750
H004,2026-11-26,10,2750
H004,2026-11-27,8,3000
H004,2026-11-28,7,3050
H004,2026-11-29,10,2750
H004,2026-11-30,6,2850
H004,2026-12-01,16,2200
H004,2026-12-02,15,2200
H004,2026-12-03,17,2150
H004,2026-12-04,12,2500
H004,2026-12-05,10,2550
H004,2026-12-06,15,2200
H004,2026-12-07,13,2250
H004,2026-12-08,12,2250
H004,2026-12-09,15,2200
H004,2026-12-10,14,2200
H004,2026-12-11,11,2500
H004,2026-12-12,14,2450
H004,2026-12-13,13,2250
H004,2026-12-14,13,2250
H004,2026-12-15,12,2250
H004,2026-12-16,12,2250
H004,2026-12-17,15,2200
H004,2026-12-18,11,2500
H004,2026-12-19,12,2500
H004,2026-12-20,11,2700
H004,2026-12-21,10,2700
H004,2026-12-22,10,2700
H004,2026-12-23,10,2700
H004,2026-12-24,9,2750
H004,2026-12-25,4,3050
H004,2026-12-26,9,2950
H004,2026-12-27,9,2750
H004,2026-12-28,11,2700
H004,2026-12-29,9,2750
H004,2026-12-30,12,2700
H004,2026-12-31,9,2750
H004,2027-01-01,4,3050
H004,2027-01-02,7,3000
H004,2027-01-03,17,2150
H004,2027-01-04,16,2200
H004,2027-01-05,17,2200
H004,2027-01-06,16,2200
H004,2027-01-07,13,2250
H004,2027-01-08,14,2450
H004,2027-01-09,11,2500
H004,2027-01-10,13,2250
H004,2027-01-11,16,2200
H004,2027-01-12,13,2250
H004,2027-01-13,17,2200
H004,2027-01-14,12,2250
H004,2027-01-15,9,2550
H004,2027-01-16,14,2450
H004,2027-01-17,15,2200
H004,2027-01-18,13,2250
H004,2027-01-19,14,2250
H004,2027-01-20,16,2200
H004,2027-01-21,17,2200
H004,2027-01-22,13,2500
H004,2027-01-23,14,2450
H004,2027-01-24,16,2200
H004,2027-01-25,15,2200
H004,2027-01-26,17,2200
H004,2027-01-27,13,2250
H004,2027-01-28,17,2150
H004,2027-01-29,12,2500
H004,2027-01-30,14,2450
H004,2027-01-31,14,2200
H004,2027-02-01,14,2250
H004,2027-02-02,14,2200
H004,2027-02-03,14,2250
H004,2027-02-04,16,2200
H004,2027-02-05,13,2450
H004,2027-02-06,11,2500
H004,2027-02-07,14,2250
H004,2027-02-08,16,2200
H004,2027-02-09,12,2250
H004,2027-02-10,14,2200
H004,2027-02-11,16,2200
H004,2027-02-12,14,2450
H004,2027-02-13,9,2550
H004,2027-02-14,16,2200
H004,2027-02-15,13,2250
H004,2027-02-16,16,2200
H004,2027-02-17,14,2200
H004,2027-02-18,16,2200
H004,2027-02-19,14,2450
H004,2027-02-20,10,2500
H004,2027-02-21,15,2200
H004,2027-02-22,17,2150
H004,2027-02-23,17,2200
H004,2027-02-24,16,2200
H004,2027-02-25,14,2250
H004,2027-02-26,10,2550
H004,2027-02-27,10,2500
H004,2027-02-28,16,2200
H004,2027-03-01,8,2800
H004,2027-03-02,11,2750
H004,2027-03-03,7,2800
H004,2027-03-04,7,2800
H004,2027-03-05,4,3100
H004,2027-03-06,5,3050
H004,2027-03-07,10,2750
H004,2027-03-08,6,2850
H004,2027-03-09,8,2800
H004,2027-03-10,8,2800
H004,2027-03-11,11,2750
H004,2027-03-12,8,3050
H004,2027-03-13,7,3050
H004,2027-03-14,7,2800
H004,2027-03-15,8,2800
H004,2027-03-16,10,2750
H004,2027-03-17,7,2800
H004,2027-03-18,11,2750
H004,2027-03-19,4,3100
H004,2027-03-20,6,3050
H004,2027-03-21,7,2800
H004,2027-03-22,8,2800
H004,2027-03-23,11,2750
H004,2027-03-24,9,2800
H004,2027-03-25,10,2750
H004,2027-03-26,7,3050
H004,2027-03-27,8,3050
H004,2027-03-28,9,2800
H004,2027-03-29,8,2800
H004,2027-03-30,9,2750
H004,2027-03-31,8,2800
H005,2026-10-01,9,2750
H005,2026-10-02,5,3050
H005,2026-10-03,5,3050
H005,2026-10-04,7,2800
H005,2026-10-05,7,2800
H005,2026-10-06,9,2750
H005,2026-10-07,8,2800
H005,2026-10-08,9,2750
H005,2026-10-09,3,3100
H005,2026-10-10,7,3000
H005,2026-10-11,6,2800
H005,2026-10-12,9,2750
H005,2026-10-13,8,2750
H005,2026-10-14,7,2800
H005,2026-10-15,10,2750
H005,2026-10-16,6,3050
H005,2026-10-17,3,3100
H005,2026-10-18,7,2800
H005,2026-10-19,9,2750
H005,2026-10-20,7,2800
H005,2026-10-21,10,2750
H005,2026-10-22,10,2750
H005,2026-10-23,5,3100
H005,2026-10-24,5,3050
H005,2026-10-25,7,2800
H005,2026-10-26,10,2750
H005,2026-10-27,7,2800
H005,2026-10-28,6,2800
H005,2026-10-29,7,2800
H005,2026-10-30,4,3100
H005,2026-10-31,6,3050
H005,2026-11-01,9,2750
H005,2026-11-02,7,2800
H005,2026-11-03,7,2800
H005,2026-11-04,7,2800
H005,2026-11-05,6,2800
H005,2026-11-06,1,3550
H005,2026-11-07,2,3550
H005,2026-11-08,4,3250
H005,2026-11-09,5,3250
H005,2026-11-10,2,3300
H005,2026-11-11,7,2800
H005,2026-11-12,6,2850
H005,2026-11-13,5,3050
H005,2026-11-14,6,3050
H005,2026-11-15,8,2800
H005,2026-11-16,8,2750
H005,2026-11-17,8,2800
H005,2026-11-18,8,2800
H005,2026-11-19,6,2850
H005,2026-11-20,5,3100
H005,2026-11-21,5,3050
H005,2026-11-22,8,2750
H005,2026-11-23,5,2850
H005,2026-11-24,8,2750
H005,2026-11-25,6,2800
H005,2026-11-26,7,2800
H005,2026-11-27,7,3050
H005,2026-11-28,8,3000
H005,2026-11-29,6,2800
H005,2026-11-30,6,2850
H005,2026-12-01,13,2200
H005,2026-12-02,12,2250
H005,2026-12-03,11,2250
H005,2026-12-04,10,2500
H005,2026-12-05,12,2450
H005,2026-12-06,14,2200
H005,2026-12-07,11,2250
H005,2026-12-08,15,2200
H005,2026-12-09,11,2250
H005,2026-12-10,14,2200
H005,2026-12-11,12,2450
H005,2026-12-12,9,2500
H005,2026-12-13,10,2250
H005,2026-12-14,14,2200
H005,2026-12-15,14,2200
H005,2026-12-16,11,2250
H005,2026-12-17,13,2200
H005,2026-12-18,8,2550
H005,2026-12-19,12,2450
H005,2026-12-20,7,2750
H005,2026-12-21,7,2750
H005,2026-12-22,8,2700
H005,2026-12-23,10,2700
H005,2026-12-24,8,2750
H005,2026-12-25,8,2950
H005,2026-12-26,5,3050
H005,2026-12-27,9,2700
H005,2026-12-28,8,2750
H005,2026-12-29,6,2750
H005,2026-12-30,7,2750
H005,2026-12-31,7,2750
H005,2027-01-01,7,3000
H005,2027-01-02,5,3000
H005,2027-01-03,13,2200
H005,2027-01-04,10,2250
H005,2027-01-05,12,2250
H005,2027-01-06,10,2250
H005,2027-01-07,11,2250
H005,2027-01-08,12,2450
H005,2027-01-09,12,2450
H005,2027-01-10,13,2200
H005,2027-01-11,14,2200
H005,2027-01-12,12,2250
H005,2027-01-13,13,2200
H005,2027-01-14,11,2250
H005,2027-01-15,9,2550
H005,2027-01-16,12,2450
H005,2027-01-17,12,2250
H005,2027-01-18,14,2200
H005,2027-01-19,12,2250
H005,2027-01-20,12,2250
H005,2027-01-21,11,2250
H005,2027-01-22,11,2500
H005,2027-01-23,10,2500
H005,2027-01-24,14,2200
H005,2027-01-25,12,2250
H005,2027-01-26,13,2200
H005,2027-01-27,12,2200
H005,2027-01-28,13,2200
H005,2027-01-29,9,2550
H005,2027-01-30,9,2550
H005,2027-01-31,14,2200
H005,2027-02-01,13,2200
H005,2027-02-02,11,2250
H005,2027-02-03,13,2200
H005,2027-02-04,13,2200
H005,2027-02-05,10,2500
H005,2027-02-06,11,2500
H005,2027-02-07,11,2250
H005,2027-02-08,12,2250
H005,2027-02-09,12,2250
H005,2027-02-10,15,2150
H005,2027-02-11,10,2250
H005,2027-02-12,9,2500
H005,2027-02-13,9,2500
H005,2027-02-14,12,2250
H005,2027-02-15,15,2200
H005,2027-02-16,11,2250
H005,2027-02-17,15,2200
H005,2027-02-18,14,2200
H005,2027-02-19,13,2450
H005,2027-02-20,8,2550
H005,2027-02-21,14,2200
H005,2027-02-22,14,2200
H005,2027-02-23,13,2200
H005,2027-02-24,12,2250
H005,2027-02-25,14,2200
H005,2027-02-26,11,2500
H005,2027-02-27,9,2500
H005,2027-02-28,11,2250
H005,2027-03-01,8,2800
H005,2027-03-02,10,2750
H005,2027-03-03,10,2750
H005,2027-03-04,8,2800
H005,2027-03-05,7,3050
H005,2027-03-06,6,3050
H005,2027-03-07,9,2750
H005,2027-03-08,8,2750
H005,2027-03-09,8,2800
H005,2027-03-10,8,2800
H005,2027-03-11,6,2850
H005,2027-03-12,4,3100
H005,2027-03-13,4,3100
H005,2027-03-14,8,2750
H005,2027-03-15,6,2800
H005,2027-03-16,10,2750
H005,2027-03-17,9,2750
H005,2027-03-18,10,2750
H005,2027-03-19,6,3050
H005,2027-03-20,3,3100
H005,2027-03-21,6,2800
H005,2027-03-22,6,2800
H005,2027-03-23,8,2750
H005,2027-03-24,10,2750
H005,2027-03-25,7,2800
H005,2027-03-26,3,3100
H005,2027-03-27,6,3050
H005,2027-03-28,8,2750
H005,2027-03-29,9,2750
H005,2027-03-30,9,2750
H005,2027-03-31,10,2750
H006,2026-10-01,22,5400
H006,2026-10-02,24,5800
H006,2026-10-03,14,5900
H006,2026-10-04,29,5300
H006,2026-10-05,27,5300
H006,2026-10-06,26,5350
H006,2026-10-07,35,5250
H006,2026-10-08,27,5350
H006,2026-10-09,21,5850
H006,2026-10-10,24,5800
H006,2026-10-11,21,5400
H006,2026-10-12,29,5300
H006,2026-10-13,33,5250
H006,2026-10-14,25,5350
H006,2026-10-15,20,5400
H006,2026-10-16,21,5850
H006,2026-10-17,13,5950
H006,2026-10-18,34,5250
H006,2026-10-19,31,5300
H006,2026-10-20,31,5300
H006,2026-10-21,34,5250
H006,2026-10-22,23,5400
H006,2026-10-23,15,5900
H006,2026-10-24,15,5900
H006,2026-10-25,28,5300
H006,2026-10-26,27,5300
H006,2026-10-27,29,5300
H006,2026-10-28,31,5300
H006,2026-10-29,20,5400
H006,2026-10-30,20,5850
H006,2026-10-31,21,5850
H006,2026-11-01,36,5250
H006,2026-11-02,33,5250
H006,2026-11-03,26,5350
H006,2026-11-04,36,5250
H006,2026-11-05,31,5300
H006,2026-11-06,12,6700
H006,2026-11-07,4,6800
H006,2026-11-08,19,6200
H006,2026-11-09,9,6350
H006,2026-11-10,7,6350
H006,2026-11-11,34,5250
H006,2026-11-12,33,5250
H006,2026-11-13,19,5850
H006,2026-11-14,23,5800
H006,2026-11-15,36,5250
H006,2026-11-16,35,5250
H006,2026-11-17,22,5400
H006,2026-11-18,29,5300
H006,2026-11-19,31,5300
H006,2026-11-20,14,5900
H006,2026-11-21,16,5900
H006,2026-11-22,31,5300
H006,2026-11-23,32,5250
H006,2026-11-24,24,5350
H006,2026-11-25,32,5250
H006,2026-11-26,35,5250
H006,2026-11-27,17,5900
H006,2026-11-28,11,5950
H006,2026-11-29,19,5400
H006,2026-11-30,30,5300
H006,2026-12-01,46,4250
H006,2026-12-02,51,4200
H006,2026-12-03,36,4350
H006,2026-12-04,38,4750
H006,2026-12-05,41,4750
H006,2026-12-06,49,4200
H006,2026-12-07,53,4150
H006,2026-12-08,42,4300
H006,2026-12-09,40,4300
H006,2026-12-10,46,4250
H006,2026-12-11,44,4700
H006,2026-12-12,41,4750
H006,2026-12-13,38,4300
H006,2026-12-14,40,4300
H006,2026-12-15,49,4200
H006,2026-12-16,44,4250
H006,2026-12-17,46,4250
H006,2026-12-18,35,4800
H006,2026-12-19,37,4750
H006,2026-12-20,22,5300
H006,2026-12-21,30,5200
H006,2026-12-22,20,5300
H006,2026-12-23,28,5250
H006,2026-12-24,23,5300
H006,2026-12-25,14,5850
H006,2026-12-26,14,5800
H006,2026-12-27,35,5150
H006,2026-12-28,22,5300
H006,2026-12-29,27,5250
H006,2026-12-30,25,5250
H006,2026-12-31,28,5250
H006,2027-01-01,18,5800
H006,2027-01-02,24,5700
H006,2027-01-03,39,4300
H006,2027-01-04,49,4200
H006,2027-01-05,43,4250
H006,2027-01-06,51,4150
H006,2027-01-07,39,4300
H006,2027-01-08,45,4700
H006,2027-01-09,45,4700
H006,2027-01-10,38,4300
H006,2027-01-11,48,4200
H006,2027-01-12,43,4250
H006,2027-01-13,37,4350
H006,2027-01-14,49,4200
H006,2027-01-15,44,4700
H006,2027-01-16,39,4750
H006,2027-01-17,42,4300
H006,2027-01-18,51,4150
H006,2027-01-19,40,4300
H006,2027-01-20,40,4300
H006,2027-01-21,48,4200
H006,2027-01-22,44,4700
H006,2027-01-23,29,4850
H006,2027-01-24,45,4250
H006,2027-01-25,46,4250
H006,2027-01-26,45,4250
H006,2027-01-27,46,4250
H006,2027-01-28,51,4200
H006,2027-01-29,39,4750
H006,2027-01-30,32,4850
H006,2027-01-31,52,4150
H006,2027-02-01,39,4300
H006,2027-02-02,42,4300
H006,2027-02-03,47,4200
H006,2027-02-04,50,4200
H006,2027-02-05,44,4700
H006,2027-02-06,43,4700
H006,2027-02-07,44,4250
H006,2027-02-08,42,4300
H006,2027-02-09,47,4200
H006,2027-02-10,47,4200
H006,2027-02-11,45,4250
H006,2027-02-12,34,4800
H006,2027-02-13,30,4850
H006,2027-02-14,45,4250
H006,2027-02-15,38,4300
H006,2027-02-16,43,4250
H006,2027-02-17,41,4300
H006,2027-02-18,38,4300
H006,2027-02-19,30,4850
H006,2027-02-20,37,4800
H006,2027-02-21,44,4250
H006,2027-02-22,40,4300
H006,2027-02-23,45,4250
H006,2027-02-24,52,4150
H006,2027-02-25,47,4200
H006,2027-02-26,34,4800
H006,2027-02-27,31,4850
H006,2027-02-28,41,4300
H006,2027-03-01,30,5300
H006,2027-03-02,33,5250
H006,2027-03-03,29,5300
H006,2027-03-04,34,5250
H006,2027-03-05,12,5950
H006,2027-03-06,19,5850
H006,2027-03-07,35,5250
H006,2027-03-08,25,5350
H006,2027-03-09,30,5300
H006,2027-03-10,21,5400
H006,2027-03-11,31,5300
H006,2027-03-12,22,5850
H006,2027-03-13,25,5800
H006,2027-03-14,34,5250
H006,2027-03-15,27,5300
H006,2027-03-16,36,5250
H006,2027-03-17,32,5300
H006,2027-03-18,31,5300
H006,2027-03-19,20,5850
H006,2027-03-20,20,5850
H006,2027-03-21,19,5400
H006,2027-03-22,23,5350
H006,2027-03-23,34,5250
H006,2027-03-24,22,5400
H006,2027-03-25,19,5400
H006,2027-03-26,14,5900
H006,2027-03-27,15,5900
H006,2027-03-28,31,5300
H006,2027-03-29,22,5400
H006,2027-03-30,20,5400
H006,2027-03-31,23,5350
H007,2026-10-01,23,4900
H007,2026-10-02,11,5500
H007,2026-10-03,15,5450
H007,2026-10-04,22,4950
H007,2026-10-05,20,4950
H007,2026-10-06,18,5000
H007,2026-10-07,20,4950
H007,2026-10-08,14,5050
H007,2026-10-09,9,5500
H007,2026-10-10,15,5450
H007,2026-10-11,24,4900
H007,2026-10-12,18,5000
H007,2026-10-13,18,5000
H007,2026-10-14,20,4950
H007,2026-10-15,26,4900
H007,2026-10-16,10,5500
H007,2026-10-17,20,5350
H007,2026-10-18,18,5000
H007,2026-10-19,26,4900
H007,2026-10-20,21,4950
H007,2026-10-21,23,4900
H007,2026-10-22,22,4950
H007,2026-10-23,9,5550
H007,2026-10-24,14,5450
H007,2026-10-25,22,4950
H007,2026-10-26,15,5050
H007,2026-10-27,15,5050
H007,2026-10-28,23,4900
H007,2026-10-29,16,5000
H007,2026-10-30,16,5450
H007,2026-10-31,14,5450
H007,2026-11-01,23,4900
H007,2026-11-02,18,5000
H007,2026-11-03,15,5050
H007,2026-11-04,25,4900
H007,2026-11-05,18,5000
H007,2026-11-06,3,6350
H007,2026-11-07,2,6350
H007,2026-11-08,3,5950
H007,2026-11-09,15,5800
H007,2026-11-10,13,5800
H007,2026-11-11,21,4950
H007,2026-11-12,22,4950
H007,2026-11-13,9,5550
H007,2026-11-14,20,5350
H007,2026-11-15,20,4950
H007,2026-11-16,26,4900
H007,2026-11-17,23,4900
H007,2026-11-18,14,5050
H007,2026-11-19,20,4950
H007,2026-11-20,18,5400
H007,2026-11-21,15,5450
H007,2026-11-22,18,5000
H007,2026-11-23,15,5050
H007,2026-11-24,15,5050
H007,2026-11-25,20,4950
H007,2026-11-26,26,4900
H007,2026-11-27,17,5400
H007,2026-11-28,8,5550
H007,2026-11-29,18,5000
H007,2026-11-30,19,4950
H007,2026-12-01,27,4050
H007,2026-12-02,35,3950
H007,2026-12-03,27,4050
H007,2026-12-04,22,4500
H007,2026-12-05,30,4400
H007,2026-12-06,33,3950
H007,2026-12-07,30,4000
H007,2026-12-08,37,3900
H007,2026-12-09,36,3900
H007,2026-12-10,35,3950
H007,2026-12-11,29,4400
H007,2026-12-12,21,4550
H007,2026-12-13,30,4000
H007,2026-12-14,36,3900
H007,2026-12-15,32,3950
H007,2026-12-16,38,3900
H007,2026-12-17,38,3900
H007,2026-12-18,31,4400
H007,2026-12-19,21,4550
H007,2026-12-20,25,4800
H007,2026-12-21,19,4900
H007,2026-12-22,17,4900
H007,2026-12-23,22,4850
H007,2026-12-24,22,4850
H007,2026-12-25,17,5350
H007,2026-12-26,17,5350
H007,2026-12-27,22,4850
H007,2026-12-28,26,4800
H007,2026-12-29,18,4900
H007,2026-12-30,17,4900
H007,2026-12-31,27,4800
H007,2027-01-01,20,5300
H007,2027-01-02,14,5400
H007,2027-01-03,31,4000
H007,2027-01-04,39,3850
H007,2027-01-05,37,3900
H007,2027-01-06,34,3950
H007,2027-01-07,33,3950
H007,2027-01-08,22,4550
H007,2027-01-09,29,4400
H007,2027-01-10,27,4050
H007,2027-01-11,34,3950
H007,2027-01-12,37,3900
H007,2027-01-13,33,3950
H007,2027-01-14,27,4050
H007,2027-01-15,32,4400
H007,2027-01-16,22,4500
H007,2027-01-17,31,4000
H007,2027-01-18,28,4050
H007,2027-01-19,33,3950
H007,2027-01-20,27,4050
H007,2027-01-21,27,4050
H007,2027-01-22,23,4500
H007,2027-01-23,27,4450
H007,2027-01-24,38,3900
H007,2027-01-25,31,4000
H007,2027-01-26,34,3950
H007,2027-01-27,29,4000
H007,2027-01-28,34,3950
H007,2027-01-29,31,4400
H007,2027-01-30,30,4400
H007,2027-01-31,33,3950
H007,2027-02-01,30,4000
H007,2027-02-02,32,3950
H007,2027-02-03,36,3900
H007,2027-02-04,39,3850
H007,2027-02-05,33,4350
H007,2027-02-06,28,4450
H007,2027-02-07,32,3950
H007,2027-02-08,36,3900
H007,2027-02-09,28,4050
H007,2027-02-10,31,4000
H007,2027-02-11,28,4050
H007,2027-02-12,22,4500
H007,2027-02-13,31,4400
H007,2027-02-14,36,3900
H007,2027-02-15,39,3850
H007,2027-02-16,31,4000
H007,2027-02-17,27,4050
H007,2027-02-18,35,3950
H007,2027-02-19,30,4400
H007,2027-02-20,28,4450
H007,2027-02-21,28,4000
H007,2027-02-22,29,4000
H007,2027-02-23,34,3950
H007,2027-02-24,36,3900
H007,2027-02-25,35,3950
H007,2027-02-26,21,4550
H007,2027-02-27,33,4350
H007,2027-02-28,38,3900
H007,2027-03-01,17,5000
H007,2027-03-02,18,5000
H007,2027-03-03,23,4900
H007,2027-03-04,21,4950
H007,2027-03-05,17,5400
H007,2027-03-06,13,5450
H007,2027-03-07,21,4950
H007,2027-03-08,25,4900
H007,2027-03-09,16,5000
H007,2027-03-10,21,4950
H007,2027-03-11,24,4900
H007,2027-03-12,11,5500
H007,2027-03-13,20,5350
H007,2027-03-14,18,5000
H007,2027-03-15,14,5050
H007,2027-03-16,22,4950
H007,2027-03-17,26,4850
H007,2027-03-18,21,4950
H007,2027-03-19,15,5450
H007,2027-03-20,20,5350
H007,2027-03-21,14,5050
H007,2027-03-22,20,4950
H007,2027-03-23,19,4950
H007,2027-03-24,22,4950
H007,2027-03-25,17,5000
H007,2027-03-26,8,5550
H007,2027-03-27,12,5500
H007,2027-03-28,18,5000
H007,2027-03-29,24,4900
H007,2027-03-30,20,4950
H007,2027-03-31,22,4950
H008,2026-10-01,27,15150
H008,2026-10-02,25,16450
H008,2026-10-03,15,16750
H008,2026-10-04,23,15250
H008,2026-10-05,41,14800
H008,2026-10-06,32,15050
H008,2026-10-07,30,15100
H008,2026-10-08,42,14750
H008,2026-10-09,34,16250
H008,2026-10-10,16,16700
H008,2026-10-11,32,15050
H008,2026-10-12,30,15100
H008,2026-10-13,42,14750
H008,2026-10-14,29,15150
H008,2026-10-15,31,15050
H008,2026-10-16,33,16250
H008,2026-10-17,24,16500
H008,2026-10-18,25,15250
H008,2026-10-19,39,14850
H008,2026-10-20,23,15250
H008,2026-10-21,43,14750
H008,2026-10-22,43,14750
H008,2026-10-23,14,16750
H008,2026-10-24,18,16650
H008,2026-10-25,29,15100
H008,2026-10-26,30,15100
H008,2026-10-27,33,15000
H008,2026-10-28,33,15000
H008,2026-10-29,39,14850
H008,2026-10-30,17,16650
H008,2026-10-31,27,16400
H008,2026-11-01,38,14900
H008,2026-11-02,38,14900
H008,2026-11-03,27,15150
H008,2026-11-04,36,14950
H008,2026-11-05,33,15000
H008,2026-11-06,7,19150
H008,2026-11-07,3,19250
H008,2026-11-08,12,17800
H008,2026-11-09,24,17500
H008,2026-11-10,15,17700
H008,2026-11-11,43,14750
H008,2026-11-12,26,15200
H008,2026-11-13,34,16250
H008,2026-11-14,19,16600
H008,2026-11-15,41,14800
H008,2026-11-16,30,15100
H008,2026-11-17,32,15050
H008,2026-11-18,35,14950
H008,2026-11-19,30,15100
H008,2026-11-20,23,16500
H008,2026-11-21,24,16500
H008,2026-11-22,30,15100
H008,2026-11-23,30,15100
H008,2026-11-24,27,15150
H008,2026-11-25,30,15100
H008,2026-11-26,42,14800
H008,2026-11-27,27,16400
H008,2026-11-28,19,16650
H008,2026-11-29,33,15000
H008,2026-11-30,26,15200
H008,2026-12-01,60,11850
H008,2026-12-02,50,12100
H008,2026-12-03,59,11850
H008,2026-12-04,42,13550
H008,2026-12-05,38,13650
H008,2026-12-06,45,12200
H008,2026-12-07,58,11850
H008,2026-12-08,59,11850
H008,2026-12-09,44,12250
H008,2026-12-10,49,12100
H008,2026-12-11,52,13250
H008,2026-12-12,39,13600
H008,2026-12-13,61,11800
H008,2026-12-14,52,12050
H008,2026-12-15,50,12100
H008,2026-12-16,54,11950
H008,2026-12-17,61,11800
H008,2026-12-18,35,13700
H008,2026-12-19,34,13750
H008,2026-12-20,40,14550
H008,2026-12-21,42,14500
H008,2026-12-22,44,14450
H008,2026-12-23,42,14550
H008,2026-12-24,41,14550
H008,2026-12-25,22,16300
H008,2026-12-26,16,16450
H008,2026-12-27,43,14500
H008,2026-12-28,28,14900
H008,2026-12-29,33,14750
H008,2026-12-30,36,14700
H008,2026-12-31,32,14800
H008,2027-01-01,33,16000
H008,2027-01-02,23,16250
H008,2027-01-03,45,12200
H008,2027-01-04,57,11900
H008,2027-01-05,57,11900
H008,2027-01-06,55,11950
H008,2027-01-07,50,12100
H008,2027-01-08,55,13200
H008,2027-01-09,42,13550
H008,2027-01-10,64,11700
H008,2027-01-11,60,11800
H008,2027-01-12,59,11850
H008,2027-01-13,54,12000
H008,2027-01-14,60,11800
H008,2027-01-15,55,13200
H008,2027-01-16,36,13700
H008,2027-01-17,50,12100
H008,2027-01-18,44,12250
H008,2027-01-19,63,11750
H008,2027-01-20,54,12000
H008,2027-01-21,46,12200
H008,2027-01-22,36,13700
H008,2027-01-23,48,13350
H008,2027-01-24,51,12050
H008,2027-01-25,59,11850
H008,2027-01-26,62,11750
H008,2027-01-27,51,12050
H008,2027-01-28,62,11750
H008,2027-01-29,36,13700
H008,2027-01-30,50,13300
H008,2027-01-31,56,11950
H008,2027-02-01,56,11950
H008,2027-02-02,63,11750
H008,2027-02-03,58,11900
H008,2027-02-04,65,11700
H008,2027-02-05,36,13700
H008,2027-02-06,49,13350
H008,2027-02-07,47,12150
H008,2027-02-08,53,12000
H008,2027-02-09,45,12200
H008,2027-02-10,56,11950
H008,2027-02-11,59,11850
H008,2027-02-12,37,13650
H008,2027-02-13,54,13250
H008,2027-02-14,54,11950
H008,2027-02-15,60,11800
H008,2027-02-16,48,12150
H008,2027-02-17,62,11800
H008,2027-02-18,60,11850
H008,2027-02-19,48,13400
H008,2027-02-20,37,13650
H008,2027-02-21,45,12200
H008,2027-02-22,48,12150
H008,2027-02-23,44,12250
H008,2027-02-24,58,11850
H008,2027-02-25,51,12050
H008,2027-02-26,42,13550
H008,2027-02-27,42,13550
H008,2027-02-28,56,11950
H008,2027-03-01,27,15150
H008,2027-03-02,25,15250
H008,2027-03-03,39,14850
H008,2027-03-04,40,14850
H008,2027-03-05,22,16550
H008,2027-03-06,31,16300
H008,2027-03-07,40,14850
H008,2027-03-08,24,15250
H008,2027-03-09,24,15250
H008,2027-03-10,32,15050
H008,2027-03-11,32,15050
H008,2027-03-12,21,16550
H008,2027-03-13,16,16700
H008,2027-03-14,43,14750
H008,2027-03-15,34,14950
H008,2027-03-16,29,15100
H008,2027-03-17,27,15150
H008,2027-03-18,37,14900
H008,2027-03-19,33,16250
H008,2027-03-20,20,16600
H008,2027-03-21,24,15250
H008,2027-03-22,37,14900
H008,2027-03-23,28,15150
H008,2027-03-24,30,15100
H008,2027-03-25,28,15150
H008,2027-03-26,20,16600
H008,2027-03-27,16,16700
H008,2027-03-28,27,15150
H008,2027-03-29,30,15100
H008,2027-03-30,27,15150
H008,2027-03-31,26,15200
H009,2026-10-01,68,18350
H009,2026-10-02,43,20350
H009,2026-10-03,30,20650
H009,2026-10-04,67,18350
H009,2026-10-05,37,18950
H009,2026-10-06,38,18950
H009,2026-10-07,39,18900
H009,2026-10-08,64,18400
H009,2026-10-09,51,20200
H009,2026-10-10,26,20750
H009,2026-10-11,64,18400
H009,2026-10-12,47,18750
H009,2026-10-13,69,18300
H009,2026-10-14,69,18300
H009,2026-10-15,45,18800
H009,2026-10-16,53,20200
H009,2026-10-17,37,20500
H009,2026-10-18,65,18400
H009,2026-10-19,43,18850
H009,2026-10-20,38,18950
H009,2026-10-21,50,18700
H009,2026-10-22,42,18850
H009,2026-10-23,45,20350
H009,2026-10-24,49,20250
H009,2026-10-25,63,18450
H009,2026-10-26,59,18550
H009,2026-10-27,48,18750
H009,2026-10-28,45,18800
H009,2026-10-29,54,18650
H009,2026-10-30,35,20550
H009,2026-10-31,30,20650
H009,2026-11-01,61,18500
H009,2026-11-02,60,18500
H009,2026-11-03,66,18400
H009,2026-11-04,67,18350
H009,2026-11-05,43,18850
H009,2026-11-06,7,23900
H009,2026-11-07,18,23650
H009,2026-11-08,37,21750
H009,2026-11-09,22,22050
H009,2026-11-10,9,22300
H009,2026-11-11,44,18800
H009,2026-11-12,63,18450
H009,2026-11-13,39,20450
H009,2026-11-14,28,20700
H009,2026-11-15,60,18500
H009,2026-11-16,51,18700
H009,2026-11-17,52,18650
H009,2026-11-18,59,18500
H009,2026-11-19,64,18400
H009,2026-11-20,34,20550
H009,2026-11-21,38,20500
H009,2026-11-22,42,18850
H009,2026-11-23,38,18950
H009,2026-11-24,61,18450
H009,2026-11-25,40,18900
H009,2026-11-26,56,18600
H009,2026-11-27,29,20650
H009,2026-11-28,42,20400
H009,2026-11-29,70,18300
H009,2026-11-30,57,18550
H009,2026-12-01,85,14900
H009,2026-12-02,75,15100
H009,2026-12-03,72,15150
H009,2026-12-04,65,16850
H009,2026-12-05,75,16650
H009,2026-12-06,91,14800
H009,2026-12-07,93,14750
H009,2026-12-08,94,14750
H009,2026-12-09,90,14800
H009,2026-12-10,73,15150
H009,2026-12-11,87,16400
H009,2026-12-12,71,16750
H009,2026-12-13,82,14950
H009,2026-12-14,94,14750
H009,2026-12-15,77,15100
H009,2026-12-16,87,14850
H009,2026-12-17,91,14800
H009,2026-12-18,71,16750
H009,2026-12-19,61,16950
H009,2026-12-20,46,18450
H009,2026-12-21,43,18550
H009,2026-12-22,72,17950
H009,2026-12-23,60,18200
H009,2026-12-24,41,18550
H009,2026-12-25,50,19950
H009,2026-12-26,41,20100
H009,2026-12-27,60,18200
H009,2026-12-28,59,18200
H009,2026-12-29,49,18400
H009,2026-12-30,71,17950
H009,2026-12-31,66,18050
H009,2027-01-01,49,19950
H009,2027-01-02,42,20100
H009,2027-01-03,91,14800
H009,2027-01-04,71,15200
H009,2027-01-05,85,14900
H009,2027-01-06,77,15050
H009,2027-01-07,96,14700
H009,2027-01-08,74,16650
H009,2027-01-09,55,17050
H009,2027-01-10,79,15050
H009,2027-01-11,88,14850
H009,2027-01-12,101,14600
H009,2027-01-13,85,14900
H009,2027-01-14,82,14950
H009,2027-01-15,80,16550
H009,2027-01-16,84,16450
H009,2027-01-17,100,14600
H009,2027-01-18,86,14900
H009,2027-01-19,77,15050
H009,2027-01-20,71,15200
H009,2027-01-21,75,15100
H009,2027-01-22,56,17050
H009,2027-01-23,65,16850
H009,2027-01-24,80,15000
H009,2027-01-25,79,15000
H009,2027-01-26,76,15100
H009,2027-01-27,77,15100
H009,2027-01-28,80,15000
H009,2027-01-29,86,16450
H009,2027-01-30,80,16550
H009,2027-01-31,91,14800
H009,2027-02-01,80,15000
H009,2027-02-02,80,15000
H009,2027-02-03,95,14700
H009,2027-02-04,97,14650
H009,2027-02-05,77,16600
H009,2027-02-06,85,16450
H009,2027-02-07,95,14700
H009,2027-02-08,84,14900
H009,2027-02-09,72,15200
H009,2027-02-10,79,15050
H009,2027-02-11,92,14750
H009,2027-02-12,83,16500
H009,2027-02-13,56,17050
H009,2027-02-14,87,14850
H009,2027-02-15,77,15100
H009,2027-02-16,83,14950
H009,2027-02-17,87,14850
H009,2027-02-18,96,14700
H009,2027-02-19,57,17000
H009,2027-02-20,58,17000
H009,2027-02-21,101,14600
H009,2027-02-22,95,14700
H009,2027-02-23,75,15100
H009,2027-02-24,96,14700
H009,2027-02-25,97,14650
H009,2027-02-26,77,16600
H009,2027-02-27,79,16550
H009,2027-02-28,87,14850
H009,2027-03-01,42,18850
H009,2027-03-02,39,18950
H009,2027-03-03,49,18700
H009,2027-03-04,50,18700
H009,2027-03-05,42,20400
H009,2027-03-06,33,20600
H009,2027-03-07,54,18600
H009,2027-03-08,42,18850
H009,2027-03-09,57,18550
H009,2027-03-10,60,18500
H009,2027-03-11,66,18350
H009,2027-03-12,46,20350
H009,2027-03-13,50,20250
H009,2027-03-14,55,18600
H009,2027-03-15,59,18500
H009,2027-03-16,49,18700
H009,2027-03-17,56,18600
H009,2027-03-18,61,18450
H009,2027-03-19,44,20350
H009,2027-03-20,52,20200
H009,2027-03-21,37,18950
H009,2027-03-22,63,18450
H009,2027-03-23,46,18800
H009,2027-03-24,57,18550
H009,2027-03-25,49,18750
H009,2027-03-26,49,20250
H009,2027-03-27,26,20750
H009,2027-03-28,52,18650
H009,2027-03-29,55,18600
H009,2027-03-30,45,18800
H009,2027-03-31,44,18850
H010,2026-10-01,37,2850
H010,2026-10-02,26,3250
H010,2026-10-03,30,3200
H010,2026-10-04,27,2950
H010,2026-10-05,27,2950
H010,2026-10-06,34,2900
H010,2026-10-07,37,2850
H010,2026-10-08,38,2850
H010,2026-10-09,32,3200
H010,2026-10-10,32,3200
H010,2026-10-11,37,2850
H010,2026-10-12,32,2900
H010,2026-10-13,32,2900
H010,2026-10-14,35,2850
H010,2026-10-15,28,2950
H010,2026-10-16,32,3200
H010,2026-10-17,29,3250
H010,2026-10-18,34,2850
H010,2026-10-19,28,2950
H010,2026-10-20,28,2950
H010,2026-10-21,30,2900
H010,2026-10-22,26,2950
H010,2026-10-23,29,3250
H010,2026-10-24,28,3250
H010,2026-10-25,26,2950
H010,2026-10-26,31,2900
H010,2026-10-27,27,2950
H010,2026-10-28,26,2950
H010,2026-10-29,30,2900
H010,2026-10-30,32,3200
H010,2026-10-31,28,3250
H010,2026-11-01,14,3700
H010,2026-11-02,22,3600
H010,2026-11-03,15,3700
H010,2026-11-04,17,3650
H010,2026-11-05,16,3650
H010,2026-11-06,2,4650
H010,2026-11-07,2,4650
H010,2026-11-08,13,4250
H010,2026-11-09,4,4350
H010,2026-11-10,10,4300
H010,2026-11-11,22,3600
H010,2026-11-12,17,3650
H010,2026-11-13,11,4000
H010,2026-11-14,9,4050
H010,2026-11-15,19,3650
H010,2026-11-16,15,3700
H010,2026-11-17,20,3650
H010,2026-11-18,16,3650
H010,2026-11-19,15,3700
H010,2026-11-20,13,4000
H010,2026-11-21,15,4000
H010,2026-11-22,18,3650
H010,2026-11-23,17,3650
H010,2026-11-24,19,3650
H010,2026-11-25,20,3600
H010,2026-11-26,22,3600
H010,2026-11-27,17,3950
H010,2026-11-28,17,3950
H010,2026-11-29,18,3650
H010,2026-11-30,16,3650
H010,2026-12-01,20,3600
H010,2026-12-02,19,3650
H010,2026-12-03,17,3650
H010,2026-12-04,14,4000
H010,2026-12-05,10,4050
H010,2026-12-06,23,3600
H010,2026-12-07,25,3600
H010,2026-12-08,15,3700
H010,2026-12-09,16,3650
H010,2026-12-10,14,3700
H010,2026-12-11,14,4000
H010,2026-12-12,20,3950
H010,2026-12-13,14,3700
H010,2026-12-14,24,3600
H010,2026-12-15,17,3650
H010,2026-12-16,16,3650
H010,2026-12-17,14,3700
H010,2026-12-18,18,3950
H010,2026-12-19,10,4050
H010,2026-12-20,4,4350
H010,2026-12-21,7,4300
H010,2026-12-22,3,4350
H010,2026-12-23,5,4350
H010,2026-12-24,5,4350
H010,2026-12-25,4,4650
H010,2026-12-26,4,4650
H010,2026-12-27,11,4250
H010,2026-12-28,12,4250
H010,2026-12-29,7,4300
H010,2026-12-30,4,4350
H010,2026-12-31,10,4250
H010,2027-01-01,4,4650
H010,2027-01-02,2,4650
H010,2027-01-03,18,3650
H010,2027-01-04,24,3600
H010,2027-01-05,16,3650
H010,2027-01-06,15,3650
H010,2027-01-07,20,3650
H010,2027-01-08,15,4000
H010,2027-01-09,10,4050
H010,2027-01-10,22,3600
H010,2027-01-11,24,3600
H010,2027-01-12,15,3700
H010,2027-01-13,23,3600
H010,2027-01-14,18,3650
H010,2027-01-15,12,4000
H010,2027-01-16,19,3950
H010,2027-01-17,17,3650
H010,2027-01-18,24,3600
H010,2027-01-19,15,3700
H010,2027-01-20,17,3650
H010,2027-01-21,17,3650
H010,2027-01-22,19,3950
H010,2027-01-23,13,4000
H010,2027-01-24,17,3650
H010,2027-01-25,22,3600
H010,2027-01-26,16,3650
H010,2027-01-27,22,3600
H010,2027-01-28,14,3700
H010,2027-01-29,14,4000
H010,2027-01-30,10,4050
H010,2027-01-31,16,3650
H010,2027-02-01,15,3700
H010,2027-02-02,21,3600
H010,2027-02-03,16,3650
H010,2027-02-04,23,3600
H010,2027-02-05,11,4000
H010,2027-02-06,8,4050
H010,2027-02-07,25,3550
H010,2027-02-08,24,3600
H010,2027-02-09,23,3600
H010,2027-02-10,17,3650
H010,2027-02-11,14,3700
H010,2027-02-12,11,4050
H010,2027-02-13,12,4000
H010,2027-02-14,25,3550
H010,2027-02-15,20,3650
H010,2027-02-16,15,3700
H010,2027-02-17,23,3600
H010,2027-02-18,14,3700
H010,2027-02-19,19,3950
H010,2027-02-20,10,4050
H010,2027-02-21,14,3700
H010,2027-02-22,17,3650
H010,2027-02-23,19,3650
H010,2027-02-24,19,3650
H010,2027-02-25,15,3700
H010,2027-02-26,18,3950
H010,2027-02-27,20,3950
H010,2027-02-28,20,3600
H010,2027-03-01,32,2900
H010,2027-03-02,34,2900
H010,2027-03-03,38,2850
H010,2027-03-04,28,2950
H010,2027-03-05,31,3200
H010,2027-03-06,31,3200
H010,2027-03-07,32,2900
H010,2027-03-08,33,2900
H010,2027-03-09,32,2900
H010,2027-03-10,32,2900
H010,2027-03-11,33,2900
H010,2027-03-12,25,3250
H010,2027-03-13,23,3300
H010,2027-03-14,36,2850
H010,2027-03-15,33,2900
H010,2027-03-16,35,2850
H010,2027-03-17,35,2850
H010,2027-03-18,37,2850
H010,2027-03-19,20,3300
H010,2027-03-20,31,3200
H010,2027-03-21,36,2850
H010,2027-03-22,38,2850
H010,2027-03-23,26,2950
H010,2027-03-24,29,2950
H010,2027-03-25,37,2850
H010,2027-03-26,32,3200
H010,2027-03-27,23,3300
H010,2027-03-28,37,2850
H010,2027-03-29,32,2900
H010,2027-03-30,35,2850
H010,2027-03-31,35,2850
H011,2026-10-01,44,4550
H011,2026-10-02,33,5150
H011,2026-10-03,40,5050
H011,2026-10-04,51,4450
H011,2026-10-05,40,4600
H011,2026-10-06,39,4600
H011,2026-10-07,51,4450
H011,2026-10-08,49,4450
H011,2026-10-09,37,5100
H011,2026-10-10,40,5050
H011,2026-10-11,40,4600
H011,2026-10-12,48,4500
H011,2026-10-13,37,4600
H011,2026-10-14,40,4600
H011,2026-10-15,37,4600
H011,2026-10-16,37,5100
H011,2026-10-17,42,5050
H011,2026-10-18,51,4450
H011,2026-10-19,43,4550
H011,2026-10-20,45,4500
H011,2026-10-21,50,4450
H011,2026-10-22,38,4600
H011,2026-10-23,29,5200
H011,2026-10-24,43,5000
H011,2026-10-25,40,4600
H011,2026-10-26,39,4600
H011,2026-10-27,44,4550
H011,2026-10-28,39,4600
H011,2026-10-29,41,4550
H011,2026-10-30,42,5050
H011,2026-10-31,40,5050
H011,2026-11-01,19,5800
H011,2026-11-02,30,5650
H011,2026-11-03,26,5700
H011,2026-11-04,21,5750
H011,2026-11-05,32,5600
H011,2026-11-06,2,7300
H011,2026-11-07,3,7300
H011,2026-11-08,18,6650
H011,2026-11-09,6,6800
H011,2026-11-10,18,6650
H011,2026-11-11,18,5800
H011,2026-11-12,30,5650
H011,2026-11-13,14,6300
H011,2026-11-14,12,6350
H011,2026-11-15,24,5700
H011,2026-11-16,29,5650
H011,2026-11-17,27,5700
H011,2026-11-18,32,5600
H011,2026-11-19,30,5650
H011,2026-11-20,21,6250
H011,2026-11-21,13,6350
H011,2026-11-22,21,5750
H011,2026-11-23,27,5700
H011,2026-11-24,26,5700
H011,2026-11-25,23,5750
H011,2026-11-26,26,5700
H011,2026-11-27,17,6250
H011,2026-11-28,12,6350
H011,2026-11-29,22,5750
H011,2026-11-30,35,5600
H011,2026-12-01,35,5600
H011,2026-12-02,26,5700
H011,2026-12-03,19,5800
H011,2026-12-04,26,6150
H011,2026-12-05,16,6300
H011,2026-12-06,32,5650
H011,2026-12-07,27,5700
H011,2026-12-08,21,5750
H011,2026-12-09,23,5750
H011,2026-12-10,32,5600
H011,2026-12-11,23,6200
H011,2026-12-12,18,6250
H011,2026-12-13,21,5750
H011,2026-12-14,26,5700
H011,2026-12-15,30,5650
H011,2026-12-16,20,5750
H011,2026-12-17,28,5650
H011,2026-12-18,23,6200
H011,2026-12-19,23,6200
H011,2026-12-20,6,6800
H011,2026-12-21,8,6750
H011,2026-12-22,9,6750
H011,2026-12-23,6,6800
H011,2026-12-24,18,6650
H011,2026-12-25,2,7300
H011,2026-12-26,3,7300
H011,2026-12-27,19,6650
H011,2026-12-28,12,6700
H011,2026-12-29,6,6800
H011,2026-12-30,7,6750
H011,2026-12-31,7,6800
H011,2027-01-01,11,7200
H011,2027-01-02,2,7300
H011,2027-01-03,29,5650
H011,2027-01-04,20,5750
H011,2027-01-05,26,5700
H011,2027-01-06,21,5750
H011,2027-01-07,26,5700
H011,2027-01-08,11,6350
H011,2027-01-09,24,6200
H011,2027-01-10,29,5650
H011,2027-01-11,27,5700
H011,2027-01-12,23,5750
H011,2027-01-13,24,5700
H011,2027-01-14,20,5750
H011,2027-01-15,26,6150
H011,2027-01-16,12,6350
H011,2027-01-17,33,5600
H011,2027-01-18,34,5600
H011,2027-01-19,34,5600
H011,2027-01-20,19,5800
H011,2027-01-21,25,5700
H011,2027-01-22,14,6300
H011,2027-01-23,14,6300
H011,2027-01-24,32,5600
H011,2027-01-25,30,5650
H011,2027-01-26,31,5650
H011,2027-01-27,20,5750
H011,2027-01-28,27,5700
H011,2027-01-29,20,6250
H011,2027-01-30,20,6250
H011,2027-01-31,34,5600
H011,2027-02-01,33,5600
H011,2027-02-02,29,5650
H011,2027-02-03,30,5650
H011,2027-02-04,32,5600
H011,2027-02-05,15,6300
H011,2027-02-06,14,6300
H011,2027-02-07,29,5650
H011,2027-02-08,29,5650
H011,2027-02-09,25,5700
H011,2027-02-10,31,5650
H011,2027-02-11,24,5700
H011,2027-02-12,20,6250
H011,2027-02-13,22,6200
H011,2027-02-14,32,5600
H011,2027-02-15,31,5650
H011,2027-02-16,27,5700
H011,2027-02-17,27,5700
H011,2027-02-18,21,5750
H011,2027-02-19,27,6150
H011,2027-02-20,25,6200
H011,2027-02-21,26,5700
H011,2027-02-22,24,5700
H011,2027-02-23,25,5700
H011,2027-02-24,30,5650
H011,2027-02-25,31,5650
H011,2027-02-26,21,6200
H011,2027-02-27,14,6300
H011,2027-02-28,31,5650
H011,2027-03-01,47,4500
H011,2027-03-02,43,4550
H011,2027-03-03,47,4500
H011,2027-03-04,38,4600
H011,2027-03-05,34,5150
H011,2027-03-06,37,5100
H011,2027-03-07,49,4450
H011,2027-03-08,47,4500
H011,2027-03-09,50,4450
H011,2027-03-10,47,4500
H011,2027-03-11,52,4450
H011,2027-03-12,29,5200
H011,2027-03-13,38,5100
H011,2027-03-14,44,4550
H011,2027-03-15,38,4600
H011,2027-03-16,37,4600
H011,2027-03-17,49,4450
H011,2027-03-18,49,4450
H011,2027-03-19,40,5050
H011,2027-03-20,41,5050
H011,2027-03-21,39,4600
H011,2027-03-22,40,4600
H011,2027-03-23,41,4550
H011,2027-03-24,40,4600
H011,2027-03-25,46,4500
H011,2027-03-26,35,5100
H011,2027-03-27,40,5050
H011,2027-03-28,39,4600
H011,2027-03-29,46,4500
H011,2027-03-30,50,4450
H011,2027-03-31,41,4550
H012,2026-10-01,8,1500
H012,2026-10-02,5,1750
H012,2026-10-03,5,1750
H012,2026-10-04,7,1550
H012,2026-10-05,6,1550
H012,2026-10-06,6,1600
H012,2026-10-07,6,1550
H012,2026-10-08,8,1500
H012,2026-10-09,4,1750
H012,2026-10-10,6,1750
H012,2026-10-11,6,1600
H012,2026-10-12,6,1600
H012,2026-10-13,7,1550
H012,2026-10-14,6,1550
H012,2026-10-15,7,1550
H012,2026-10-16,6,1700
H012,2026-10-17,5,1750
H012,2026-10-18,8,1500
H012,2026-10-19,8,1500
H012,2026-10-20,6,1550
H012,2026-10-21,7,1550
H012,2026-10-22,6,1600
H012,2026-10-23,5,1750
H012,2026-10-24,5,1750
H012,2026-10-25,7,1550
H012,2026-10-26,7,1550
H012,2026-10-27,7,1550
H012,2026-10-28,7,1550
H012,2026-10-29,8,1500
H012,2026-10-30,5,1750
H012,2026-10-31,5,1750
H012,2026-11-01,5,1900
H012,2026-11-02,5,1900
H012,2026-11-03,4,1950
H012,2026-11-04,3,1950
H012,2026-11-05,4,1950
H012,2026-11-06,0,2500
H012,2026-11-07,0,2500
H012,2026-11-08,1,2300
H012,2026-11-09,2,2300
H012,2026-11-10,2,2300
H012,2026-11-11,5,1950
H012,2026-11-12,3,1950
H012,2026-11-13,3,2150
H012,2026-11-14,4,2100
H012,2026-11-15,4,1950
H012,2026-11-16,4,1950
H012,2026-11-17,4,1950
H012,2026-11-18,5,1950
H012,2026-11-19,4,1950
H012,2026-11-20,4,2100
H012,2026-11-21,4,2100
H012,2026-11-22,5,1900
H012,2026-11-23,4,1950
H012,2026-11-24,4,1950
H012,2026-11-25,4,1950
H012,2026-11-26,3,1950
H012,2026-11-27,3,2100
H012,2026-11-28,3,2150
H012,2026-11-29,5,1900
H012,2026-11-30,3,1950
H012,2026-12-01,5,1950
H012,2026-12-02,5,1900
H012,2026-12-03,5,1950
H012,2026-12-04,2,2150
H012,2026-12-05,2,2150
H012,2026-12-06,5,1900
H012,2026-12-07,3,1950
H012,2026-12-08,5,1900
H012,2026-12-09,4,1950
H012,2026-12-10,5,1900
H012,2026-12-11,4,2100
H012,2026-12-12,2,2150
H012,2026-12-13,3,1950
H012,2026-12-14,4,1950
H012,2026-12-15,4,1950
H012,2026-12-16,5,1900
H012,2026-12-17,4,1950
H012,2026-12-18,3,2100
H012,2026-12-19,4,2100
H012,2026-12-20,2,2300
H012,2026-12-21,1,2300
H012,2026-12-22,1,2300
H012,2026-12-23,1,2300
H012,2026-12-24,1,2300
H012,2026-12-25,1,2450
H012,2026-12-26,0,2500
H012,2026-12-27,1,2300
H012,2026-12-28,2,2300
H012,2026-12-29,2,2300
H012,2026-12-30,1,2300
H012,2026-12-31,1,2300
H012,2027-01-01,2,2450
H012,2027-01-02,0,2500
H012,2027-01-03,5,1900
H012,2027-01-04,4,1950
H012,2027-01-05,3,1950
H012,2027-01-06,4,1950
H012,2027-01-07,3,1950
H012,2027-01-08,4,2100
H012,2027-01-09,4,2100
H012,2027-01-10,3,1950
H012,2027-01-11,3,1950
H012,2027-01-12,3,1950
H012,2027-01-13,3,1950
H012,2027-01-14,4,1950
H012,2027-01-15,3,2150
H012,2027-01-16,3,2150
H012,2027-01-17,5,1900
H012,2027-01-18,4,1950
H012,2027-01-19,3,1950
H012,2027-01-20,4,1950
H012,2027-01-21,4,1950
H012,2027-01-22,4,2100
H012,2027-01-23,2,2150
H012,2027-01-24,4,1950
H012,2027-01-25,5,1900
H012,2027-01-26,5,1900
H012,2027-01-27,4,1950
H012,2027-01-28,3,1950
H012,2027-01-29,2,2150
H012,2027-01-30,4,2100
H012,2027-01-31,3,1950
H012,2027-02-01,3,1950
H012,2027-02-02,4,1950
H012,2027-02-03,5,1900
H012,2027-02-04,3,1950
H012,2027-02-05,4,2100
H012,2027-02-06,3,2150
H012,2027-02-07,3,1950
H012,2027-02-08,3,1950
H012,2027-02-09,3,1950
H012,2027-02-10,5,1900
H012,2027-02-11,3,1950
H012,2027-02-12,3,2100
H012,2027-02-13,4,2100
H012,2027-02-14,5,1950
H012,2027-02-15,5,1900
H012,2027-02-16,5,1950
H012,2027-02-17,3,1950
H012,2027-02-18,3,1950
H012,2027-02-19,4,2100
H012,2027-02-20,3,2150
H012,2027-02-21,5,1900
H012,2027-02-22,5,1900
H012,2027-02-23,4,1950
H012,2027-02-24,4,1950
H012,2027-02-25,4,1950
H012,2027-02-26,4,2100
H012,2027-02-27,2,2150
H012,2027-02-28,4,1950
H012,2027-03-01,6,1600
H012,2027-03-02,8,1500
H012,2027-03-03,6,1550
H012,2027-03-04,6,1550
H012,2027-03-05,6,1750
H012,2027-03-06,6,1750
H012,2027-03-07,7,1550
H012,2027-03-08,6,1550
H012,2027-03-09,7,1550
H012,2027-03-10,7,1550
H012,2027-03-11,7,1550
H012,2027-03-12,7,1700
H012,2027-03-13,6,1750
H012,2027-03-14,7,1550
H012,2027-03-15,7,1550
H012,2027-03-16,6,1600
H012,2027-03-17,6,1550
H012,2027-03-18,6,1550
H012,2027-03-19,6,1750
H012,2027-03-20,4,1750
H012,2027-03-21,6,1550
H012,2027-03-22,6,1550
H012,2027-03-23,6,1550
H012,2027-03-24,7,1550
H012,2027-03-25,8,1500
H012,2027-03-26,6,1700
H012,2027-03-27,5,1750
H012,2027-03-28,6,1550
H012,2027-03-29,8,1500
H012,2027-03-30,6,1600
H012,2027-03-31,8,1550
H013,2026-10-01,11,850
H013,2026-10-02,9,950
H013,2026-10-03,7,1000
H013,2026-10-04,9,900
H013,2026-10-05,9,900
H013,2026-10-06,11,850
H013,2026-10-07,9,900
H013,2026-10-08,9,900
H013,2026-10-09,10,950
H013,2026-10-10,10,950
H013,2026-10-11,10,850
H013,2026-10-12,11,850
H013,2026-10-13,12,850
H013,2026-10-14,9,900
H013,2026-10-15,11,850
H013,2026-10-16,9,950
H013,2026-10-17,10,950
H013,2026-10-18,12,850
H013,2026-10-19,9,900
H013,2026-10-20,10,900
H013,2026-10-21,9,900
H013,2026-10-22,12,850
H013,2026-10-23,7,1000
H013,2026-10-24,7,1000
H013,2026-10-25,12,850
H013,2026-10-26,11,850
H013,2026-10-27,10,850
H013,2026-10-28,10,850
H013,2026-10-29,10,850
H013,2026-10-30,8,1000
H013,2026-10-31,7,1000
H013,2026-11-01,7,1100
H013,2026-11-02,6,1100
H013,2026-11-03,6,1100
H013,2026-11-04,6,1100
H013,2026-11-05,6,1100
H013,2026-11-06,1,1400
H013,2026-11-07,1,1400
H013,2026-11-08,1,1300
H013,2026-11-09,4,1250
H013,2026-11-10,2,1300
H013,2026-11-11,7,1100
H013,2026-11-12,5,1100
H013,2026-11-13,5,1200
H013,2026-11-14,3,1200
H013,2026-11-15,8,1100
H013,2026-11-16,7,1100
H013,2026-11-17,6,1100
H013,2026-11-18,5,1100
H013,2026-11-19,6,1100
H013,2026-11-20,4,1200
H013,2026-11-21,5,1200
H013,2026-11-22,5,1100
H013,2026-11-23,6,1100
H013,2026-11-24,5,1100
H013,2026-11-25,8,1050
H013,2026-11-26,5,1100
H013,2026-11-27,6,1200
H013,2026-11-28,5,1200
H013,2026-11-29,6,1100
H013,2026-11-30,5,1100
H013,2026-12-01,6,1100
H013,2026-12-02,7,1100
H013,2026-12-03,8,1100
H013,2026-12-04,3,1200
H013,2026-12-05,5,1200
H013,2026-12-06,5,1100
H013,2026-12-07,7,1100
H013,2026-12-08,6,1100
H013,2026-12-09,7,1100
H013,2026-12-10,7,1100
H013,2026-12-11,4,1200
H013,2026-12-12,6,1200
H013,2026-12-13,8,1050
H013,2026-12-14,7,1100
H013,2026-12-15,8,1050
H013,2026-12-16,8,1050
H013,2026-12-17,7,1100
H013,2026-12-18,6,1200
H013,2026-12-19,5,1200
H013,2026-12-20,2,1300
H013,2026-12-21,1,1300
H013,2026-12-22,3,1300
H013,2026-12-23,1,1300
H013,2026-12-24,1,1300
H013,2026-12-25,1,1400
H013,2026-12-26,2,1400
H013,2026-12-27,1,1300
H013,2026-12-28,3,1300
H013,2026-12-29,2,1300
H013,2026-12-30,2,1300
H013,2026-12-31,5,1250
H013,2027-01-01,1,1400
H013,2027-01-02,1,1400
H013,2027-01-03,5,1100
H013,2027-01-04,4,1100
H013,2027-01-05,6,1100
H013,2027-01-06,8,1050
H013,2027-01-07,8,1050
H013,2027-01-08,4,1200
H013,2027-01-09,6,1200
H013,2027-01-10,8,1050
H013,2027-01-11,7,1100
H013,2027-01-12,8,1050
H013,2027-01-13,6,1100
H013,2027-01-14,8,1050
H013,2027-01-15,4,1200
H013,2027-01-16,4,1200
H013,2027-01-17,5,1100
H013,2027-01-18,8,1050
H013,2027-01-19,7,1100
H013,2027-01-20,6,1100
H013,2027-01-21,6,1100
H013,2027-01-22,3,1200
H013,2027-01-23,4,1200
H013,2027-01-24,6,1100
H013,2027-01-25,5,1100
H013,2027-01-26,6,1100
H013,2027-01-27,7,1100
H013,2027-01-28,5,1100
H013,2027-01-29,3,1200
H013,2027-01-30,5,1200
H013,2027-01-31,5,1100
H013,2027-02-01,5,1100
H013,2027-02-02,5,1100
H013,2027-02-03,6,1100
H013,2027-02-04,8,1050
H013,2027-02-05,5,1200
H013,2027-02-06,5,1200
H013,2027-02-07,8,1050
H013,2027-02-08,5,1100
H013,2027-02-09,8,1050
H013,2027-02-10,8,1050
H013,2027-02-11,7,1100
H013,2027-02-12,6,1200
H013,2027-02-13,6,1200
H013,2027-02-14,5,1100
H013,2027-02-15,8,1050
H013,2027-02-16,8,1050
H013,2027-02-17,6,1100
H013,2027-02-18,4,1100
H013,2027-02-19,5,1200
H013,2027-02-20,4,1200
H013,2027-02-21,5,1100
H013,2027-02-22,8,1050
H013,2027-02-23,5,1100
H013,2027-02-24,5,1100
H013,2027-02-25,6,1100
H013,2027-02-26,6,1200
H013,2027-02-27,3,1200
H013,2027-02-28,6,1100
H013,2027-03-01,8,900
H013,2027-03-02,11,850
H013,2027-03-03,11,850
H013,2027-03-04,9,900
H013,2027-03-05,10,950
H013,2027-03-06,7,1000
H013,2027-03-07,10,850
H013,2027-03-08,10,850
H013,2027-03-09,9,900
H013,2027-03-10,9,900
H013,2027-03-11,11,850
H013,2027-03-12,8,1000
H013,2027-03-13,10,950
H013,2027-03-14,12,850
H013,2027-03-15,9,900
H013,2027-03-16,12,850
H013,2027-03-17,12,850
H013,2027-03-18,9,900
H013,2027-03-19,8,1000
H013,2027-03-20,7,1000
H013,2027-03-21,9,900
H013,2027-03-22,10,850
H013,2027-03-23,10,850
H013,2027-03-24,12,850
H013,2027-03-25,11,850
H013,2027-03-26,9,950
H013,2027-03-27,10,950
H013,2027-03-28,11,850
H013,2027-03-29,9,900
H013,2027-03-30,11,850
H013,2027-03-31,8,900
H014,2026-10-01,18,1300
H014,2026-10-02,12,1500
H014,2026-10-03,11,1550
H014,2026-10-04,16,1350
H014,2026-10-05,15,1350
H014,2026-10-06,14,1350
H014,2026-10-07,18,1350
H014,2026-10-08,16,1350
H014,2026-10-09,15,1500
H014,2026-10-10,14,1500
H014,2026-10-11,13,1400
H014,2026-10-12,14,1350
H014,2026-10-13,16,1350
H014,2026-10-14,18,1350
H014,2026-10-15,18,1300
H014,2026-10-16,12,1550
H014,2026-10-17,13,1500
H014,2026-10-18,16,1350
H014,2026-10-19,13,1400
H014,2026-10-20,14,1350
H014,2026-10-21,15,1350
H014,2026-10-22,18,1300
H014,2026-10-23,10,1550
H014,2026-10-24,11,1550
H014,2026-10-25,17,1350
H014,2026-10-26,17,1350
H014,2026-10-27,14,1350
H014,2026-10-28,13,1350
H014,2026-10-29,15,1350
H014,2026-10-30,12,1500
H014,2026-10-31,14,1500
H014,2026-11-01,9,1700
H014,2026-11-02,10,1700
H014,2026-11-03,11,1700
H014,2026-11-04,10,1700
H014,2026-11-05,11,1700
H014,2026-11-06,2,2150
H014,2026-11-07,1,2200
H014,2026-11-08,4,2000
H014,2026-11-09,6,2000
H014,2026-11-10,4,2000
H014,2026-11-11,8,1700
H014,2026-11-12,8,1700
H014,2026-11-13,6,1850
H014,2026-11-14,5,1900
H014,2026-11-15,10,1700
H014,2026-11-16,11,1700
H014,2026-11-17,11,1700
H014,2026-11-18,9,1700
H014,2026-11-19,9,1700
H014,2026-11-20,10,1850
H014,2026-11-21,8,1850
H014,2026-11-22,7,1700
H014,2026-11-23,8,1700
H014,2026-11-24,12,1650
H014,2026-11-25,11,1650
H014,2026-11-26,10,1700
H014,2026-11-27,7,1850
H014,2026-11-28,5,1900
H014,2026-11-29,7,1700
H014,2026-11-30,11,1700
H014,2026-12-01,9,1700
H014,2026-12-02,11,1700
H014,2026-12-03,12,1650
H014,2026-12-04,9,1850
H014,2026-12-05,5,1900
H014,2026-12-06,11,1650
H014,2026-12-07,11,1700
H014,2026-12-08,10,1700
H014,2026-12-09,8,1700
H014,2026-12-10,10,1700
H014,2026-12-11,6,1850
H014,2026-12-12,7,1850
H014,2026-12-13,11,1650
H014,2026-12-14,10,1700
H014,2026-12-15,8,1700
H014,2026-12-16,10,1700
H014,2026-12-17,8,1700
H014,2026-12-18,10,1850
H014,2026-12-19,5,1900
H014,2026-12-20,1,2050
H014,2026-12-21,2,2050
H014,2026-12-22,5,2000
H014,2026-12-23,6,2000
H014,2026-12-24,1,2050
H014,2026-12-25,1,2200
H014,2026-12-26,2,2150
H014,2026-12-27,3,2000
H014,2026-12-28,3,2000
H014,2026-12-29,3,2000
H014,2026-12-30,1,2050
H014,2026-12-31,6,2000
H014,2027-01-01,1,2200
H014,2027-01-02,3,2150
H014,2027-01-03,10,1700
H014,2027-01-04,11,1650
H014,2027-01-05,9,1700
H014,2027-01-06,8,1700
H014,2027-01-07,11,1700
H014,2027-01-08,5,1900
H014,2027-01-09,9,1850
H014,2027-01-10,7,1700
H014,2027-01-11,8,1700
H014,2027-01-12,11,1700
H014,2027-01-13,8,1700
H014,2027-01-14,10,1700
H014,2027-01-15,6,1850
H014,2027-01-16,8,1850
H014,2027-01-17,10,1700
H014,2027-01-18,7,1700
H014,2027-01-19,10,1700
H014,2027-01-20,7,1700
H014,2027-01-21,12,1650
H014,2027-01-22,5,1900
H014,2027-01-23,9,1850
H014,2027-01-24,9,1700
H014,2027-01-25,9,1700
H014,2027-01-26,11,1700
H014,2027-01-27,9,1700
H014,2027-01-28,9,1700
H014,2027-01-29,7,1850
H014,2027-01-30,7,1850
H014,2027-01-31,7,1700
H014,2027-02-01,11,1700
H014,2027-02-02,7,1700
H014,2027-02-03,10,1700
H014,2027-02-04,11,1700
H014,2027-02-05,4,1900
H014,2027-02-06,8,1850
H014,2027-02-07,7,1700
H014,2027-02-08,9,1700
H014,2027-02-09,10,1700
H014,2027-02-10,9,1700
H014,2027-02-11,7,1700
H014,2027-02-12,5,1900
H014,2027-02-13,6,1850
H014,2027-02-14,12,1650
H014,2027-02-15,9,1700
H014,2027-02-16,10,1700
H014,2027-02-17,9,1700
H014,2027-02-18,7,1700
H014,2027-02-19,7,1850
H014,2027-02-20,7,1850
H014,2027-02-21,7,1700
H014,2027-02-22,10,1700
H014,2027-02-23,8,1700
H014,2027-02-24,7,1700
H014,2027-02-25,10,1700
H014,2027-02-26,4,1900
H014,2027-02-27,6,1850
H014,2027-02-28,11,1700
H014,2027-03-01,13,1350
H014,2027-03-02,17,1350
H014,2027-03-03,13,1350
H014,2027-03-04,15,1350
H014,2027-03-05,12,1550
H014,2027-03-06,13,1500
H014,2027-03-07,18,1350
H014,2027-03-08,16,1350
H014,2027-03-09,18,1350
H014,2027-03-10,14,1350
H014,2027-03-11,14,1350
H014,2027-03-12,12,1550
H014,2027-03-13,11,1550
H014,2027-03-14,15,1350
H014,2027-03-15,16,1350
H014,2027-03-16,13,1350
H014,2027-03-17,16,1350
H014,2027-03-18,15,1350
H014,2027-03-19,11,1550
H014,2027-03-20,11,1550
H014,2027-03-21,16,1350
H014,2027-03-22,17,1350
H014,2027-03-23,15,1350
H014,2027-03-24,15,1350
H014,2027-03-25,15,1350
H014,2027-03-26,14,1500
H014,2027-03-27,15,1500
H014,2027-03-28,13,1400
H014,2027-03-29,14,1350
H014,2027-03-30,15,1350
H014,2027-03-31,17,1350
H015,2026-10-01,28,2800
H015,2026-10-02,17,3200
H015,2026-10-03,25,3100
H015,2026-10-04,29,2750
H015,2026-10-05,21,2850
H015,2026-10-06,21,2850
H015,2026-10-07,29,2750
H015,2026-10-08,22,2850
H015,2026-10-09,23,3100
H015,2026-10-10,20,3150
H015,2026-10-11,25,2800
H015,2026-10-12,27,2800
H015,2026-10-13,26,2800
H015,2026-10-14,27,2800
H015,2026-10-15,29,2750
H015,2026-10-16,22,3150
H015,2026-10-17,22,3150
H015,2026-10-18,26,2800
H015,2026-10-19,25,2800
H015,2026-10-20,23,2850
H015,2026-10-21,29,2750
H015,2026-10-22,30,2750
H015,2026-10-23,21,3150
H015,2026-10-24,22,3150
H015,2026-10-25,25,2800
H015,2026-10-26,27,2800
H015,2026-10-27,26,2800
H015,2026-10-28,27,2800
H015,2026-10-29,30,2750
H015,2026-10-30,25,3100
H015,2026-10-31,25,3100
H015,2026-11-01,12,3550
H015,2026-11-02,20,3450
H015,2026-11-03,20,3450
H015,2026-11-04,20,3450
H015,2026-11-05,13,3550
H015,2026-11-06,6,4450
H015,2026-11-07,2,4500
H015,2026-11-08,11,4100
H015,2026-11-09,3,4200
H015,2026-11-10,8,4150
H015,2026-11-11,11,3550
H015,2026-11-12,18,3500
H015,2026-11-13,9,3900
H015,2026-11-14,11,3850
H015,2026-11-15,17,3500
H015,2026-11-16,13,3550
H015,2026-11-17,11,3550
H015,2026-11-18,13,3550
H015,2026-11-19,12,3550
H015,2026-11-20,12,3850
H015,2026-11-21,9,3900
H015,2026-11-22,13,3550
H015,2026-11-23,12,3550
H015,2026-11-24,20,3450
H015,2026-11-25,19,3450
H015,2026-11-26,17,3500
H015,2026-11-27,12,3850
H015,2026-11-28,15,3800
H015,2026-11-29,19,3450
H015,2026-11-30,17,3500
H015,2026-12-01,15,3500
H015,2026-12-02,17,3500
H015,2026-12-03,14,3550
H015,2026-12-04,7,3900
H015,2026-12-05,9,3900
H015,2026-12-06,17,3500
H015,2026-12-07,20,3450
H015,2026-12-08,19,3450
H015,2026-12-09,15,3500
H015,2026-12-10,21,3450
H015,2026-12-11,13,3850
H015,2026-12-12,7,3900
H015,2026-12-13,16,3500
H015,2026-12-14,19,3450
H015,2026-12-15,17,3500
H015,2026-12-16,20,3450
H015,2026-12-17,17,3500
H015,2026-12-18,10,3850
H015,2026-12-19,7,3900
H015,2026-12-20,4,4200
H015,2026-12-21,8,4150
H015,2026-12-22,10,4100
H015,2026-12-23,12,4100
H015,2026-12-24,7,4150
H015,2026-12-25,1,4500
H015,2026-12-26,2,4500
H015,2026-12-27,5,4200
H015,2026-12-28,8,4150
H015,2026-12-29,10,4100
H015,2026-12-30,10,4100
H015,2026-12-31,11,4100
H015,2027-01-01,6,4450
H015,2027-01-02,1,4500
H015,2027-01-03,21,3450
H015,2027-01-04,19,3450
H015,2027-01-05,15,3500
H015,2027-01-06,14,3550
H015,2027-01-07,15,3500
H015,2027-01-08,9,3900
H015,2027-01-09,12,3850
H015,2027-01-10,20,3450
H015,2027-01-11,14,3550
H015,2027-01-12,14,3550
H015,2027-01-13,15,3500
H015,2027-01-14,18,3500
H015,2027-01-15,14,3800
H015,2027-01-16,11,3850
H015,2027-01-17,16,3500
H015,2027-01-18,12,3550
H015,2027-01-19,13,3550
H015,2027-01-20,20,3450
H015,2027-01-21,18,3500
H015,2027-01-22,9,3900
H015,2027-01-23,8,3900
H015,2027-01-24,13,3550
H015,2027-01-25,17,3500
H015,2027-01-26,12,3550
H015,2027-01-27,11,3550
H015,2027-01-28,19,3450
H015,2027-01-29,6,3900
H015,2027-01-30,12,3850
H015,2027-01-31,19,3450
H015,2027-02-01,18,3450
H015,2027-02-02,16,3500
H015,2027-02-03,20,3450
H015,2027-02-04,18,3500
H015,2027-02-05,14,3850
H015,2027-02-06,8,3900
H015,2027-02-07,15,3500
H015,2027-02-08,14,3550
H015,2027-02-09,11,3550
H015,2027-02-10,16,3500
H015,2027-02-11,20,3450
H015,2027-02-12,11,3850
H015,2027-02-13,13,3850
H015,2027-02-14,12,3550
H015,2027-02-15,20,3450
H015,2027-02-16,17,3500
H015,2027-02-17,16,3500
H015,2027-02-18,14,3550
H015,2027-02-19,15,3800
H015,2027-02-20,9,3900
H015,2027-02-21,14,3550
H015,2027-02-22,13,3550
H015,2027-02-23,16,3500
H015,2027-02-24,19,3450
H015,2027-02-25,11,3550
H015,2027-02-26,13,3850
H015,2027-02-27,7,3900
H015,2027-02-28,12,3550
H015,2027-03-01,21,2850
H015,2027-03-02,25,2800
H015,2027-03-03,21,2850
H015,2027-03-04,22,2850
H015,2027-03-05,19,3200
H015,2027-03-06,25,3100
H015,2027-03-07,28,2750
H015,2027-03-08,24,2800
H015,2027-03-09,28,2750
H015,2027-03-10,25,2800
H015,2027-03-11,28,2750
H015,2027-03-12,23,3150
H015,2027-03-13,18,3200
H015,2027-03-14,22,2850
H015,2027-03-15,26,2800
H015,2027-03-16,26,2800
H015,2027-03-17,23,2850
H015,2027-03-18,23,2850
H015,2027-03-19,21,3150
H015,2027-03-20,20,3150
H015,2027-03-21,23,2850
H015,2027-03-22,21,2850
H015,2027-03-23,27,2800
H015,2027-03-24,29,2750
H015,2027-03-25,23,2850
H015,2027-03-26,17,3200
H015,2027-03-27,23,3150
H015,2027-03-28,30,2750
H015,2027-03-29,26,2800
H015,2027-03-30,27,2800
H015,2027-03-31,26,2800
H016,2026-10-01,38,2900
H016,2026-10-02,24,3300
H016,2026-10-03,29,3250
H016,2026-10-04,32,2950
H016,2026-10-05,32,2950
H016,2026-10-06,37,2900
H016,2026-10-07,34,2900
H016,2026-10-08,39,2900
H016,2026-10-09,36,3200
H016,2026-10-10,36,3200
H016,2026-10-11,32,2950
H016,2026-10-12,34,2900
H016,2026-10-13,39,2900
H016,2026-10-14,42,2850
H016,2026-10-15,30,2950
H016,2026-10-16,31,3250
H016,2026-10-17,24,3300
H016,2026-10-18,41,2850
H016,2026-10-19,41,2850
H016,2026-10-20,38,2900
H016,2026-10-21,32,2950
H016,2026-10-22,42,2850
H016,2026-10-23,34,3250
H016,2026-10-24,36,3200
H016,2026-10-25,42,2850
H016,2026-10-26,30,2950
H016,2026-10-27,38,2900
H016,2026-10-28,34,2950
H016,2026-10-29,44,2850
H016,2026-10-30,35,3200
H016,2026-10-31,28,3300
H016,2026-11-01,21,3650
H016,2026-11-02,18,3650
H016,2026-11-03,16,3700
H016,2026-11-04,18,3700
H016,2026-11-05,18,3650
H016,2026-11-06,6,4600
H016,2026-11-07,2,4650
H016,2026-11-08,12,4250
H016,2026-11-09,16,4250
H016,2026-11-10,11,4300
H016,2026-11-11,23,3650
H016,2026-11-12,18,3700
H016,2026-11-13,23,3900
H016,2026-11-14,22,3950
H016,2026-11-15,30,3550
H016,2026-11-16,18,3700
H016,2026-11-17,28,3600
H016,2026-11-18,26,3600
H016,2026-11-19,29,3550
H016,2026-11-20,18,3950
H016,2026-11-21,17,4000
H016,2026-11-22,16,3700
H016,2026-11-23,23,3650
H016,2026-11-24,22,3650
H016,2026-11-25,22,3650
H016,2026-11-26,29,3550
H016,2026-11-27,20,3950
H016,2026-11-28,13,4000
H016,2026-11-29,24,3600
H016,2026-11-30,24,3600
H016,2026-12-01,17,3700
H016,2026-12-02,27,3600
H016,2026-12-03,23,3650
H016,2026-12-04,20,3950
H016,2026-12-05,19,3950
H016,2026-12-06,25,3600
H016,2026-12-07,17,3700
H016,2026-12-08,26,3600
H016,2026-12-09,22,3650
H016,2026-12-10,17,3700
H016,2026-12-11,10,4050
H016,2026-12-12,12,4050
H016,2026-12-13,30,3550
H016,2026-12-14,27,3600
H016,2026-12-15,16,3700
H016,2026-12-16,18,3650
H016,2026-12-17,23,3600
H016,2026-12-18,11,4050
H016,2026-12-19,18,4000
H016,2026-12-20,8,4300
H016,2026-12-21,3,4350
H016,2026-12-22,12,4250
H016,2026-12-23,16,4250
H016,2026-12-24,9,4300
H016,2026-12-25,2,4650
H016,2026-12-26,8,4600
H016,2026-12-27,14,4250
H016,2026-12-28,9,4300
H016,2026-12-29,9,4300
H016,2026-12-30,15,4250
H016,2026-12-31,3,4350
H016,2027-01-01,6,4650
H016,2027-01-02,2,4650
H016,2027-01-03,19,3650
H016,2027-01-04,16,3700
H016,2027-01-05,22,3650
H016,2027-01-06,22,3650
H016,2027-01-07,22,3650
H016,2027-01-08,18,3950
H016,2027-01-09,22,3950
H016,2027-01-10,24,3600
H016,2027-01-11,23,3650
H016,2027-01-12,27,3600
H016,2027-01-13,25,3600
H016,2027-01-14,26,3600
H016,2027-01-15,16,4000
H016,2027-01-16,16,4000
H016,2027-01-17,20,3650
H016,2027-01-18,23,3650
H016,2027-01-19,17,3700
H016,2027-01-20,27,3600
H016,2027-01-21,29,3550
H016,2027-01-22,23,3950
H016,2027-01-23,21,3950
H016,2027-01-24,20,3650
H016,2027-01-25,29,3550
H016,2027-01-26,29,3550
H016,2027-01-27,26,3600
H016,2027-01-28,27,3600
H016,2027-01-29,11,4050
H016,2027-01-30,12,4050
H016,2027-01-31,26,3600
H016,2027-02-01,19,3650
H016,2027-02-02,22,3650
H016,2027-02-03,26,3600
H016,2027-02-04,22,3650
H016,2027-02-05,14,4000
H016,2027-02-06,12,4050
H016,2027-02-07,26,3600
H016,2027-02-08,22,3650
H016,2027-02-09,27,3600
H016,2027-02-10,26,3600
H016,2027-02-11,17,3700
H016,2027-02-12,16,4000
H016,2027-02-13,10,4050
H016,2027-02-14,27,3600
H016,2027-02-15,23,3600
H016,2027-02-16,18,3700
H016,2027-02-17,18,3650
H016,2027-02-18,29,3550
H016,2027-02-19,11,4050
H016,2027-02-20,15,4000
H016,2027-02-21,27,3600
H016,2027-02-22,18,3650
H016,2027-02-23,29,3600
H016,2027-02-24,16,3700
H016,2027-02-25,18,3700
H016,2027-02-26,11,4050
H016,2027-02-27,10,4050
H016,2027-02-28,27,3600
H016,2027-03-01,34,2900
H016,2027-03-02,38,2900
H016,2027-03-03,41,2850
H016,2027-03-04,33,2950
H016,2027-03-05,29,3300
H016,2027-03-06,31,3250
H016,2027-03-07,35,2900
H016,2027-03-08,32,2950
H016,2027-03-09,36,2900
H016,2027-03-10,37,2900
H016,2027-03-11,35,2900
H016,2027-03-12,33,3250
H016,2027-03-13,33,3250
H016,2027-03-14,42,2850
H016,2027-03-15,33,2950
H016,2027-03-16,42,2850
H016,2027-03-17,39,2900
H016,2027-03-18,32,2950
H016,2027-03-19,37,3200
H016,2027-03-20,30,3250
H016,2027-03-21,39,2900
H016,2027-03-22,42,2850
H016,2027-03-23,40,2850
H016,2027-03-24,30,2950
H016,2027-03-25,40,2850
H016,2027-03-26,29,3250
H016,2027-03-27,32,3250
H016,2027-03-28,39,2900
H016,2027-03-29,39,2900
H016,2027-03-30,34,2900
H016,2027-03-31,42,2850
H017,2026-10-01,27,5950
H017,2026-10-02,22,6750
H017,2026-10-03,23,6700
H017,2026-10-04,23,6100
H017,2026-10-05,28,5950
H017,2026-10-06,26,6000
H017,2026-10-07,24,6050
H017,2026-10-08,29,5900
H017,2026-10-09,17,6850
H017,2026-10-10,21,6750
H017,2026-10-11,23,6100
H017,2026-10-12,26,6000
H017,2026-10-13,23,6050
H017,2026-10-14,22,6100
H017,2026-10-15,22,6100
H017,2026-10-16,17,6850
H017,2026-10-17,26,6600
H017,2026-10-18,27,6000
H017,2026-10-19,26,6000
H017,2026-10-20,29,5900
H017,2026-10-21,27,5950
H017,2026-10-22,28,5950
H017,2026-10-23,19,6800
H017,2026-10-24,23,6700
H017,2026-10-25,22,6100
H017,2026-10-26,26,6000
H017,2026-10-27,22,6100
H017,2026-10-28,25,6050
H017,2026-10-29,29,5900
H017,2026-10-30,21,6750
H017,2026-10-31,21,6750
H017,2026-11-01,13,7600
H017,2026-11-02,12,7600
H017,2026-11-03,15,7550
H017,2026-11-04,14,7550
H017,2026-11-05,18,7450
H017,2026-11-06,4,9550
H017,2026-11-07,1,9650
H017,2026-11-08,7,8850
H017,2026-11-09,9,8800
H017,2026-11-10,11,8750
H017,2026-11-11,17,7500
H017,2026-11-12,21,7350
H017,2026-11-13,11,8250
H017,2026-11-14,7,8400
H017,2026-11-15,16,7500
H017,2026-11-16,19,7400
H017,2026-11-17,14,7550
H017,2026-11-18,18,7450
H017,2026-11-19,12,7600
H017,2026-11-20,16,8150
H017,2026-11-21,9,8300
H017,2026-11-22,18,7450
H017,2026-11-23,18,7450
H017,2026-11-24,12,7600
H017,2026-11-25,13,7600
H017,2026-11-26,14,7550
H017,2026-11-27,8,8350
H017,2026-11-28,9,8300
H017,2026-11-29,15,7500
H017,2026-11-30,19,7400
H017,2026-12-01,13,7600
H017,2026-12-02,17,7500
H017,2026-12-03,13,7600
H017,2026-12-04,9,8300
H017,2026-12-05,9,8300
H017,2026-12-06,13,7600
H017,2026-12-07,19,7400
H017,2026-12-08,21,7400
H017,2026-12-09,21,7400
H017,2026-12-10,13,7600
H017,2026-12-11,12,8200
H017,2026-12-12,13,8200
H017,2026-12-13,14,7550
H017,2026-12-14,16,7500
H017,2026-12-15,17,7500
H017,2026-12-16,13,7600
H017,2026-12-17,13,7600
H017,2026-12-18,13,8200
H017,2026-12-19,13,8200
H017,2026-12-20,5,8900
H017,2026-12-21,5,8900
H017,2026-12-22,6,8900
H017,2026-12-23,7,8850
H017,2026-12-24,2,9000
H017,2026-12-25,1,9650
H017,2026-12-26,1,9650
H017,2026-12-27,10,8800
H017,2026-12-28,2,9000
H017,2026-12-29,5,8900
H017,2026-12-30,11,8750
H017,2026-12-31,2,9000
H017,2027-01-01,1,9650
H017,2027-01-02,2,9650
H017,2027-01-03,18,7450
H017,2027-01-04,11,7650
H017,2027-01-05,15,7500
H017,2027-01-06,14,7550
H017,2027-01-07,15,7550
H017,2027-01-08,9,8300
H017,2027-01-09,15,8150
H017,2027-01-10,13,7600
H017,2027-01-11,19,7450
H017,2027-01-12,12,7600
H017,2027-01-13,16,7500
H017,2027-01-14,18,7450
H017,2027-01-15,16,8150
H017,2027-01-16,7,8400
H017,2027-01-17,16,7500
H017,2027-01-18,13,7600
H017,2027-01-19,14,7550
H017,2027-01-20,15,7550
H017,2027-01-21,15,7500
H017,2027-01-22,14,8200
H017,2027-01-23,15,8150
H017,2027-01-24,14,7550
H017,2027-01-25,17,7500
H017,2027-01-26,16,7500
H017,2027-01-27,16,7500
H017,2027-01-28,13,7600
H017,2027-01-29,13,8200
H017,2027-01-30,8,8350
H017,2027-01-31,16,7500
H017,2027-02-01,14,7550
H017,2027-02-02,19,7400
H017,2027-02-03,18,7450
H017,2027-02-04,12,7600
H017,2027-02-05,16,8150
H017,2027-02-06,7,8350
H017,2027-02-07,16,7500
H017,2027-02-08,18,7450
H017,2027-02-09,16,7500
H017,2027-02-10,15,7550
H017,2027-02-11,12,7600
H017,2027-02-12,13,8200
H017,2027-02-13,10,8300
H017,2027-02-14,21,7350
H017,2027-02-15,16,7500
H017,2027-02-16,17,7500
H017,2027-02-17,15,7550
H017,2027-02-18,12,7600
H017,2027-02-19,7,8350
H017,2027-02-20,7,8350
H017,2027-02-21,16,7500
H017,2027-02-22,17,7450
H017,2027-02-23,13,7600
H017,2027-02-24,15,7550
H017,2027-02-25,12,7600
H017,2027-02-26,16,8150
H017,2027-02-27,10,8300
H017,2027-02-28,14,7550
H017,2027-03-01,29,5900
H017,2027-03-02,31,5850
H017,2027-03-03,27,5950
H017,2027-03-04,27,5950
H017,2027-03-05,27,6600
H017,2027-03-06,18,6800
H017,2027-03-07,27,5950
H017,2027-03-08,25,6050
H017,2027-03-09,21,6100
H017,2027-03-10,29,5900
H017,2027-03-11,31,5850
H017,2027-03-12,22,6700
H017,2027-03-13,24,6650
H017,2027-03-14,23,6050
H017,2027-03-15,22,6100
H017,2027-03-16,21,6100
H017,2027-03-17,23,6050
H017,2027-03-18,25,6050
H017,2027-03-19,21,6750
H017,2027-03-20,25,6650
H017,2027-03-21,28,5950
H017,2027-03-22,30,5900
H017,2027-03-23,29,5900
H017,2027-03-24,24,6050
H017,2027-03-25,27,6000
H017,2027-03-26,24,6650
H017,2027-03-27,17,6850
H017,2027-03-28,24,6050
H017,2027-03-29,23,6050
H017,2027-03-30,27,6000
H017,2027-03-31,25,6000
H018,2026-10-01,71,5200
H018,2026-10-02,52,5900
H018,2026-10-03,45,5950
H018,2026-10-04,72,5150
H018,2026-10-05,78,5100
H018,2026-10-06,70,5200
H018,2026-10-07,62,5250
H018,2026-10-08,58,5300
H018,2026-10-09,51,5900
H018,2026-10-10,57,5850
H018,2026-10-11,77,5150
H018,2026-10-12,79,5100
H018,2026-10-13,75,5150
H018,2026-10-14,77,5100
H018,2026-10-15,79,5100
H018,2026-10-16,43,6000
H018,2026-10-17,56,5850
H018,2026-10-18,55,5350
H018,2026-10-19,69,5200
H018,2026-10-20,77,5150
H018,2026-10-21,67,5200
H018,2026-10-22,78,5100
H018,2026-10-23,64,5800
H018,2026-10-24,44,5950
H018,2026-10-25,74,5150
H018,2026-10-26,67,5200
H018,2026-10-27,76,5150
H018,2026-10-28,73,5150
H018,2026-10-29,75,5150
H018,2026-10-30,47,5950
H018,2026-10-31,46,5950
H018,2026-11-01,32,6600
H018,2026-11-02,35,6600
H018,2026-11-03,50,6450
H018,2026-11-04,43,6500
H018,2026-11-05,30,6650
H018,2026-11-06,4,8400
H018,2026-11-07,4,8400
H018,2026-11-08,19,7700
H018,2026-11-09,30,7600
H018,2026-11-10,14,7750
H018,2026-11-11,34,6600
H018,2026-11-12,44,6500
H018,2026-11-13,38,7100
H018,2026-11-14,42,7050
H018,2026-11-15,49,6450
H018,2026-11-16,31,6650
H018,2026-11-17,42,6550
H018,2026-11-18,31,6650
H018,2026-11-19,53,6450
H018,2026-11-20,41,7050
H018,2026-11-21,19,7250
H018,2026-11-22,28,6650
H018,2026-11-23,44,6500
H018,2026-11-24,29,6650
H018,2026-11-25,36,6600
H018,2026-11-26,30,6650
H018,2026-11-27,23,7250
H018,2026-11-28,21,7250
H018,2026-11-29,39,6550
H018,2026-11-30,31,6650
H018,2026-12-01,38,6550
H018,2026-12-02,53,6450
H018,2026-12-03,52,6450
H018,2026-12-04,31,7150
H018,2026-12-05,21,7250
H018,2026-12-06,36,6600
H018,2026-12-07,50,6450
H018,2026-12-08,31,6650
H018,2026-12-09,50,6450
H018,2026-12-10,41,6550
H018,2026-12-11,20,7250
H018,2026-12-12,17,7300
H018,2026-12-13,30,6650
H018,2026-12-14,31,6650
H018,2026-12-15,29,6650
H018,2026-12-16,50,6450
H018,2026-12-17,43,6500
H018,2026-12-18,35,7150
H018,2026-12-19,30,7200
H018,2026-12-20,24,7650
H018,2026-12-21,30,7600
H018,2026-12-22,25,7650
H018,2026-12-23,10,7800
H018,2026-12-24,22,7700
H018,2026-12-25,4,8400
H018,2026-12-26,18,8250
H018,2026-12-27,7,7800
H018,2026-12-28,30,7600
H018,2026-12-29,15,7750
H018,2026-12-30,21,7700
H018,2026-12-31,25,7650
H018,2027-01-01,4,8400
H018,2027-01-02,16,8300
H018,2027-01-03,48,6450
H018,2027-01-04,48,6450
H018,2027-01-05,47,6500
H018,2027-01-06,43,6500
H018,2027-01-07,52,6450
H018,2027-01-08,21,7250
H018,2027-01-09,27,7200
H018,2027-01-10,40,6550
H018,2027-01-11,35,6600
H018,2027-01-12,29,6650
H018,2027-01-13,48,6500
H018,2027-01-14,29,6650
H018,2027-01-15,25,7250
H018,2027-01-16,33,7150
H018,2027-01-17,43,6500
H018,2027-01-18,31,6650
H018,2027-01-19,32,6600
H018,2027-01-20,31,6650
H018,2027-01-21,52,6450
H018,2027-01-22,25,7200
H018,2027-01-23,26,7200
H018,2027-01-24,43,6500
H018,2027-01-25,35,6600
H018,2027-01-26,50,6450
H018,2027-01-27,38,6550
H018,2027-01-28,52,6450
H018,2027-01-29,42,7050
H018,2027-01-30,38,7100
H018,2027-01-31,37,6550
H018,2027-02-01,50,6450
H018,2027-02-02,32,6600
H018,2027-02-03,53,6450
H018,2027-02-04,31,6650
H018,2027-02-05,33,7150
H018,2027-02-06,26,7200
H018,2027-02-07,44,6500
H018,2027-02-08,43,6500
H018,2027-02-09,29,6650
H018,2027-02-10,50,6450
H018,2027-02-11,43,6500
H018,2027-02-12,18,7300
H018,2027-02-13,25,7200
H018,2027-02-14,31,6650
H018,2027-02-15,42,6550
H018,2027-02-16,46,6500
H018,2027-02-17,43,6500
H018,2027-02-18,37,6600
H018,2027-02-19,19,7250
H018,2027-02-20,33,7150
H018,2027-02-21,36,6600
H018,2027-02-22,46,6500
H018,2027-02-23,44,6500
H018,2027-02-24,35,6600
H018,2027-02-25,49,6450
H018,2027-02-26,17,7300
H018,2027-02-27,20,7250
H018,2027-02-28,43,6500
H018,2027-03-01,58,5300
H018,2027-03-02,61,5250
H018,2027-03-03,75,5150
H018,2027-03-04,76,5150
H018,2027-03-05,59,5850
H018,2027-03-06,63,5800
H018,2027-03-07,67,5200
H018,2027-03-08,72,5150
H018,2027-03-09,56,5300
H018,2027-03-10,55,5350
H018,2027-03-11,71,5200
H018,2027-03-12,50,5900
H018,2027-03-13,43,6000
H018,2027-03-14,65,5250
H018,2027-03-15,57,5300
H018,2027-03-16,63,5250
H018,2027-03-17,75,5150
H018,2027-03-18,69,5200
H018,2027-03-19,60,5800
H018,2027-03-20,65,5750
H018,2027-03-21,58,5300
H018,2027-03-22,71,5200
H018,2027-03-23,79,5100
H018,2027-03-24,77,5150
H018,2027-03-25,62,5250
H018,2027-03-26,44,5950
H018,2027-03-27,57,5850
H018,2027-03-28,68,5200
H018,2027-03-29,57,5300
H018,2027-03-30,63,5250
H018,2027-03-31,58,5300
H019,2026-10-01,16,3400
H019,2026-10-02,10,3750
H019,2026-10-03,9,3750
H019,2026-10-04,22,3350
H019,2026-10-05,22,3350
H019,2026-10-06,16,3400
H019,2026-10-07,19,3350
H019,2026-10-08,21,3350
H019,2026-10-09,15,3700
H019,2026-10-10,17,3650
H019,2026-10-11,19,3350
H019,2026-10-12,17,3400
H019,2026-10-13,14,3400
H019,2026-10-14,20,3350
H019,2026-10-15,20,3350
H019,2026-10-16,16,3700
H019,2026-10-17,15,3700
H019,2026-10-18,12,3450
H019,2026-10-19,13,3450
H019,2026-10-20,21,3350
H019,2026-10-21,20,3350
H019,2026-10-22,19,3350
H019,2026-10-23,7,3800
H019,2026-10-24,11,3750
H019,2026-10-25,14,3450
H019,2026-10-26,14,3400
H019,2026-10-27,20,3350
H019,2026-10-28,15,3400
H019,2026-10-29,22,3350
H019,2026-10-30,13,3700
H019,2026-10-31,9,3750
H019,2026-11-01,16,3400
H019,2026-11-02,17,3400
H019,2026-11-03,12,3450
H019,2026-11-04,18,3400
H019,2026-11-05,19,3350
H019,2026-11-06,2,4350
H019,2026-11-07,2,4350
H019,2026-11-08,11,3950
H019,2026-11-09,6,4000
H019,2026-11-10,8,4000
H019,2026-11-11,13,3450
H019,2026-11-12,14,3400
H019,2026-11-13,8,3750
H019,2026-11-14,10,3750
H019,2026-11-15,14,3400
H019,2026-11-16,14,3400
H019,2026-11-17,22,3350
H019,2026-11-18,20,3350
H019,2026-11-19,13,3450
H019,2026-11-20,9,3750
H019,2026-11-21,7,3800
H019,2026-11-22,13,3450
H019,2026-11-23,21,3350
H019,2026-11-24,19,3350
H019,2026-11-25,21,3350
H019,2026-11-26,15,3400
H019,2026-11-27,15,3700
H019,2026-11-28,12,3750
H019,2026-11-29,13,3450
H019,2026-11-30,18,3400
H019,2026-12-01,22,3350
H019,2026-12-02,13,3450
H019,2026-12-03,20,3350
H019,2026-12-04,12,3750
H019,2026-12-05,12,3750
H019,2026-12-06,15,3400
H019,2026-12-07,19,3350
H019,2026-12-08,17,3400
H019,2026-12-09,18,3400
H019,2026-12-10,20,3350
H019,2026-12-11,16,3700
H019,2026-12-12,13,3700
H019,2026-12-13,16,3400
H019,2026-12-14,12,3450
H019,2026-12-15,13,3450
H019,2026-12-16,18,3400
H019,2026-12-17,12,3450
H019,2026-12-18,14,3700
H019,2026-12-19,16,3700
H019,2026-12-20,5,4050
H019,2026-12-21,3,4050
H019,2026-12-22,7,4000
H019,2026-12-23,6,4000
H019,2026-12-24,3,4050
H019,2026-12-25,1,4350
H019,2026-12-26,1,4350
H019,2026-12-27,10,3950
H019,2026-12-28,12,3950
H019,2026-12-29,3,4050
H019,2026-12-30,2,4050
H019,2026-12-31,6,4000
H019,2027-01-01,1,4350
H019,2027-01-02,5,4300
H019,2027-01-03,14,3450
H019,2027-01-04,12,3450
H019,2027-01-05,16,3400
H019,2027-01-06,13,3450
H019,2027-01-07,20,3350
H019,2027-01-08,10,3750
H019,2027-01-09,16,3700
H019,2027-01-10,17,3400
H019,2027-01-11,15,3400
H019,2027-01-12,18,3350
H019,2027-01-13,19,3350
H019,2027-01-14,12,3450
H019,2027-01-15,10,3750
H019,2027-01-16,13,3700
H019,2027-01-17,19,3350
H019,2027-01-18,17,3400
H019,2027-01-19,15,3400
H019,2027-01-20,22,3350
H019,2027-01-21,21,3350
H019,2027-01-22,13,3700
H019,2027-01-23,13,3700
H019,2027-01-24,16,3400
H019,2027-01-25,16,3400
H019,2027-01-26,22,3350
H019,2027-01-27,13,3450
H019,2027-01-28,15,3400
H019,2027-01-29,16,3700
H019,2027-01-30,17,3650
H019,2027-01-31,18,3400
H019,2027-02-01,14,3450
H019,2027-02-02,21,3350
H019,2027-02-03,16,3400
H019,2027-02-04,12,3450
H019,2027-02-05,10,3750
H019,2027-02-06,11,3750
H019,2027-02-07,21,3350
H019,2027-02-08,12,3450
H019,2027-02-09,13,3450
H019,2027-02-10,14,3400
H019,2027-02-11,17,3400
H019,2027-02-12,7,3800
H019,2027-02-13,13,3700
H019,2027-02-14,22,3350
H019,2027-02-15,18,3400
H019,2027-02-16,17,3400
H019,2027-02-17,18,3400
H019,2027-02-18,22,3350
H019,2027-02-19,15,3700
H019,2027-02-20,7,3800
H019,2027-02-21,19,3350
H019,2027-02-22,16,3400
H019,2027-02-23,13,3450
H019,2027-02-24,21,3350
H019,2027-02-25,20,3350
H019,2027-02-26,17,3650
H019,2027-02-27,8,3800
H019,2027-02-28,16,3400
H019,2027-03-01,18,3400
H019,2027-03-02,15,3400
H019,2027-03-03,14,3400
H019,2027-03-04,15,3400
H019,2027-03-05,17,3650
H019,2027-03-06,10,3750
H019,2027-03-07,17,3400
H019,2027-03-08,20,3350
H019,2027-03-09,16,3400
H019,2027-03-10,14,3400
H019,2027-03-11,17,3400
H019,2027-03-12,7,3800
H019,2027-03-13,11,3750
H019,2027-03-14,16,3400
H019,2027-03-15,13,3450
H019,2027-03-16,17,3400
H019,2027-03-17,22,3350
H019,2027-03-18,12,3450
H019,2027-03-19,7,3800
H019,2027-03-20,7,3800
H019,2027-03-21,19,3350
H019,2027-03-22,18,3400
H019,2027-03-23,12,3450
H019,2027-03-24,19,3350
H019,2027-03-25,19,3350
H019,2027-03-26,12,3750
H019,2027-03-27,12,3700
H019,2027-03-28,16,3400
H019,2027-03-29,14,3400
H019,2027-03-30,20,3350
H019,2027-03-31,12,3450
H020,2026-10-01,36,4800
H020,2026-10-02,28,5250
H020,2026-10-03,37,5200
H020,2026-10-04,41,4800
H020,2026-10-05,48,4750
H020,2026-10-06,40,4800
H020,2026-10-07,67,4650
H020,2026-10-08,64,4650
H020,2026-10-09,35,5200
H020,2026-10-10,41,5150
H020,2026-10-11,45,4750
H020,2026-10-12,46,4750
H020,2026-10-13,47,4750
H020,2026-10-14,55,4700
H020,2026-10-15,69,4650
H020,2026-10-16,36,5200
H020,2026-10-17,22,5250
H020,2026-10-18,68,4650
H020,2026-10-19,68,4650
H020,2026-10-20,53,4700
H020,2026-10-21,45,4750
H020,2026-10-22,47,4750
H020,2026-10-23,27,5250
H020,2026-10-24,22,5250
H020,2026-10-25,66,4650
H020,2026-10-26,67,4650
H020,2026-10-27,69,4650
H020,2026-10-28,60,4700
H020,2026-10-29,36,4800
H020,2026-10-30,21,5250
H020,2026-10-31,33,5200
H020,2026-11-01,47,4750
H020,2026-11-02,66,4650
H020,2026-11-03,43,4750
H020,2026-11-04,40,4800
H020,2026-11-05,42,4750
H020,2026-11-06,5,6050
H020,2026-11-07,5,6050
H020,2026-11-08,26,5550
H020,2026-11-09,18,5600
H020,2026-11-10,14,5600
H020,2026-11-11,46,4750
H020,2026-11-12,51,4750
H020,2026-11-13,22,5250
H020,2026-11-14,29,5250
H020,2026-11-15,44,4750
H020,2026-11-16,43,4750
H020,2026-11-17,55,4700
H020,2026-11-18,45,4750
H020,2026-11-19,36,4800
H020,2026-11-20,51,5100
H020,2026-11-21,37,5200
H020,2026-11-22,42,4750
H020,2026-11-23,69,4650
H020,2026-11-24,38,4800
H020,2026-11-25,60,4700
H020,2026-11-26,52,4700
H020,2026-11-27,44,5150
H020,2026-11-28,53,5100
H020,2026-11-29,55,4700
H020,2026-11-30,41,4800
H020,2026-12-01,43,4750
H020,2026-12-02,40,4800
H020,2026-12-03,58,4700
H020,2026-12-04,46,5150
H020,2026-12-05,26,5250
H020,2026-12-06,48,4750
H020,2026-12-07,54,4700
H020,2026-12-08,45,4750
H020,2026-12-09,39,4800
H020,2026-12-10,61,4650
H020,2026-12-11,24,5250
H020,2026-12-12,42,5150
H020,2026-12-13,56,4700
H020,2026-12-14,42,4750
H020,2026-12-15,39,4800
H020,2026-12-16,38,4800
H020,2026-12-17,47,4750
H020,2026-12-18,33,5200
H020,2026-12-19,31,5200
H020,2026-12-20,22,5600
H020,2026-12-21,23,5600
H020,2026-12-22,13,5650
H020,2026-12-23,21,5600
H020,2026-12-24,31,5550
H020,2026-12-25,5,6050
H020,2026-12-26,7,6050
H020,2026-12-27,31,5550
H020,2026-12-28,15,5600
H020,2026-12-29,13,5650
H020,2026-12-30,26,5550
H020,2026-12-31,17,5600
H020,2027-01-01,7,6050
H020,2027-01-02,17,6000
H020,2027-01-03,63,4650
H020,2027-01-04,61,4650
H020,2027-01-05,40,4800
H020,2027-01-06,44,4750
H020,2027-01-07,47,4750
H020,2027-01-08,29,5250
H020,2027-01-09,46,5150
H020,2027-01-10,59,4700
H020,2027-01-11,68,4650
H020,2027-01-12,43,4750
H020,2027-01-13,49,4750
H020,2027-01-14,68,4650
H020,2027-01-15,22,5250
H020,2027-01-16,36,5200
H020,2027-01-17,52,4700
H020,2027-01-18,65,4650
H020,2027-01-19,43,4750
H020,2027-01-20,62,4650
H020,2027-01-21,60,4700
H020,2027-01-22,30,5200
H020,2027-01-23,24,5250
H020,2027-01-24,62,4650
H020,2027-01-25,42,4750
H020,2027-01-26,62,4650
H020,2027-01-27,66,4650
H020,2027-01-28,46,4750
H020,2027-01-29,39,5200
H020,2027-01-30,38,5200
H020,2027-01-31,48,4750
H020,2027-02-01,66,4650
H020,2027-02-02,45,4750
H020,2027-02-03,64,4650
H020,2027-02-04,50,4750
H020,2027-02-05,37,5200
H020,2027-02-06,26,5250
H020,2027-02-07,64,4650
H020,2027-02-08,50,4750
H020,2027-02-09,40,4800
H020,2027-02-10,42,4800
H020,2027-02-11,51,4750
H020,2027-02-12,32,5200
H020,2027-02-13,44,5150
H020,2027-02-14,59,4700
H020,2027-02-15,49,4750
H020,2027-02-16,61,4650
H020,2027-02-17,65,4650
H020,2027-02-18,42,4750
H020,2027-02-19,24,5250
H020,2027-02-20,28,5250
H020,2027-02-21,40,4800
H020,2027-02-22,58,4700
H020,2027-02-23,60,4700
H020,2027-02-24,41,4800
H020,2027-02-25,46,4750
H020,2027-02-26,39,5200
H020,2027-02-27,37,5200
H020,2027-02-28,46,4750
H020,2027-03-01,60,4700
H020,2027-03-02,44,4750
H020,2027-03-03,39,4800
H020,2027-03-04,49,4750
H020,2027-03-05,46,5150
H020,2027-03-06,31,5200
H020,2027-03-07,61,4700
H020,2027-03-08,66,4650
H020,2027-03-09,56,4700
H020,2027-03-10,69,4650
H020,2027-03-11,68,4650
H020,2027-03-12,52,5100
H020,2027-03-13,42,5150
H020,2027-03-14,52,4700
H020,2027-03-15,42,4800
H020,2027-03-16,47,4750
H020,2027-03-17,42,4750
H020,2027-03-18,63,4650
H020,2027-03-19,29,5250
H020,2027-03-20,21,5250
H020,2027-03-21,59,4700
H020,2027-03-22,42,4750
H020,2027-03-23,48,4750
H020,2027-03-24,64,4650
H020,2027-03-25,67,4650
H020,2027-03-26,27,5250
H020,2027-03-27,29,5250
H020,2027-03-28,57,4700
H020,2027-03-29,52,4700
H020,2027-03-30,65,4650
H020,2027-03-31,46,4750
H021,2026-10-01,9,1800
H021,2026-10-02,7,1950
H021,2026-10-03,3,2000
H021,2026-10-04,6,1850
H021,2026-10-05,8,1800
H021,2026-10-06,8,1800
H021,2026-10-07,8,1800
H021,2026-10-08,8,1800
H021,2026-10-09,5,2000
H021,2026-10-10,3,2000
H021,2026-10-11,8,1800
H021,2026-10-12,10,1800
H021,2026-10-13,7,1800
H021,2026-10-14,5,1850
H021,2026-10-15,9,1800
H021,2026-10-16,7,1950
H021,2026-10-17,6,2000
H021,2026-10-18,9,1800
H021,2026-10-19,7,1850
H021,2026-10-20,6,1850
H021,2026-10-21,7,1800
H021,2026-10-22,6,1850
H021,2026-10-23,6,2000
H021,2026-10-24,3,2050
H021,2026-10-25,9,1800
H021,2026-10-26,6,1850
H021,2026-10-27,6,1850
H021,2026-10-28,7,1800
H021,2026-10-29,8,1800
H021,2026-10-30,5,2000
H021,2026-10-31,7,1950
H021,2026-11-01,10,1800
H021,2026-11-02,8,1800
H021,2026-11-03,6,1850
H021,2026-11-04,7,1800
H021,2026-11-05,6,1850
H021,2026-11-06,1,2350
H021,2026-11-07,2,2300
H021,2026-11-08,4,2150
H021,2026-11-09,5,2100
H021,2026-11-10,3,2150
H021,2026-11-11,10,1800
H021,2026-11-12,7,1800
H021,2026-11-13,7,1950
H021,2026-11-14,5,2000
H021,2026-11-15,8,1800
H021,2026-11-16,5,1850
H021,2026-11-17,6,1850
H021,2026-11-18,9,1800
H021,2026-11-19,7,1800
H021,2026-11-20,7,1950
H021,2026-11-21,3,2000
H021,2026-11-22,6,1850
H021,2026-11-23,8,1800
H021,2026-11-24,5,1850
H021,2026-11-25,7,1850
H021,2026-11-26,7,1800
H021,2026-11-27,5,2000
H021,2026-11-28,6,2000
H021,2026-11-29,7,1800
H021,2026-11-30,8,1800
H021,2026-12-01,9,1800
H021,2026-12-02,6,1850
H021,2026-12-03,9,1800
H021,2026-12-04,5,2000
H021,2026-12-05,3,2000
H021,2026-12-06,8,1800
H021,2026-12-07,6,1850
H021,2026-12-08,6,1850
H021,2026-12-09,9,1800
H021,2026-12-10,8,1800
H021,2026-12-11,6,2000
H021,2026-12-12,4,2000
H021,2026-12-13,7,1800
H021,2026-12-14,7,1800
H021,2026-12-15,8,1800
H021,2026-12-16,7,1800
H021,2026-12-17,9,1800
H021,2026-12-18,7,1950
H021,2026-12-19,3,2050
H021,2026-12-20,3,2150
H021,2026-12-21,2,2150
H021,2026-12-22,4,2150
H021,2026-12-23,2,2150
H021,2026-12-24,1,2150
H021,2026-12-25,2,2300
H021,2026-12-26,3,2300
H021,2026-12-27,2,2150
H021,2026-12-28,2,2150
H021,2026-12-29,4,2150
H021,2026-12-30,4,2150
H021,2026-12-31,5,2100
H021,2027-01-01,1,2300
H021,2027-01-02,3,2300
H021,2027-01-03,8,1800
H021,2027-01-04,7,1800
H021,2027-01-05,10,1800
H021,2027-01-06,8,1800
H021,2027-01-07,8,1800
H021,2027-01-08,4,2000
H021,2027-01-09,6,2000
H021,2027-01-10,9,1800
H021,2027-01-11,9,1800
H021,2027-01-12,8,1800
H021,2027-01-13,6,1850
H021,2027-01-14,8,1800
H021,2027-01-15,4,2000
H021,2027-01-16,5,2000
H021,2027-01-17,9,1800
H021,2027-01-18,8,1800
H021,2027-01-19,5,1850
H021,2027-01-20,8,1800
H021,2027-01-21,8,1800
H021,2027-01-22,3,2050
H021,2027-01-23,6,2000
H021,2027-01-24,6,1850
H021,2027-01-25,5,1850
H021,2027-01-26,9,1800
H021,2027-01-27,7,1800
H021,2027-01-28,7,1800
H021,2027-01-29,3,2000
H021,2027-01-30,3,2000
H021,2027-01-31,5,1850
H021,2027-02-01,7,1800
H021,2027-02-02,9,1800
H021,2027-02-03,8,1800
H021,2027-02-04,6,1850
H021,2027-02-05,6,2000
H021,2027-02-06,5,2000
H021,2027-02-07,9,1800
H021,2027-02-08,6,1850
H021,2027-02-09,8,1800
H021,2027-02-10,8,1800
H021,2027-02-11,9,1800
H021,2027-02-12,5,2000
H021,2027-02-13,6,2000
H021,2027-02-14,9,1800
H021,2027-02-15,6,1850
H021,2027-02-16,7,1800
H021,2027-02-17,7,1800
H021,2027-02-18,5,1850
H021,2027-02-19,6,2000
H021,2027-02-20,3,2000
H021,2027-02-21,8,1800
H021,2027-02-22,9,1800
H021,2027-02-23,9,1800
H021,2027-02-24,8,1800
H021,2027-02-25,6,1850
H021,2027-02-26,5,2000
H021,2027-02-27,3,2000
H021,2027-02-28,9,1800
H021,2027-03-01,9,1800
H021,2027-03-02,9,1800
H021,2027-03-03,8,1800
H021,2027-03-04,7,1850
H021,2027-03-05,7,1950
H021,2027-03-06,3,2000
H021,2027-03-07,8,1800
H021,2027-03-08,8,1800
H021,2027-03-09,6,1850
H021,2027-03-10,9,1800
H021,2027-03-11,5,1850
H021,2027-03-12,4,2000
H021,2027-03-13,6,2000
H021,2027-03-14,6,1850
H021,2027-03-15,10,1800
H021,2027-03-16,7,1800
H021,2027-03-17,5,1850
H021,2027-03-18,8,1800
H021,2027-03-19,6,2000
H021,2027-03-20,3,2000
H021,2027-03-21,9,1800
H021,2027-03-22,8,1800
H021,2027-03-23,8,1800
H021,2027-03-24,7,1800
H021,2027-03-25,9,1800
H021,2027-03-26,4,2000
H021,2027-03-27,4,2000
H021,2027-03-28,7,1800
H021,2027-03-29,8,1800
H021,2027-03-30,7,1800
H021,2027-03-31,8,1800
H022,2026-10-01,10,1050
H022,2026-10-02,5,1200
H022,2026-10-03,5,1200
H022,2026-10-04,6,1100
H022,2026-10-05,6,1100
H022,2026-10-06,10,1050
H022,2026-10-07,7,1100
H022,2026-10-08,9,1100
H022,2026-10-09,7,1200
H022,2026-10-10,7,1200
H022,2026-10-11,8,1100
H022,2026-10-12,6,1100
H022,2026-10-13,7,1100
H022,2026-10-14,8,1100
H022,2026-10-15,9,1100
H022,2026-10-16,4,1200
H022,2026-10-17,8,1200
H022,2026-10-18,8,1100
H022,2026-10-19,7,1100
H022,2026-10-20,10,1050
H022,2026-10-21,7,1100
H022,2026-10-22,9,1100
H022,2026-10-23,8,1200
H022,2026-10-24,5,1200
H022,2026-10-25,7,1100
H022,2026-10-26,6,1100
H022,2026-10-27,10,1050
H022,2026-10-28,6,1100
H022,2026-10-29,6,1100
H022,2026-10-30,3,1200
H022,2026-10-31,7,1200
H022,2026-11-01,9,1100
H022,2026-11-02,10,1050
H022,2026-11-03,6,1100
H022,2026-11-04,10,1050
H022,2026-11-05,7,1100
H022,2026-11-06,1,1400
H022,2026-11-07,2,1400
H022,2026-11-08,3,1300
H022,2026-11-09,5,1250
H022,2026-11-10,2,1300
H022,2026-11-11,7,1100
H022,2026-11-12,7,1100
H022,2026-11-13,5,1200
H022,2026-11-14,4,1200
H022,2026-11-15,10,1050
H022,2026-11-16,7,1100
H022,2026-11-17,8,1100
H022,2026-11-18,8,1100
H022,2026-11-19,9,1050
H022,2026-11-20,4,1200
H022,2026-11-21,5,1200
H022,2026-11-22,9,1100
H022,2026-11-23,6,1100
H022,2026-11-24,9,1100
H022,2026-11-25,8,1100
H022,2026-11-26,8,1100
H022,2026-11-27,7,1200
H022,2026-11-28,5,1200
H022,2026-11-29,8,1100
H022,2026-11-30,9,1100
H022,2026-12-01,7,1100
H022,2026-12-02,8,1100
H022,2026-12-03,10,1050
H022,2026-12-04,6,1200
H022,2026-12-05,7,1200
H022,2026-12-06,10,1050
H022,2026-12-07,7,1100
H022,2026-12-08,7,1100
H022,2026-12-09,6,1100
H022,2026-12-10,5,1100
H022,2026-12-11,7,1200
H022,2026-12-12,6,1200
H022,2026-12-13,7,1100
H022,2026-12-14,7,1100
H022,2026-12-15,7,1100
H022,2026-12-16,6,1100
H022,2026-12-17,7,1100
H022,2026-12-18,5,1200
H022,2026-12-19,6,1200
H022,2026-12-20,3,1300
H022,2026-12-21,5,1250
H022,2026-12-22,2,1300
H022,2026-12-23,4,1300
H022,2026-12-24,4,1300
H022,2026-12-25,1,1400
H022,2026-12-26,2,1400
H022,2026-12-27,2,1300
H022,2026-12-28,2,1300
H022,2026-12-29,6,1250
H022,2026-12-30,4,1300
H022,2026-12-31,2,1300
H022,2027-01-01,1,1400
H022,2027-01-02,3,1400
H022,2027-01-03,8,1100
H022,2027-01-04,7,1100
H022,2027-01-05,7,1100
H022,2027-01-06,7,1100
H022,2027-01-07,8,1100
H022,2027-01-08,5,1200
H022,2027-01-09,7,1200
H022,2027-01-10,7,1100
H022,2027-01-11,6,1100
H022,2027-01-12,10,1050
H022,2027-01-13,6,1100
H022,2027-01-14,6,1100
H022,2027-01-15,7,1200
H022,2027-01-16,6,1200
H022,2027-01-17,6,1100
H022,2027-01-18,10,1050
H022,2027-01-19,7,1100
H022,2027-01-20,9,1100
H022,2027-01-21,8,1100
H022,2027-01-22,7,1200
H022,2027-01-23,3,1200
H022,2027-01-24,6,1100
H022,2027-01-25,6,1100
H022,2027-01-26,10,1050
H022,2027-01-27,9,1100
H022,2027-01-28,9,1100
H022,2027-01-29,7,1200
H022,2027-01-30,5,1200
H022,2027-01-31,7,1100
H022,2027-02-01,10,1050
H022,2027-02-02,5,1100
H022,2027-02-03,7,1100
H022,2027-02-04,8,1100
H022,2027-02-05,4,1200
H022,2027-02-06,6,1200
H022,2027-02-07,8,1100
H022,2027-02-08,6,1100
H022,2027-02-09,7,1100
H022,2027-02-10,9,1100
H022,2027-02-11,8,1100
H022,2027-02-12,8,1200
H022,2027-02-13,5,1200
H022,2027-02-14,6,1100
H022,2027-02-15,9,1100
H022,2027-02-16,10,1050
H022,2027-02-17,6,1100
H022,2027-02-18,8,1100
H022,2027-02-19,4,1200
H022,2027-02-20,5,1200
H022,2027-02-21,9,1100
H022,2027-02-22,6,1100
H022,2027-02-23,8,1100
H022,2027-02-24,8,1100
H022,2027-02-25,9,1100
H022,2027-02-26,4,1200
H022,2027-02-27,4,1200
H022,2027-02-28,9,1100
H022,2027-03-01,8,1100
H022,2027-03-02,6,1100
H022,2027-03-03,8,1100
H022,2027-03-04,10,1050
H022,2027-03-05,4,1200
H022,2027-03-06,4,1200
H022,2027-03-07,7,1100
H022,2027-03-08,6,1100
H022,2027-03-09,7,1100
H022,2027-03-10,10,1050
H022,2027-03-11,9,1100
H022,2027-03-12,4,1200
H022,2027-03-13,3,1200
H022,2027-03-14,8,1100
H022,2027-03-15,5,1100
H022,2027-03-16,6,1100
H022,2027-03-17,6,1100
H022,2027-03-18,8,1100
H022,2027-03-19,4,1200
H022,2027-03-20,4,1200
H022,2027-03-21,5,1100
H022,2027-03-22,7,1100
H022,2027-03-23,7,1100
H022,2027-03-24,5,1100
H022,2027-03-25,9,1100
H022,2027-03-26,3,1200
H022,2027-03-27,6,1200
H022,2027-03-28,7,1100
H022,2027-03-29,7,1100
H022,2027-03-30,6,1100
H022,2027-03-31,7,1100
H023,2026-10-01,3,1250
H023,2026-10-02,4,1300
H023,2026-10-03,3,1350
H023,2026-10-04,4,1200
H023,2026-10-05,4,1200
H023,2026-10-06,5,1200
H023,2026-10-07,5,1200
H023,2026-10-08,3,1250
H023,2026-10-09,3,1350
H023,2026-10-10,4,1300
H023,2026-10-11,4,1200
H023,2026-10-12,4,1200
H023,2026-10-13,4,1200
H023,2026-10-14,5,1200
H023,2026-10-15,4,1200
H023,2026-10-16,3,1300
H023,2026-10-17,4,1300
H023,2026-10-18,4,1200
H023,2026-10-19,5,1200
H023,2026-10-20,5,1200
H023,2026-10-21,3,1200
H023,2026-10-22,5,1200
H023,2026-10-23,4,1300
H023,2026-10-24,3,1350
H023,2026-10-25,3,1200
H023,2026-10-26,5,1200
H023,2026-10-27,4,1200
H023,2026-10-28,4,1200
H023,2026-10-29,5,1200
H023,2026-10-30,2,1350
H023,2026-10-31,2,1350
H023,2026-11-01,5,1200
H023,2026-11-02,5,1200
H023,2026-11-03,4,1200
H023,2026-11-04,4,1200
H023,2026-11-05,4,1200
H023,2026-11-06,0,1550
H023,2026-11-07,0,1550
H023,2026-11-08,1,1450
H023,2026-11-09,1,1450
H023,2026-11-10,1,1450
H023,2026-11-11,4,1200
H023,2026-11-12,5,1200
H023,2026-11-13,3,1350
H023,2026-11-14,3,1350
H023,2026-11-15,5,1200
H023,2026-11-16,5,1200
H023,2026-11-17,4,1200
H023,2026-11-18,5,1200
H023,2026-11-19,4,1200
H023,2026-11-20,2,1350
H023,2026-11-21,3,1300
H023,2026-11-22,4,1200
H023,2026-11-23,5,1200
H023,2026-11-24,5,1200
H023,2026-11-25,5,1200
H023,2026-11-26,4,1200
H023,2026-11-27,4,1300
H023,2026-11-28,4,1300
H023,2026-11-29,4,1200
H023,2026-11-30,5,1200
H023,2026-12-01,5,1200
H023,2026-12-02,4,1200
H023,2026-12-03,4,1200
H023,2026-12-04,2,1350
H023,2026-12-05,2,1350
H023,2026-12-06,3,1250
H023,2026-12-07,5,1200
H023,2026-12-08,5,1200
H023,2026-12-09,3,1250
H023,2026-12-10,4,1200
H023,2026-12-11,4,1300
H023,2026-12-12,4,1300
H023,2026-12-13,4,1200
H023,2026-12-14,4,1200
H023,2026-12-15,5,1200
H023,2026-12-16,3,1250
H023,2026-12-17,4,1200
H023,2026-12-18,4,1300
H023,2026-12-19,3,1350
H023,2026-12-20,3,1400
H023,2026-12-21,3,1400
H023,2026-12-22,2,1450
H023,2026-12-23,2,1450
H023,2026-12-24,1,1450
H023,2026-12-25,0,1550
H023,2026-12-26,1,1550
H023,2026-12-27,3,1400
H023,2026-12-28,3,1400
H023,2026-12-29,3,1400
H023,2026-12-30,1,1450
H023,2026-12-31,1,1450
H023,2027-01-01,1,1550
H023,2027-01-02,0,1550
H023,2027-01-03,3,1250
H023,2027-01-04,5,1200
H023,2027-01-05,4,1200
H023,2027-01-06,5,1200
H023,2027-01-07,5,1200
H023,2027-01-08,2,1350
H023,2027-01-09,2,1350
H023,2027-01-10,3,1200
H023,2027-01-11,5,1200
H023,2027-01-12,3,1250
H023,2027-01-13,4,1200
H023,2027-01-14,4,1200
H023,2027-01-15,2,1350
H023,2027-01-16,3,1350
H023,2027-01-17,3,1200
H023,2027-01-18,4,1200
H023,2027-01-19,4,1200
H023,2027-01-20,3,1250
H023,2027-01-21,3,1200
H023,2027-01-22,2,1350
H023,2027-01-23,2,1350
H023,2027-01-24,4,1200
H023,2027-01-25,4,1200
H023,2027-01-26,5,1200
H023,2027-01-27,3,1250
H023,2027-01-28,3,1250
H023,2027-01-29,4,1300
H023,2027-01-30,3,1350
H023,2027-01-31,5,1200
H023,2027-02-01,3,1250
H023,2027-02-02,5,1200
H023,2027-02-03,4,1200
H023,2027-02-04,4,1200
H023,2027-02-05,2,1350
H023,2027-02-06,3,1350
H023,2027-02-07,5,1200
H023,2027-02-08,5,1200
H023,2027-02-09,5,1200
H023,2027-02-10,4,1200
H023,2027-02-11,3,1250
H023,2027-02-12,3,1350
H023,2027-02-13,3,1350
H023,2027-02-14,4,1200
H023,2027-02-15,5,1200
H023,2027-02-16,5,1200
H023,2027-02-17,3,1250
H023,2027-02-18,3,1250
H023,2027-02-19,2,1350
H023,2027-02-20,3,1350
H023,2027-02-21,5,1200
H023,2027-02-22,4,1200
H023,2027-02-23,5,1200
H023,2027-02-24,4,1200
H023,2027-02-25,5,1200
H023,2027-02-26,4,1300
H023,2027-02-27,2,1350
H023,2027-02-28,4,1200
H023,2027-03-01,3,1200
H023,2027-03-02,3,1250
H023,2027-03-03,4,1200
H023,2027-03-04,5,1200
H023,2027-03-05,2,1350
H023,2027-03-06,3,1350
H023,2027-03-07,4,1200
H023,2027-03-08,4,1200
H023,2027-03-09,6,1200
H023,2027-03-10,5,1200
H023,2027-03-11,5,1200
H023,2027-03-12,2,1350
H023,2027-03-13,4,1300
H023,2027-03-14,4,1200
H023,2027-03-15,4,1200
H023,2027-03-16,4,1200
H023,2027-03-17,4,1200
H023,2027-03-18,5,1200
H023,2027-03-19,3,1350
H023,2027-03-20,4,1300
H023,2027-03-21,4,1200
H023,2027-03-22,4,1200
H023,2027-03-23,5,1200
H023,2027-03-24,5,1200
H023,2027-03-25,5,1200
H023,2027-03-26,2,1350
H023,2027-03-27,4,1300
H023,2027-03-28,3,1200
H023,2027-03-29,3,1250
H023,2027-03-30,3,1250
H023,2027-03-31,4,1200
H024,2026-10-01,10,2900
H024,2026-10-02,7,3200
H024,2026-10-03,11,3150
H024,2026-10-04,13,2900
H024,2026-10-05,10,2900
H024,2026-10-06,13,2900
H024,2026-10-07,13,2850
H024,2026-10-08,8,2950
H024,2026-10-09,7,3200
H024,2026-10-10,7,3200
H024,2026-10-11,12,2900
H024,2026-10-12,10,2900
H024,2026-10-13,10,2900
H024,2026-10-14,11,2900
H024,2026-10-15,12,2900
H024,2026-10-16,9,3150
H024,2026-10-17,9,3150
H024,2026-10-18,11,2900
H024,2026-10-19,14,2850
H024,2026-10-20,14,2850
H024,2026-10-21,12,2900
H024,2026-10-22,9,2950
H024,2026-10-23,8,3200
H024,2026-10-24,10,3150
H024,2026-10-25,9,2950
H024,2026-10-26,13,2850
H024,2026-10-27,9,2950
H024,2026-10-28,10,2900
H024,2026-10-29,12,2900
H024,2026-10-30,6,3200
H024,2026-10-31,8,3200
H024,2026-11-01,12,2900
H024,2026-11-02,12,2900
H024,2026-11-03,9,2950
H024,2026-11-04,11,2900
H024,2026-11-05,11,2900
H024,2026-11-06,5,3700
H024,2026-11-07,1,3750
H024,2026-11-08,6,3400
H024,2026-11-09,2,3450
H024,2026-11-10,2,3450
H024,2026-11-11,10,2900
H024,2026-11-12,12,2900
H024,2026-11-13,8,3200
H024,2026-11-14,8,3200
H024,2026-11-15,9,2950
H024,2026-11-16,11,2900
H024,2026-11-17,11,2900
H024,2026-11-18,10,2950
H024,2026-11-19,14,2850
H024,2026-11-20,5,3250
H024,2026-11-21,11,3150
H024,2026-11-22,11,2900
H024,2026-11-23,12,2900
H024,2026-11-24,14,2850
H024,2026-11-25,8,2950
H024,2026-11-26,8,2950
H024,2026-11-27,10,3150
H024,2026-11-28,7,3200
H024,2026-11-29,12,2900
H024,2026-11-30,11,2900
H024,2026-12-01,9,2950
H024,2026-12-02,14,2850
H024,2026-12-03,11,2900
H024,2026-12-04,5,3250
H024,2026-12-05,9,3200
H024,2026-12-06,9,2950
H024,2026-12-07,12,2900
H024,2026-12-08,10,2950
H024,2026-12-09,14,2850
H024,2026-12-10,12,2900
H024,2026-12-11,9,3150
H024,2026-12-12,11,3150
H024,2026-12-13,13,2850
H024,2026-12-14,14,2850
H024,2026-12-15,9,2950
H024,2026-12-16,9,2950
H024,2026-12-17,11,2900
H024,2026-12-18,5,3250
H024,2026-12-19,11,3150
H024,2026-12-20,4,3450
H024,2026-12-21,3,3450
H024,2026-12-22,7,3400
H024,2026-12-23,8,3400
H024,2026-12-24,6,3400
H024,2026-12-25,2,3700
H024,2026-12-26,5,3650
H024,2026-12-27,2,3450
H024,2026-12-28,2,3500
H024,2026-12-29,2,3500
H024,2026-12-30,1,3500
H024,2026-12-31,4,3450
H024,2027-01-01,1,3750
H024,2027-01-02,1,3750
H024,2027-01-03,12,2900
H024,2027-01-04,12,2900
H024,2027-01-05,11,2900
H024,2027-01-06,14,2850
H024,2027-01-07,9,2950
H024,2027-01-08,11,3150
H024,2027-01-09,8,3200
H024,2027-01-10,12,2900
H024,2027-01-11,8,2950
H024,2027-01-12,12,2900
H024,2027-01-13,14,2850
H024,2027-01-14,12,2900
H024,2027-01-15,8,3200
H024,2027-01-16,5,3250
H024,2027-01-17,10,2900
H024,2027-01-18,8,2950
H024,2027-01-19,14,2850
H024,2027-01-20,10,2900
H024,2027-01-21,9,2950
H024,2027-01-22,11,3150
H024,2027-01-23,11,3150
H024,2027-01-24,11,2900
H024,2027-01-25,11,2900
H024,2027-01-26,13,2900
H024,2027-01-27,9,2950
H024,2027-01-28,12,2900
H024,2027-01-29,10,3150
H024,2027-01-30,11,3150
H024,2027-01-31,12,2900
H024,2027-02-01,11,2900
H024,2027-02-02,11,2900
H024,2027-02-03,14,2850
H024,2027-02-04,14,2850
H024,2027-02-05,11,3150
H024,2027-02-06,11,3150
H024,2027-02-07,10,2900
H024,2027-02-08,14,2850
H024,2027-02-09,12,2900
H024,2027-02-10,14,2850
H024,2027-02-11,8,2950
H024,2027-02-12,6,3250
H024,2027-02-13,7,3200
H024,2027-02-14,13,2900
H024,2027-02-15,8,2950
H024,2027-02-16,9,2950
H024,2027-02-17,10,2900
H024,2027-02-18,9,2950
H024,2027-02-19,8,3200
H024,2027-02-20,7,3200
H024,2027-02-21,9,2950
H024,2027-02-22,13,2900
H024,2027-02-23,14,2850
H024,2027-02-24,13,2900
H024,2027-02-25,10,2900
H024,2027-02-26,11,3150
H024,2027-02-27,5,3250
H024,2027-02-28,10,2900
H024,2027-03-01,12,2900
H024,2027-03-02,9,2950
H024,2027-03-03,8,2950
H024,2027-03-04,9,2950
H024,2027-03-05,8,3200
H024,2027-03-06,6,3200
H024,2027-03-07,13,2900
H024,2027-03-08,9,2950
H024,2027-03-09,8,2950
H024,2027-03-10,8,2950
H024,2027-03-11,9,2950
H024,2027-03-12,9,3150
H024,2027-03-13,11,3150
H024,2027-03-14,11,2900
H024,2027-03-15,13,2850
H024,2027-03-16,9,2950
H024,2027-03-17,10,2900
H024,2027-03-18,8,2950
H024,2027-03-19,11,3150
H024,2027-03-20,9,3150
H024,2027-03-21,8,2950
H024,2027-03-22,11,2900
H024,2027-03-23,13,2850
H024,2027-03-24,10,2900
H024,2027-03-25,12,2900
H024,2027-03-26,7,3200
H024,2027-03-27,9,3150
H024,2027-03-28,11,2900
H024,2027-03-29,13,2900
H024,2027-03-30,11,2900
H024,2027-03-31,15,2850
H025,2026-10-01,17,2050
H025,2026-10-02,10,2250
H025,2026-10-03,14,2250
H025,2026-10-04,15,2050
H025,2026-10-05,22,2000
H025,2026-10-06,20,2050
H025,2026-10-07,16,2050
H025,2026-10-08,14,2050
H025,2026-10-09,10,2250
H025,2026-10-10,14,2250
H025,2026-10-11,18,2050
H025,2026-10-12,17,2050
H025,2026-10-13,17,2050
H025,2026-10-14,14,2100
H025,2026-10-15,17,2050
H025,2026-10-16,9,2300
H025,2026-10-17,17,2250
H025,2026-10-18,18,2050
H025,2026-10-19,20,2050
H025,2026-10-20,22,2000
H025,2026-10-21,15,2050
H025,2026-10-22,17,2050
H025,2026-10-23,13,2250
H025,2026-10-24,15,2250
H025,2026-10-25,18,2050
H025,2026-10-26,14,2100
H025,2026-10-27,12,2100
H025,2026-10-28,14,2100
H025,2026-10-29,14,2050
H025,2026-10-30,12,2250
H025,2026-10-31,16,2250
H025,2026-11-01,16,2050
H025,2026-11-02,18,2050
H025,2026-11-03,18,2050
H025,2026-11-04,14,2100
H025,2026-11-05,17,2050
H025,2026-11-06,4,2600
H025,2026-11-07,1,2650
H025,2026-11-08,12,2400
H025,2026-11-09,12,2400
H025,2026-11-10,9,2400
H025,2026-11-11,12,2100
H025,2026-11-12,21,2000
H025,2026-11-13,11,2250
H025,2026-11-14,11,2250
H025,2026-11-15,17,2050
H025,2026-11-16,15,2050
H025,2026-11-17,17,2050
H025,2026-11-18,13,2100
H025,2026-11-19,16,2050
H025,2026-11-20,15,2250
H025,2026-11-21,11,2250
H025,2026-11-22,17,2050
H025,2026-11-23,15,2050
H025,2026-11-24,14,2050
H025,2026-11-25,18,2050
H025,2026-11-26,14,2100
H025,2026-11-27,9,2300
H025,2026-11-28,9,2300
H025,2026-11-29,17,2050
H025,2026-11-30,22,2000
H025,2026-12-01,12,2100
H025,2026-12-02,19,2050
H025,2026-12-03,20,2050
H025,2026-12-04,16,2250
H025,2026-12-05,11,2250
H025,2026-12-06,16,2050
H025,2026-12-07,17,2050
H025,2026-12-08,17,2050
H025,2026-12-09,20,2050
H025,2026-12-10,16,2050
H025,2026-12-11,14,2250
H025,2026-12-12,10,2300
H025,2026-12-13,12,2100
H025,2026-12-14,20,2050
H025,2026-12-15,17,2050
H025,2026-12-16,16,2050
H025,2026-12-17,18,2050
H025,2026-12-18,8,2300
H025,2026-12-19,10,2300
H025,2026-12-20,8,2400
H025,2026-12-21,2,2450
H025,2026-12-22,12,2400
H025,2026-12-23,2,2450
H025,2026-12-24,6,2450
H025,2026-12-25,1,2650
H025,2026-12-26,1,2650
H025,2026-12-27,8,2400
H025,2026-12-28,6,2450
H025,2026-12-29,6,2450
H025,2026-12-30,4,2450
H025,2026-12-31,10,2400
H025,2027-01-01,2,2650
H025,2027-01-02,5,2600
H025,2027-01-03,21,2000
H025,2027-01-04,17,2050
H025,2027-01-05,16,2050
H025,2027-01-06,15,2050
H025,2027-01-07,12,2100
H025,2027-01-08,11,2250
H025,2027-01-09,8,2300
H025,2027-01-10,22,2000
H025,2027-01-11,21,2050
H025,2027-01-12,14,2100
H025,2027-01-13,21,2050
H025,2027-01-14,13,2100
H025,2027-01-15,8,2300
H025,2027-01-16,8,2300
H025,2027-01-17,18,2050
H025,2027-01-18,21,2050
H025,2027-01-19,15,2050
H025,2027-01-20,21,2000
H025,2027-01-21,12,2100
H025,2027-01-22,8,2300
H025,2027-01-23,16,2250
H025,2027-01-24,17,2050
H025,2027-01-25,21,2000
H025,2027-01-26,19,2050
H025,2027-01-27,15,2050
H025,2027-01-28,15,2050
H025,2027-01-29,7,2300
H025,2027-01-30,15,2250
H025,2027-01-31,16,2050
H025,2027-02-01,22,2000
H025,2027-02-02,20,2050
H025,2027-02-03,13,2100
H025,2027-02-04,20,2050
H025,2027-02-05,15,2250
H025,2027-02-06,8,2300
H025,2027-02-07,19,2050
H025,2027-02-08,15,2050
H025,2027-02-09,17,2050
H025,2027-02-10,15,2050
H025,2027-02-11,12,2100
H025,2027-02-12,7,2300
H025,2027-02-13,15,2250
H025,2027-02-14,20,2050
H025,2027-02-15,14,2100
H025,2027-02-16,12,2100
H025,2027-02-17,22,2000
H025,2027-02-18,15,2050
H025,2027-02-19,12,2250
H025,2027-02-20,13,2250
H025,2027-02-21,22,2000
H025,2027-02-22,17,2050
H025,2027-02-23,20,2050
H025,2027-02-24,16,2050
H025,2027-02-25,20,2050
H025,2027-02-26,8,2300
H025,2027-02-27,13,2250
H025,2027-02-28,15,2050
H025,2027-03-01,12,2100
H025,2027-03-02,19,2050
H025,2027-03-03,20,2050
H025,2027-03-04,12,2100
H025,2027-03-05,15,2250
H025,2027-03-06,17,2200
H025,2027-03-07,17,2050
H025,2027-03-08,18,2050
H025,2027-03-09,16,2050
H025,2027-03-10,17,2050
H025,2027-03-11,14,2100
H025,2027-03-12,8,2300
H025,2027-03-13,10,2250
H025,2027-03-14,14,2100
H025,2027-03-15,14,2100
H025,2027-03-16,13,2100
H025,2027-03-17,14,2100
H025,2027-03-18,21,2050
H025,2027-03-19,10,2250
H025,2027-03-20,9,2300
H025,2027-03-21,19,2050
H025,2027-03-22,18,2050
H025,2027-03-23,15,2050
H025,2027-03-24,15,2050
H025,2027-03-25,16,2050
H025,2027-03-26,11,2250
H025,2027-03-27,10,2250
H025,2027-03-28,22,2000
H025,2027-03-29,21,2050
H025,2027-03-30,14,2100
H025,2027-03-31,18,2050
H026,2026-10-01,49,8800
H026,2026-10-02,29,9750
H026,2026-10-03,29,9750
H026,2026-10-04,60,8700
H026,2026-10-05,43,8900
H026,2026-10-06,42,8900
H026,2026-10-07,34,8950
H026,2026-10-08,38,8950
H026,2026-10-09,22,9850
H026,2026-10-10,42,9600
H026,2026-10-11,41,8900
H026,2026-10-12,52,8800
H026,2026-10-13,46,8850
H026,2026-10-14,52,8800
H026,2026-10-15,58,8700
H026,2026-10-16,47,9550
H026,2026-10-17,20,9850
H026,2026-10-18,47,8850
H026,2026-10-19,33,9000
H026,2026-10-20,41,8900
H026,2026-10-21,42,8900
H026,2026-10-22,35,8950
H026,2026-10-23,44,9600
H026,2026-10-24,38,9650
H026,2026-10-25,51,8800
H026,2026-10-26,49,8800
H026,2026-10-27,51,8800
H026,2026-10-28,49,8800
H026,2026-10-29,55,8750
H026,2026-10-30,47,9550
H026,2026-10-31,38,9650
H026,2026-11-01,61,8700
H026,2026-11-02,35,8950
H026,2026-11-03,43,8850
H026,2026-11-04,50,8800
H026,2026-11-05,53,8750
H026,2026-11-06,4,11350
H026,2026-11-07,16,11200
H026,2026-11-08,16,10500
H026,2026-11-09,12,10500
H026,2026-11-10,19,10450
H026,2026-11-11,55,8750
H026,2026-11-12,47,8850
H026,2026-11-13,28,9750
H026,2026-11-14,48,9550
H026,2026-11-15,53,8750
H026,2026-11-16,42,8900
H026,2026-11-17,33,9000
H026,2026-11-18,44,8850
H026,2026-11-19,49,8800
H026,2026-11-20,29,9750
H026,2026-11-21,33,9700
H026,2026-11-22,48,8850
H026,2026-11-23,57,8750
H026,2026-11-24,34,9000
H026,2026-11-25,54,8750
H026,2026-11-26,61,8700
H026,2026-11-27,46,9550
H026,2026-11-28,45,9600
H026,2026-11-29,35,8950
H026,2026-11-30,46,8850
H026,2026-12-01,53,8750
H026,2026-12-02,35,8950
H026,2026-12-03,48,8800
H026,2026-12-04,21,9850
H026,2026-12-05,37,9650
H026,2026-12-06,38,8950
H026,2026-12-07,51,8800
H026,2026-12-08,39,8900
H026,2026-12-09,44,8850
H026,2026-12-10,40,8900
H026,2026-12-11,47,9550
H026,2026-12-12,21,9850
H026,2026-12-13,43,8850
H026,2026-12-14,61,8700
H026,2026-12-15,38,8950
H026,2026-12-16,39,8950
H026,2026-12-17,39,8900
H026,2026-12-18,20,9850
H026,2026-12-19,40,9650
H026,2026-12-20,30,10350
H026,2026-12-21,6,10600
H026,2026-12-22,31,10350
H026,2026-12-23,9,10550
H026,2026-12-24,11,10550
H026,2026-12-25,19,11200
H026,2026-12-26,21,11150
H026,2026-12-27,20,10450
H026,2026-12-28,22,10400
H026,2026-12-29,33,10300
H026,2026-12-30,25,10400
H026,2026-12-31,9,10550
H026,2027-01-01,4,11350
H026,2027-01-02,4,11350
H026,2027-01-03,60,8700
H026,2027-01-04,46,8850
H026,2027-01-05,56,8750
H026,2027-01-06,44,8850
H026,2027-01-07,38,8950
H026,2027-01-08,34,9700
H026,2027-01-09,46,9600
H026,2027-01-10,33,9000
H026,2027-01-11,34,9000
H026,2027-01-12,50,8800
H026,2027-01-13,58,8700
H026,2027-01-14,42,8900
H026,2027-01-15,38,9650
H026,2027-01-16,34,9700
H026,2027-01-17,58,8700
H026,2027-01-18,40,8900
H026,2027-01-19,60,8700
H026,2027-01-20,33,9000
H026,2027-01-21,52,8800
H026,2027-01-22,31,9750
H026,2027-01-23,29,9750
H026,2027-01-24,49,8800
H026,2027-01-25,51,8800
H026,2027-01-26,49,8800
H026,2027-01-27,60,8700
H026,2027-01-28,58,8700
H026,2027-01-29,25,9800
H026,2027-01-30,35,9700
H026,2027-01-31,62,8700
H026,2027-02-01,35,8950
H026,2027-02-02,48,8800
H026,2027-02-03,49,8800
H026,2027-02-04,36,8950
H026,2027-02-05,21,9850
H026,2027-02-06,36,9700
H026,2027-02-07,42,8900
H026,2027-02-08,61,8700
H026,2027-02-09,39,8950
H026,2027-02-10,35,8950
H026,2027-02-11,55,8750
H026,2027-02-12,21,9850
H026,2027-02-13,40,9650
H026,2027-02-14,61,8700
H026,2027-02-15,36,8950
H026,2027-02-16,44,8850
H026,2027-02-17,47,8850
H026,2027-02-18,45,8850
H026,2027-02-19,31,9750
H026,2027-02-20,31,9750
H026,2027-02-21,52,8800
H026,2027-02-22,44,8850
H026,2027-02-23,47,8850
H026,2027-02-24,55,8750
H026,2027-02-25,61,8700
H026,2027-02-26,30,9750
H026,2027-02-27,30,9750
H026,2027-02-28,49,8800
H026,2027-03-01,58,8700
H026,2027-03-02,44,8850
H026,2027-03-03,51,8800
H026,2027-03-04,55,8750
H026,2027-03-05,43,9600
H026,2027-03-06,38,9650
H026,2027-03-07,60,8700
H026,2027-03-08,62,8650
H026,2027-03-09,45,8850
H026,2027-03-10,52,8800
H026,2027-03-11,55,8750
H026,2027-03-12,31,9750
H026,2027-03-13,42,9600
H026,2027-03-14,60,8700
H026,2027-03-15,55,8750
H026,2027-03-16,46,8850
H026,2027-03-17,47,8850
H026,2027-03-18,55,8750
H026,2027-03-19,28,9750
H026,2027-03-20,35,9700
H026,2027-03-21,48,8800
H026,2027-03-22,48,8800
H026,2027-03-23,60,8700
H026,2027-03-24,48,8800
H026,2027-03-25,48,8800
H026,2027-03-26,44,9600
H026,2027-03-27,27,9800
H026,2027-03-28,42,8900
H026,2027-03-29,52,8800
H026,2027-03-30,46,8850
H026,2027-03-31,34,8950
H027,2026-10-01,24,7900
H027,2026-10-02,17,8650
H027,2026-10-03,15,8700
H027,2026-10-04,23,7900
H027,2026-10-05,30,7800
H027,2026-10-06,32,7750
H027,2026-10-07,21,7950
H027,2026-10-08,30,7800
H027,2026-10-09,12,8750
H027,2026-10-10,17,8700
H027,2026-10-11,26,7850
H027,2026-10-12,24,7900
H027,2026-10-13,24,7900
H027,2026-10-14,29,7800
H027,2026-10-15,28,7850
H027,2026-10-16,20,8600
H027,2026-10-17,21,8600
H027,2026-10-18,21,7950
H027,2026-10-19,26,7900
H027,2026-10-20,31,7800
H027,2026-10-21,31,7800
H027,2026-10-22,23,7900
H027,2026-10-23,23,8600
H027,2026-10-24,19,8650
H027,2026-10-25,26,7850
H027,2026-10-26,30,7800
H027,2026-10-27,24,7900
H027,2026-10-28,32,7800
H027,2026-10-29,23,7900
H027,2026-10-30,26,8500
H027,2026-10-31,25,8550
H027,2026-11-01,32,7800
H027,2026-11-02,22,7950
H027,2026-11-03,19,8000
H027,2026-11-04,24,7900
H027,2026-11-05,21,7950
H027,2026-11-06,2,10100
H027,2026-11-07,7,10000
H027,2026-11-08,6,9400
H027,2026-11-09,9,9350
H027,2026-11-10,12,9300
H027,2026-11-11,23,7900
H027,2026-11-12,29,7800
H027,2026-11-13,25,8550
H027,2026-11-14,19,8650
H027,2026-11-15,30,7800
H027,2026-11-16,29,7800
H027,2026-11-17,30,7800
H027,2026-11-18,26,7900
H027,2026-11-19,22,7950
H027,2026-11-20,20,8650
H027,2026-11-21,13,8750
H027,2026-11-22,30,7800
H027,2026-11-23,21,7950
H027,2026-11-24,20,8000
H027,2026-11-25,29,7850
H027,2026-11-26,19,8000
H027,2026-11-27,15,8700
H027,2026-11-28,17,8700
H027,2026-11-29,31,7800
H027,2026-11-30,27,7850
H027,2026-12-01,33,7750
H027,2026-12-02,20,8000
H027,2026-12-03,33,7750
H027,2026-12-04,11,8800
H027,2026-12-05,15,8700
H027,2026-12-06,31,7800
H027,2026-12-07,33,7750
H027,2026-12-08,31,7800
H027,2026-12-09,33,7750
H027,2026-12-10,32,7800
H027,2026-12-11,25,8550
H027,2026-12-12,21,8600
H027,2026-12-13,26,7850
H027,2026-12-14,19,8000
H027,2026-12-15,20,7950
H027,2026-12-16,25,7900
H027,2026-12-17,19,8000
H027,2026-12-18,27,8500
H027,2026-12-19,16,8700
H027,2026-12-20,19,9150
H027,2026-12-21,6,9400
H027,2026-12-22,7,9350
H027,2026-12-23,12,9300
H027,2026-12-24,7,9350
H027,2026-12-25,9,10000
H027,2026-12-26,4,10050
H027,2026-12-27,4,9400
H027,2026-12-28,18,9200
H027,2026-12-29,6,9400
H027,2026-12-30,19,9150
H027,2026-12-31,11,9300
H027,2027-01-01,6,10050
H027,2027-01-02,4,10050
H027,2027-01-03,25,7900
H027,2027-01-04,26,7850
H027,2027-01-05,23,7950
H027,2027-01-06,34,7750
H027,2027-01-07,28,7850
H027,2027-01-08,19,8650
H027,2027-01-09,17,8700
H027,2027-01-10,23,7950
H027,2027-01-11,23,7950
H027,2027-01-12,31,7800
H027,2027-01-13,22,7950
H027,2027-01-14,23,7950
H027,2027-01-15,11,8800
H027,2027-01-16,22,8600
H027,2027-01-17,24,7900
H027,2027-01-18,35,7750
H027,2027-01-19,26,7900
H027,2027-01-20,19,8000
H027,2027-01-21,18,8000
H027,2027-01-22,18,8650
H027,2027-01-23,25,8550
H027,2027-01-24,28,7850
H027,2027-01-25,25,7900
H027,2027-01-26,28,7850
H027,2027-01-27,34,7750
H027,2027-01-28,24,7900
H027,2027-01-29,21,8600
H027,2027-01-30,12,8750
H027,2027-01-31,32,7750
H027,2027-02-01,19,8000
H027,2027-02-02,29,7850
H027,2027-02-03,32,7750
H027,2027-02-04,23,7900
H027,2027-02-05,17,8700
H027,2027-02-06,26,8550
H027,2027-02-07,20,8000
H027,2027-02-08,31,7800
H027,2027-02-09,26,7850
H027,2027-02-10,26,7850
H027,2027-02-11,31,7800
H027,2027-02-12,24,8550
H027,2027-02-13,18,8650
H027,2027-02-14,32,7750
H027,2027-02-15,27,7850
H027,2027-02-16,26,7850
H027,2027-02-17,26,7900
H027,2027-02-18,27,7850
H027,2027-02-19,12,8750
H027,2027-02-20,25,8550
H027,2027-02-21,31,7800
H027,2027-02-22,29,7850
H027,2027-02-23,19,8000
H027,2027-02-24,33,7750
H027,2027-02-25,27,7850
H027,2027-02-26,25,8550
H027,2027-02-27,27,8500
H027,2027-02-28,23,7950
H027,2027-03-01,33,7750
H027,2027-03-02,34,7750
H027,2027-03-03,24,7900
H027,2027-03-04,26,7900
H027,2027-03-05,25,8550
H027,2027-03-06,12,8750
H027,2027-03-07,24,7900
H027,2027-03-08,30,7800
H027,2027-03-09,19,8000
H027,2027-03-10,21,7950
H027,2027-03-11,25,7900
H027,2027-03-12,20,8600
H027,2027-03-13,23,8600
H027,2027-03-14,33,7750
H027,2027-03-15,26,7900
H027,2027-03-16,33,7750
H027,2027-03-17,26,7850
H027,2027-03-18,28,7850
H027,2027-03-19,13,8750
H027,2027-03-20,14,8750
H027,2027-03-21,22,7950
H027,2027-03-22,24,7900
H027,2027-03-23,18,8000
H027,2027-03-24,28,7850
H027,2027-03-25,30,7800
H027,2027-03-26,18,8650
H027,2027-03-27,21,8600
H027,2027-03-28,26,7900
H027,2027-03-29,30,7800
H027,2027-03-30,26,7900
H027,2027-03-31,32,7750
H028,2026-10-01,4,1600
H028,2026-10-02,2,1750
H028,2026-10-03,4,1750
H028,2026-10-04,4,1600
H028,2026-10-05,4,1600
H028,2026-10-06,6,1550
H028,2026-10-07,5,1600
H028,2026-10-08,4,1600
H028,2026-10-09,4,1700
H028,2026-10-10,3,1750
H028,2026-10-11,3,1600
H028,2026-10-12,5,1600
H028,2026-10-13,4,1600
H028,2026-10-14,5,1550
H028,2026-10-15,3,1600
H028,2026-10-16,2,1750
H028,2026-10-17,3,1750
H028,2026-10-18,5,1550
H028,2026-10-19,5,1550
H028,2026-10-20,5,1550
H028,2026-10-21,5,1550
H028,2026-10-22,4,1600
H028,2026-10-23,3,1750
H028,2026-10-24,3,1750
H028,2026-10-25,3,1600
H028,2026-10-26,4,1600
H028,2026-10-27,4,1600
H028,2026-10-28,5,1600
H028,2026-10-29,6,1550
H028,2026-10-30,2,1750
H028,2026-10-31,4,1700
H028,2026-11-01,6,1550
H028,2026-11-02,6,1550
H028,2026-11-03,6,1550
H028,2026-11-04,4,1600
H028,2026-11-05,4,1600
H028,2026-11-06,0,2000
H028,2026-11-07,2,2000
H028,2026-11-08,3,1850
H028,2026-11-09,3,1850
H028,2026-11-10,1,1850
H028,2026-11-11,4,1600
H028,2026-11-12,4,1600
H028,2026-11-13,3,1750
H028,2026-11-14,4,1750
H028,2026-11-15,6,1550
H028,2026-11-16,6,1550
H028,2026-11-17,6,1550
H028,2026-11-18,5,1550
H028,2026-11-19,6,1550
H028,2026-11-20,4,1700
H028,2026-11-21,4,1700
H028,2026-11-22,5,1600
H028,2026-11-23,5,1550
H028,2026-11-24,6,1550
H028,2026-11-25,6,1550
H028,2026-11-26,5,1550
H028,2026-11-27,5,1700
H028,2026-11-28,3,1750
H028,2026-11-29,5,1600
H028,2026-11-30,6,1550
H028,2026-12-01,4,1600
H028,2026-12-02,4,1600
H028,2026-12-03,5,1550
H028,2026-12-04,4,1700
H028,2026-12-05,5,1700
H028,2026-12-06,6,1550
H028,2026-12-07,5,1550
H028,2026-12-08,5,1600
H028,2026-12-09,4,1600
H028,2026-12-10,5,1600
H028,2026-12-11,2,1750
H028,2026-12-12,4,1700
H028,2026-12-13,3,1600
H028,2026-12-14,3,1600
H028,2026-12-15,6,1550
H028,2026-12-16,6,1550
H028,2026-12-17,4,1600
H028,2026-12-18,4,1700
H028,2026-12-19,3,1750
H028,2026-12-20,2,1850
H028,2026-12-21,1,1900
H028,2026-12-22,1,1900
H028,2026-12-23,3,1850
H028,2026-12-24,3,1850
H028,2026-12-25,2,2000
H028,2026-12-26,2,2000
H028,2026-12-27,2,1850
H028,2026-12-28,1,1900
H028,2026-12-29,3,1850
H028,2026-12-30,1,1850
H028,2026-12-31,1,1850
H028,2027-01-01,2,2000
H028,2027-01-02,0,2000
H028,2027-01-03,6,1550
H028,2027-01-04,6,1550
H028,2027-01-05,5,1600
H028,2027-01-06,4,1600
H028,2027-01-07,4,1600
H028,2027-01-08,2,1750
H028,2027-01-09,4,1750
H028,2027-01-10,6,1550
H028,2027-01-11,4,1600
H028,2027-01-12,6,1550
H028,2027-01-13,5,1550
H028,2027-01-14,4,1600
H028,2027-01-15,4,1700
H028,2027-01-16,4,1700
H028,2027-01-17,6,1550
H028,2027-01-18,4,1600
H028,2027-01-19,6,1550
H028,2027-01-20,4,1600
H028,2027-01-21,5,1550
H028,2027-01-22,4,1750
H028,2027-01-23,3,1750
H028,2027-01-24,5,1550
H028,2027-01-25,6,1550
H028,2027-01-26,5,1550
H028,2027-01-27,5,1550
H028,2027-01-28,6,1550
H028,2027-01-29,4,1700
H028,2027-01-30,3,1750
H028,2027-01-31,5,1550
H028,2027-02-01,4,1600
H028,2027-02-02,5,1550
H028,2027-02-03,6,1550
H028,2027-02-04,5,1600
H028,2027-02-05,4,1700
H028,2027-02-06,2,1750
H028,2027-02-07,5,1550
H028,2027-02-08,6,1550
H028,2027-02-09,5,1550
H028,2027-02-10,4,1600
H028,2027-02-11,5,1550
H028,2027-02-12,3,1750
H028,2027-02-13,4,1700
H028,2027-02-14,4,1600
H028,2027-02-15,4,1600
H028,2027-02-16,6,1550
H028,2027-02-17,5,1550
H028,2027-02-18,4,1600
H028,2027-02-19,4,1750
H028,2027-02-20,3,1750
H028,2027-02-21,5,1550
H028,2027-02-22,6,1550
H028,2027-02-23,5,1550
H028,2027-02-24,4,1600
H028,2027-02-25,4,1600
H028,2027-02-26,5,1700
H028,2027-02-27,3,1750
H028,2027-02-28,4,1600
H028,2027-03-01,5,1550
H028,2027-03-02,4,1600
H028,2027-03-03,6,1550
H028,2027-03-04,6,1550
H028,2027-03-05,4,1700
H028,2027-03-06,4,1750
H028,2027-03-07,3,1600
H028,2027-03-08,6,1550
H028,2027-03-09,4,1600
H028,2027-03-10,5,1600
H028,2027-03-11,4,1600
H028,2027-03-12,3,1750
H028,2027-03-13,3,1750
H028,2027-03-14,5,1550
H028,2027-03-15,5,1550
H028,2027-03-16,4,1600
H028,2027-03-17,6,1550
H028,2027-03-18,5,1550
H028,2027-03-19,4,1700
H028,2027-03-20,4,1750
H028,2027-03-21,6,1550
H028,2027-03-22,6,1550
H028,2027-03-23,5,1550
H028,2027-03-24,5,1550
H028,2027-03-25,4,1600
H028,2027-03-26,3,1750
H028,2027-03-27,5,1700
H028,2027-03-28,5,1550
H028,2027-03-29,5,1550
H028,2027-03-30,6,1550
H028,2027-03-31,4,1600
H029,2026-10-01,10,1100
H029,2026-10-02,7,1200
H029,2026-10-03,5,1200
H029,2026-10-04,7,1100
H029,2026-10-05,6,1100
H029,2026-10-06,8,1100
H029,2026-10-07,8,1100
H029,2026-10-08,7,1100
H029,2026-10-09,8,1200
H029,2026-10-10,4,1200
H029,2026-10-11,8,1100
H029,2026-10-12,7,1100
H029,2026-10-13,9,1100
H029,2026-10-14,11,1050
H029,2026-10-15,10,1100
H029,2026-10-16,7,1200
H029,2026-10-17,9,1200
H029,2026-10-18,9,1100
H029,2026-10-19,11,1050
H029,2026-10-20,10,1100
H029,2026-10-21,7,1100
H029,2026-10-22,10,1100
H029,2026-10-23,5,1200
H029,2026-10-24,5,1200
H029,2026-10-25,8,1100
H029,2026-10-26,8,1100
H029,2026-10-27,10,1100
H029,2026-10-28,10,1100
H029,2026-10-29,11,1050
H029,2026-10-30,7,1200
H029,2026-10-31,4,1200
H029,2026-11-01,7,1100
H029,2026-11-02,10,1100
H029,2026-11-03,9,1100
H029,2026-11-04,11,1050
H029,2026-11-05,11,1050
H029,2026-11-06,2,1400
H029,2026-11-07,1,1400
H029,2026-11-08,3,1300
H029,2026-11-09,5,1300
H029,2026-11-10,3,1300
H029,2026-11-11,11,1050
H029,2026-11-12,7,1100
H029,2026-11-13,5,1200
H029,2026-11-14,8,1200
H029,2026-11-15,8,1100
H029,2026-11-16,9,1100
H029,2026-11-17,7,1100
H029,2026-11-18,10,1100
H029,2026-11-19,9,1100
H029,2026-11-20,8,1200
H029,2026-11-21,5,1200
H029,2026-11-22,8,1100
H029,2026-11-23,6,1100
H029,2026-11-24,9,1100
H029,2026-11-25,10,1100
H029,2026-11-26,11,1100
H029,2026-11-27,8,1200
H029,2026-11-28,8,1200
H029,2026-11-29,11,1050
H029,2026-11-30,6,1100
H029,2026-12-01,10,1100
H029,2026-12-02,6,1100
H029,2026-12-03,6,1100
H029,2026-12-04,7,1200
H029,2026-12-05,5,1200
H029,2026-12-06,9,1100
H029,2026-12-07,11,1050
H029,2026-12-08,9,1100
H029,2026-12-09,9,1100
H029,2026-12-10,11,1100
H029,2026-12-11,7,1200
H029,2026-12-12,7,1200
H029,2026-12-13,11,1100
H029,2026-12-14,10,1100
H029,2026-12-15,9,1100
H029,2026-12-16,8,1100
H029,2026-12-17,11,1100
H029,2026-12-18,7,1200
H029,2026-12-19,4,1200
H029,2026-12-20,3,1300
H029,2026-12-21,6,1250
H029,2026-12-22,5,1300
H029,2026-12-23,5,1300
H029,2026-12-24,5,1300
H029,2026-12-25,4,1400
H029,2026-12-26,1,1400
H029,2026-12-27,2,1300
H029,2026-12-28,6,1250
H029,2026-12-29,2,1300
H029,2026-12-30,2,1300
H029,2026-12-31,6,1250
H029,2027-01-01,2,1400
H029,2027-01-02,4,1400
H029,2027-01-03,10,1100
H029,2027-01-04,11,1050
H029,2027-01-05,10,1100
H029,2027-01-06,9,1100
H029,2027-01-07,8,1100
H029,2027-01-08,5,1200
H029,2027-01-09,7,1200
H029,2027-01-10,9,1100
H029,2027-01-11,6,1100
H029,2027-01-12,8,1100
H029,2027-01-13,10,1100
H029,2027-01-14,9,1100
H029,2027-01-15,4,1200
H029,2027-01-16,8,1200
H029,2027-01-17,10,1100
H029,2027-01-18,7,1100
H029,2027-01-19,8,1100
H029,2027-01-20,6,1100
H029,2027-01-21,11,1050
H029,2027-01-22,9,1200
H029,2027-01-23,9,1200
H029,2027-01-24,6,1100
H029,2027-01-25,6,1100
H029,2027-01-26,7,1100
H029,2027-01-27,11,1050
H029,2027-01-28,10,1100
H029,2027-01-29,6,1200
H029,2027-01-30,9,1200
H029,2027-01-31,11,1050
H029,2027-02-01,10,1100
H029,2027-02-02,8,1100
H029,2027-02-03,6,1100
H029,2027-02-04,9,1100
H029,2027-02-05,7,1200
H029,2027-02-06,6,1200
H029,2027-02-07,8,1100
H029,2027-02-08,11,1050
H029,2027-02-09,10,1100
H029,2027-02-10,7,1100
H029,2027-02-11,10,1100
H029,2027-02-12,4,1200
H029,2027-02-13,6,1200
H029,2027-02-14,6,1100
H029,2027-02-15,10,1100
H029,2027-02-16,11,1100
H029,2027-02-17,7,1100
H029,2027-02-18,6,1100
H029,2027-02-19,6,1200
H029,2027-02-20,9,1200
H029,2027-02-21,7,1100
H029,2027-02-22,9,1100
H029,2027-02-23,8,1100
H029,2027-02-24,10,1100
H029,2027-02-25,7,1100
H029,2027-02-26,4,1200
H029,2027-02-27,5,1200
H029,2027-02-28,11,1050
H029,2027-03-01,11,1050
H029,2027-03-02,8,1100
H029,2027-03-03,11,1050
H029,2027-03-04,8,1100
H029,2027-03-05,7,1200
H029,2027-03-06,9,1200
H029,2027-03-07,11,1050
H029,2027-03-08,10,1100
H029,2027-03-09,11,1050
H029,2027-03-10,11,1050
H029,2027-03-11,6,1100
H029,2027-03-12,8,1200
H029,2027-03-13,5,1200
H029,2027-03-14,7,1100
H029,2027-03-15,8,1100
H029,2027-03-16,6,1100
H029,2027-03-17,7,1100
H029,2027-03-18,11,1100
H029,2027-03-19,8,1200
H029,2027-03-20,5,1200
H029,2027-03-21,8,1100
H029,2027-03-22,11,1050
H029,2027-03-23,9,1100
H029,2027-03-24,6,1100
H029,2027-03-25,8,1100
H029,2027-03-26,4,1200
H029,2027-03-27,4,1200
H029,2027-03-28,10,1100
H029,2027-03-29,6,1100
H029,2027-03-30,7,1100
H029,2027-03-31,11,1050
H030,2026-10-01,8,1100
H030,2026-10-02,7,1200
H030,2026-10-03,6,1200
H030,2026-10-04,11,1050
H030,2026-10-05,9,1100
H030,2026-10-06,8,1100
H030,2026-10-07,6,1100
H030,2026-10-08,10,1100
H030,2026-10-09,7,1200
H030,2026-10-10,8,1200
H030,2026-10-11,10,1100
H030,2026-10-12,6,1100
H030,2026-10-13,9,1100
H030,2026-10-14,9,1100
H030,2026-10-15,7,1100
H030,2026-10-16,7,1200
H030,2026-10-17,6,1200
H030,2026-10-18,11,1050
H030,2026-10-19,8,1100
H030,2026-10-20,6,1100
H030,2026-10-21,9,1100
H030,2026-10-22,6,1100
H030,2026-10-23,9,1200
H030,2026-10-24,7,1200
H030,2026-10-25,7,1100
H030,2026-10-26,8,1100
H030,2026-10-27,8,1100
H030,2026-10-28,8,1100
H030,2026-10-29,11,1050
H030,2026-10-30,3,1200
H030,2026-10-31,7,1200
H030,2026-11-01,10,1100
H030,2026-11-02,7,1100
H030,2026-11-03,6,1100
H030,2026-11-04,11,1050
H030,2026-11-05,8,1100
H030,2026-11-06,1,1400
H030,2026-11-07,2,1400
H030,2026-11-08,2,1300
H030,2026-11-09,2,1300
H030,2026-11-10,3,1300
H030,2026-11-11,10,1100
H030,2026-11-12,9,1100
H030,2026-11-13,7,1200
H030,2026-11-14,8,1200
H030,2026-11-15,8,1100
H030,2026-11-16,9,1100
H030,2026-11-17,10,1100
H030,2026-11-18,7,1100
H030,2026-11-19,9,1100
H030,2026-11-20,8,1200
H030,2026-11-21,8,1200
H030,2026-11-22,6,1100
H030,2026-11-23,9,1100
H030,2026-11-24,10,1050
H030,2026-11-25,8,1100
H030,2026-11-26,9,1100
H030,2026-11-27,5,1200
H030,2026-11-28,6,1200
H030,2026-11-29,11,1050
H030,2026-11-30,9,1100
H030,2026-12-01,10,1050
H030,2026-12-02,11,1050
H030,2026-12-03,9,1100
H030,2026-12-04,4,1200
H030,2026-12-05,6,1200
H030,2026-12-06,8,1100
H030,2026-12-07,9,1100
H030,2026-12-08,7,1100
H030,2026-12-09,10,1050
H030,2026-12-10,9,1100
H030,2026-12-11,8,1200
H030,2026-12-12,7,1200
H030,2026-12-13,10,1050
H030,2026-12-14,6,1100
H030,2026-12-15,11,1050
H030,2026-12-16,9,1100
H030,2026-12-17,6,1100
H030,2026-12-18,6,1200
H030,2026-12-19,7,1200
H030,2026-12-20,6,1250
H030,2026-12-21,4,1300
H030,2026-12-22,5,1300
H030,2026-12-23,2,1300
H030,2026-12-24,5,1300
H030,2026-12-25,1,1400
H030,2026-12-26,3,1400
H030,2026-12-27,6,1250
H030,2026-12-28,5,1300
H030,2026-12-29,2,1300
H030,2026-12-30,2,1300
H030,2026-12-31,5,1300
H030,2027-01-01,1,1400
H030,2027-01-02,3,1400
H030,2027-01-03,7,1100
H030,2027-01-04,8,1100
H030,2027-01-05,8,1100
H030,2027-01-06,10,1100
H030,2027-01-07,11,1050
H030,2027-01-08,8,1200
H030,2027-01-09,6,1200
H030,2027-01-10,7,1100
H030,2027-01-11,9,1100
H030,2027-01-12,6,1100
H030,2027-01-13,6,1100
H030,2027-01-14,9,1100
H030,2027-01-15,5,1200
H030,2027-01-16,4,1200
H030,2027-01-17,10,1100
H030,2027-01-18,9,1100
H030,2027-01-19,10,1050
H030,2027-01-20,6,1100
H030,2027-01-21,10,1100
H030,2027-01-22,7,1200
H030,2027-01-23,6,1200
H030,2027-01-24,7,1100
H030,2027-01-25,6,1100
H030,2027-01-26,8,1100
H030,2027-01-27,8,1100
H030,2027-01-28,9,1100
H030,2027-01-29,5,1200
H030,2027-01-30,7,1200
H030,2027-01-31,9,1100
H030,2027-02-01,10,1050
H030,2027-02-02,9,1100
H030,2027-02-03,8,1100
H030,2027-02-04,10,1100
H030,2027-02-05,5,1200
H030,2027-02-06,8,1200
H030,2027-02-07,11,1050
H030,2027-02-08,8,1100
H030,2027-02-09,10,1100
H030,2027-02-10,9,1100
H030,2027-02-11,8,1100
H030,2027-02-12,7,1200
H030,2027-02-13,4,1200
H030,2027-02-14,11,1050
H030,2027-02-15,10,1100
H030,2027-02-16,9,1100
H030,2027-02-17,7,1100
H030,2027-02-18,11,1050
H030,2027-02-19,3,1200
H030,2027-02-20,8,1200
H030,2027-02-21,11,1050
H030,2027-02-22,8,1100
H030,2027-02-23,10,1100
H030,2027-02-24,11,1050
H030,2027-02-25,6,1100
H030,2027-02-26,6,1200
H030,2027-02-27,5,1200
H030,2027-02-28,9,1100
H030,2027-03-01,7,1100
H030,2027-03-02,8,1100
H030,2027-03-03,7,1100
H030,2027-03-04,8,1100
H030,2027-03-05,4,1200
H030,2027-03-06,4,1200
H030,2027-03-07,10,1100
H030,2027-03-08,6,1100
H030,2027-03-09,7,1100
H030,2027-03-10,10,1100
H030,2027-03-11,6,1100
H030,2027-03-12,8,1200
H030,2027-03-13,8,1200
H030,2027-03-14,6,1100
H030,2027-03-15,7,1100
H030,2027-03-16,6,1100
H030,2027-03-17,7,1100
H030,2027-03-18,8,1100
H030,2027-03-19,8,1200
H030,2027-03-20,4,1200
H030,2027-03-21,7,1100
H030,2027-03-22,7,1100
H030,2027-03-23,7,1100
H030,2027-03-24,10,1100
H030,2027-03-25,11,1050
H030,2027-03-26,4,1200
H030,2027-03-27,6,1200
H030,2027-03-28,10,1050
H030,2027-03-29,6,1100
H030,2027-03-30,11,1050
H030,2027-03-31,9,1100
H031,2026-10-01,19,3750
H031,2026-10-02,10,4200
H031,2026-10-03,21,4050
H031,2026-10-04,16,3800
H031,2026-10-05,24,3750
H031,2026-10-06,24,3700
H031,2026-10-07,16,3800
H031,2026-10-08,23,3750
H031,2026-10-09,14,4150
H031,2026-10-10,19,4100
H031,2026-10-11,17,3800
H031,2026-10-12,27,3700
H031,2026-10-13,19,3750
H031,2026-10-14,18,3800
H031,2026-10-15,24,3700
H031,2026-10-16,19,4100
H031,2026-10-17,12,4150
H031,2026-10-18,15,3800
H031,2026-10-19,25,3700
H031,2026-10-20,21,3750
H031,2026-10-21,24,3700
H031,2026-10-22,16,3800
H031,2026-10-23,10,4200
H031,2026-10-24,19,4100
H031,2026-10-25,20,3750
H031,2026-10-26,15,3800
H031,2026-10-27,18,3800
H031,2026-10-28,19,3750
H031,2026-10-29,20,3750
H031,2026-10-30,21,4050
H031,2026-10-31,12,4150
H031,2026-11-01,17,3800
H031,2026-11-02,21,3750
H031,2026-11-03,14,3800
H031,2026-11-04,25,3700
H031,2026-11-05,23,3750
H031,2026-11-06,9,4750
H031,2026-11-07,2,4800
H031,2026-11-08,9,4450
H031,2026-11-09,15,4350
H031,2026-11-10,13,4400
H031,2026-11-11,25,3700
H031,2026-11-12,26,3700
H031,2026-11-13,22,4050
H031,2026-11-14,15,4100
H031,2026-11-15,16,3800
H031,2026-11-16,20,3750
H031,2026-11-17,27,3700
H031,2026-11-18,21,3750
H031,2026-11-19,25,3700
H031,2026-11-20,20,4050
H031,2026-11-21,20,4050
H031,2026-11-22,26,3700
H031,2026-11-23,27,3700
H031,2026-11-24,25,3700
H031,2026-11-25,22,3750
H031,2026-11-26,17,3800
H031,2026-11-27,14,4150
H031,2026-11-28,16,4100
H031,2026-11-29,16,3800
H031,2026-11-30,15,3800
H031,2026-12-01,20,3750
H031,2026-12-02,18,3800
H031,2026-12-03,21,3750
H031,2026-12-04,21,4050
H031,2026-12-05,10,4200
H031,2026-12-06,24,3700
H031,2026-12-07,23,3750
H031,2026-12-08,19,3800
H031,2026-12-09,22,3750
H031,2026-12-10,27,3700
H031,2026-12-11,20,4050
H031,2026-12-12,10,4150
H031,2026-12-13,15,3800
H031,2026-12-14,19,3750
H031,2026-12-15,16,3800
H031,2026-12-16,27,3700
H031,2026-12-17,17,3800
H031,2026-12-18,21,4050
H031,2026-12-19,19,4100
H031,2026-12-20,8,4450
H031,2026-12-21,14,4400
H031,2026-12-22,4,4500
H031,2026-12-23,6,4450
H031,2026-12-24,15,4350
H031,2026-12-25,2,4800
H031,2026-12-26,5,4800
H031,2026-12-27,10,4400
H031,2026-12-28,4,4500
H031,2026-12-29,12,4400
H031,2026-12-30,11,4400
H031,2026-12-31,14,4400
H031,2027-01-01,6,4750
H031,2027-01-02,2,4800
H031,2027-01-03,17,3800
H031,2027-01-04,16,3800
H031,2027-01-05,24,3700
H031,2027-01-06,21,3750
H031,2027-01-07,26,3700
H031,2027-01-08,11,4150
H031,2027-01-09,20,4050
H031,2027-01-10,26,3700
H031,2027-01-11,25,3700
H031,2027-01-12,27,3700
H031,2027-01-13,23,3750
H031,2027-01-14,24,3700
H031,2027-01-15,11,4150
H031,2027-01-16,16,4100
H031,2027-01-17,25,3700
H031,2027-01-18,25,3700
H031,2027-01-19,26,3700
H031,2027-01-20,15,3800
H031,2027-01-21,27,3700
H031,2027-01-22,21,4050
H031,2027-01-23,12,4150
H031,2027-01-24,25,3700
H031,2027-01-25,17,3800
H031,2027-01-26,21,3750
H031,2027-01-27,16,3800
H031,2027-01-28,19,3750
H031,2027-01-29,9,4200
H031,2027-01-30,14,4150
H031,2027-01-31,16,3800
H031,2027-02-01,21,3750
H031,2027-02-02,19,3800
H031,2027-02-03,15,3800
H031,2027-02-04,26,3700
H031,2027-02-05,15,4100
H031,2027-02-06,12,4150
H031,2027-02-07,27,3700
H031,2027-02-08,19,3750
H031,2027-02-09,26,3700
H031,2027-02-10,17,3800
H031,2027-02-11,17,3800
H031,2027-02-12,10,4200
H031,2027-02-13,20,4050
H031,2027-02-14,24,3700
H031,2027-02-15,25,3700
H031,2027-02-16,14,3800
H031,2027-02-17,24,3700
H031,2027-02-18,17,3800
H031,2027-02-19,17,4100
H031,2027-02-20,19,4100
H031,2027-02-21,24,3700
H031,2027-02-22,16,3800
H031,2027-02-23,26,3700
H031,2027-02-24,19,3750
H031,2027-02-25,23,3750
H031,2027-02-26,19,4100
H031,2027-02-27,13,4150
H031,2027-02-28,17,3800
H031,2027-03-01,20,3750
H031,2027-03-02,23,3750
H031,2027-03-03,22,3750
H031,2027-03-04,24,3700
H031,2027-03-05,11,4150
H031,2027-03-06,12,4150
H031,2027-03-07,20,3750
H031,2027-03-08,15,3800
H031,2027-03-09,16,3800
H031,2027-03-10,21,3750
H031,2027-03-11,18,3800
H031,2027-03-12,12,4150
H031,2027-03-13,13,4150
H031,2027-03-14,19,3800
H031,2027-03-15,18,3800
H031,2027-03-16,15,3800
H031,2027-03-17,17,3800
H031,2027-03-18,24,3700
H031,2027-03-19,12,4150
H031,2027-03-20,13,4150
H031,2027-03-21,26,3700
H031,2027-03-22,18,3800
H031,2027-03-23,17,3800
H031,2027-03-24,26,3700
H031,2027-03-25,23,3750
H031,2027-03-26,11,4150
H031,2027-03-27,17,4100
H031,2027-03-28,15,3800
H031,2027-03-29,26,3700
H031,2027-03-30,16,3800
H031,2027-03-31,18,3800
H032,2026-10-01,27,2500
H032,2026-10-02,18,2800
H032,2026-10-03,10,2850
H032,2026-10-04,19,2550
H032,2026-10-05,17,2600
H032,2026-10-06,21,2550
H032,2026-10-07,27,2500
H032,2026-10-08,18,2550
H032,2026-10-09,17,2800
H032,2026-10-10,15,2800
H032,2026-10-11,24,2550
H032,2026-10-12,29,2500
H032,2026-10-13,23,2550
H032,2026-10-14,23,2550
H032,2026-10-15,16,2600
H032,2026-10-16,16,2800
H032,2026-10-17,13,2800
H032,2026-10-18,26,2500
H032,2026-10-19,18,2550
H032,2026-10-20,29,2500
H032,2026-10-21,26,2500
H032,2026-10-22,21,2550
H032,2026-10-23,22,2750
H032,2026-10-24,20,2750
H032,2026-10-25,17,2600
H032,2026-10-26,20,2550
H032,2026-10-27,26,2500
H032,2026-10-28,17,2550
H032,2026-10-29,16,2600
H032,2026-10-30,12,2800
H032,2026-10-31,21,2750
H032,2026-11-01,26,2500
H032,2026-11-02,28,2500
H032,2026-11-03,27,2500
H032,2026-11-04,27,2500
H032,2026-11-05,23,2550
H032,2026-11-06,5,3250
H032,2026-11-07,2,3250
H032,2026-11-08,12,3000
H032,2026-11-09,4,3050
H032,2026-11-10,8,3000
H032,2026-11-11,18,2550
H032,2026-11-12,25,2500
H032,2026-11-13,12,2800
H032,2026-11-14,20,2750
H032,2026-11-15,23,2550
H032,2026-11-16,20,2550
H032,2026-11-17,28,2500
H032,2026-11-18,25,2550
H032,2026-11-19,25,2550
H032,2026-11-20,16,2800
H032,2026-11-21,12,2800
H032,2026-11-22,17,2600
H032,2026-11-23,17,2600
H032,2026-11-24,21,2550
H032,2026-11-25,25,2500
H032,2026-11-26,17,2600
H032,2026-11-27,21,2750
H032,2026-11-28,15,2800
H032,2026-11-29,23,2550
H032,2026-11-30,27,2500
H032,2026-12-01,28,2500
H032,2026-12-02,28,2500
H032,2026-12-03,20,2550
H032,2026-12-04,18,2800
H032,2026-12-05,14,2800
H032,2026-12-06,18,2550
H032,2026-12-07,17,2600
H032,2026-12-08,18,2550
H032,2026-12-09,16,2600
H032,2026-12-10,17,2550
H032,2026-12-11,20,2750
H032,2026-12-12,14,2800
H032,2026-12-13,16,2600
H032,2026-12-14,27,2500
H032,2026-12-15,19,2550
H032,2026-12-16,23,2550
H032,2026-12-17,16,2600
H032,2026-12-18,12,2800
H032,2026-12-19,11,2800
H032,2026-12-20,4,3050
H032,2026-12-21,11,3000
H032,2026-12-22,8,3000
H032,2026-12-23,10,3000
H032,2026-12-24,3,3050
H032,2026-12-25,2,3250
H032,2026-12-26,2,3250
H032,2026-12-27,14,2950
H032,2026-12-28,4,3050
H032,2026-12-29,16,2950
H032,2026-12-30,8,3000
H032,2026-12-31,6,3050
H032,2027-01-01,2,3250
H032,2027-01-02,2,3250
H032,2027-01-03,26,2500
H032,2027-01-04,24,2550
H032,2027-01-05,16,2600
H032,2027-01-06,25,2500
H032,2027-01-07,26,2500
H032,2027-01-08,15,2800
H032,2027-01-09,22,2750
H032,2027-01-10,22,2550
H032,2027-01-11,23,2550
H032,2027-01-12,20,2550
H032,2027-01-13,29,2500
H032,2027-01-14,21,2550
H032,2027-01-15,12,2800
H032,2027-01-16,21,2750
H032,2027-01-17,17,2550
H032,2027-01-18,19,2550
H032,2027-01-19,25,2550
H032,2027-01-20,21,2550
H032,2027-01-21,28,2500
H032,2027-01-22,10,2850
H032,2027-01-23,20,2750
H032,2027-01-24,26,2500
H032,2027-01-25,21,2550
H032,2027-01-26,21,2550
H032,2027-01-27,24,2550
H032,2027-01-28,28,2500
H032,2027-01-29,23,2750
H032,2027-01-30,18,2800
H032,2027-01-31,21,2550
H032,2027-02-01,22,2550
H032,2027-02-02,17,2550
H032,2027-02-03,26,2500
H032,2027-02-04,28,2500
H032,2027-02-05,22,2750
H032,2027-02-06,19,2800
H032,2027-02-07,27,2500
H032,2027-02-08,17,2600
H032,2027-02-09,18,2550
H032,2027-02-10,24,2550
H032,2027-02-11,16,2600
H032,2027-02-12,12,2800
H032,2027-02-13,19,2800
H032,2027-02-14,18,2550
H032,2027-02-15,16,2600
H032,2027-02-16,21,2550
H032,2027-02-17,18,2550
H032,2027-02-18,28,2500
H032,2027-02-19,22,2750
H032,2027-02-20,19,2800
H032,2027-02-21,26,2500
H032,2027-02-22,23,2550
H032,2027-02-23,26,2500
H032,2027-02-24,17,2550
H032,2027-02-25,19,2550
H032,2027-02-26,15,2800
H032,2027-02-27,9,2850
H032,2027-02-28,28,2500
H032,2027-03-01,18,2550
H032,2027-03-02,24,2550
H032,2027-03-03,25,2500
H032,2027-03-04,18,2550
H032,2027-03-05,20,2750
H032,2027-03-06,12,2800
H032,2027-03-07,16,2600
H032,2027-03-08,25,2500
H032,2027-03-09,22,2550
H032,2027-03-10,18,2550
H032,2027-03-11,15,2600
H032,2027-03-12,15,2800
H032,2027-03-13,21,2750
H032,2027-03-14,28,2500
H032,2027-03-15,25,2500
H032,2027-03-16,23,2550
H032,2027-03-17,28,2500
H032,2027-03-18,22,2550
H032,2027-03-19,17,2800
H032,2027-03-20,18,2800
H032,2027-03-21,29,2500
H032,2027-03-22,20,2550
H032,2027-03-23,29,2500
H032,2027-03-24,24,2550
H032,2027-03-25,26,2500
H032,2027-03-26,13,2800
H032,2027-03-27,21,2750
H032,2027-03-28,19,2550
H032,2027-03-29,28,2500
H032,2027-03-30,23,2550
H032,2027-03-31,24,2550
H033,2026-10-01,26,2550
H033,2026-10-02,17,2800
H033,2026-10-03,18,2800
H033,2026-10-04,25,2550
H033,2026-10-05,19,2600
H033,2026-10-06,24,2550
H033,2026-10-07,19,2600
H033,2026-10-08,25,2550
H033,2026-10-09,14,2800
H033,2026-10-10,19,2800
H033,2026-10-11,33,2500
H033,2026-10-12,20,2600
H033,2026-10-13,20,2600
H033,2026-10-14,31,2500
H033,2026-10-15,22,2550
H033,2026-10-16,26,2750
H033,2026-10-17,20,2800
H033,2026-10-18,28,2550
H033,2026-10-19,19,2600
H033,2026-10-20,26,2550
H033,2026-10-21,31,2500
H033,2026-10-22,24,2550
H033,2026-10-23,27,2750
H033,2026-10-24,13,2850
H033,2026-10-25,28,2550
H033,2026-10-26,29,2550
H033,2026-10-27,30,2550
H033,2026-10-28,32,2500
H033,2026-10-29,33,2500
H033,2026-10-30,14,2800
H033,2026-10-31,12,2850
H033,2026-11-01,31,2500
H033,2026-11-02,21,2550
H033,2026-11-03,33,2500
H033,2026-11-04,21,2550
H033,2026-11-05,35,2500
H033,2026-11-06,8,3250
H033,2026-11-07,7,3250
H033,2026-11-08,12,3000
H033,2026-11-09,9,3000
H033,2026-11-10,10,3000
H033,2026-11-11,19,2600
H033,2026-11-12,27,2550
H033,2026-11-13,13,2850
H033,2026-11-14,17,2800
H033,2026-11-15,25,2550
H033,2026-11-16,22,2550
H033,2026-11-17,26,2550
H033,2026-11-18,24,2550
H033,2026-11-19,33,2500
H033,2026-11-20,25,2750
H033,2026-11-21,14,2800
H033,2026-11-22,19,2600
H033,2026-11-23,31,2500
H033,2026-11-24,34,2500
H033,2026-11-25,30,2500
H033,2026-11-26,19,2600
H033,2026-11-27,20,2800
H033,2026-11-28,18,2800
H033,2026-11-29,25,2550
H033,2026-11-30,20,2600
H033,2026-12-01,22,2550
H033,2026-12-02,25,2550
H033,2026-12-03,24,2550
H033,2026-12-04,15,2800
H033,2026-12-05,27,2750
H033,2026-12-06,20,2600
H033,2026-12-07,28,2550
H033,2026-12-08,34,2500
H033,2026-12-09,30,2500
H033,2026-12-10,22,2550
H033,2026-12-11,20,2800
H033,2026-12-12,21,2800
H033,2026-12-13,30,2550
H033,2026-12-14,29,2550
H033,2026-12-15,34,2500
H033,2026-12-16,30,2550
H033,2026-12-17,24,2550
H033,2026-12-18,27,2750
H033,2026-12-19,16,2800
H033,2026-12-20,3,3050
H033,2026-12-21,8,3000
H033,2026-12-22,20,2950
H033,2026-12-23,11,3000
H033,2026-12-24,5,3050
H033,2026-12-25,2,3250
H033,2026-12-26,10,3200
H033,2026-12-27,15,3000
H033,2026-12-28,3,3050
H033,2026-12-29,12,3000
H033,2026-12-30,8,3000
H033,2026-12-31,11,3000
H033,2027-01-01,2,3250
H033,2027-01-02,2,3250
H033,2027-01-03,21,2550
H033,2027-01-04,19,2600
H033,2027-01-05,27,2550
H033,2027-01-06,24,2550
H033,2027-01-07,33,2500
H033,2027-01-08,20,2800
H033,2027-01-09,14,2800
H033,2027-01-10,30,2550
H033,2027-01-11,28,2550
H033,2027-01-12,27,2550
H033,2027-01-13,35,2500
H033,2027-01-14,26,2550
H033,2027-01-15,21,2800
H033,2027-01-16,11,2850
H033,2027-01-17,21,2550
H033,2027-01-18,30,2550
H033,2027-01-19,29,2550
H033,2027-01-20,29,2550
H033,2027-01-21,34,2500
H033,2027-01-22,17,2800
H033,2027-01-23,18,2800
H033,2027-01-24,25,2550
H033,2027-01-25,22,2550
H033,2027-01-26,27,2550
H033,2027-01-27,27,2550
H033,2027-01-28,24,2550
H033,2027-01-29,17,2800
H033,2027-01-30,23,2750
H033,2027-01-31,29,2550
H033,2027-02-01,29,2550
H033,2027-02-02,19,2600
H033,2027-02-03,32,2500
H033,2027-02-04,23,2550
H033,2027-02-05,14,2800
H033,2027-02-06,19,2800
H033,2027-02-07,22,2550
H033,2027-02-08,26,2550
H033,2027-02-09,28,2550
H033,2027-02-10,27,2550
H033,2027-02-11,26,2550
H033,2027-02-12,19,2800
H033,2027-02-13,20,2800
H033,2027-02-14,28,2550
H033,2027-02-15,30,2500
H033,2027-02-16,29,2550
H033,2027-02-17,34,2500
H033,2027-02-18,24,2550
H033,2027-02-19,13,2800
H033,2027-02-20,25,2750
H033,2027-02-21,21,2600
H033,2027-02-22,32,2500
H033,2027-02-23,23,2550
H033,2027-02-24,33,2500
H033,2027-02-25,20,2600
H033,2027-02-26,12,2850
H033,2027-02-27,17,2800
H033,2027-02-28,28,2550
H033,2027-03-01,29,2550
H033,2027-03-02,25,2550
H033,2027-03-03,29,2550
H033,2027-03-04,21,2550
H033,2027-03-05,21,2800
H033,2027-03-06,12,2850
H033,2027-03-07,23,2550
H033,2027-03-08,20,2600
H033,2027-03-09,22,2550
H033,2027-03-10,27,2550
H033,2027-03-11,25,2550
H033,2027-03-12,15,2800
H033,2027-03-13,14,2800
H033,2027-03-14,21,2550
H033,2027-03-15,20,2600
H033,2027-03-16,33,2500
H033,2027-03-17,32,2500
H033,2027-03-18,29,2550
H033,2027-03-19,14,2800
H033,2027-03-20,25,2750
H033,2027-03-21,29,2550
H033,2027-03-22,33,2500
H033,2027-03-23,35,2500
H033,2027-03-24,23,2550
H033,2027-03-25,33,2500
H033,2027-03-26,18,2800
H033,2027-03-27,15,2800
H033,2027-03-28,34,2500
H033,2027-03-29,28,2550
H033,2027-03-30,33,2500
H033,2027-03-31,28,2550
H034,2026-10-01,13,3000
H034,2026-10-02,9,3350
H034,2026-10-03,6,3350
H034,2026-10-04,14,3000
H034,2026-10-05,14,3000
H034,2026-10-06,12,3050
H034,2026-10-07,11,3050
H034,2026-10-08,11,3050
H034,2026-10-09,9,3300
H034,2026-10-10,5,3350
H034,2026-10-11,11,3050
H034,2026-10-12,11,3050
H034,2026-10-13,9,3100
H034,2026-10-14,15,3000
H034,2026-10-15,14,3000
H034,2026-10-16,10,3300
H034,2026-10-17,5,3400
H034,2026-10-18,10,3050
H034,2026-10-19,11,3050
H034,2026-10-20,13,3000
H034,2026-10-21,14,3000
H034,2026-10-22,10,3050
H034,2026-10-23,10,3300
H034,2026-10-24,8,3350
H034,2026-10-25,14,3000
H034,2026-10-26,12,3050
H034,2026-10-27,13,3000
H034,2026-10-28,10,3050
H034,2026-10-29,16,2950
H034,2026-10-30,6,3350
H034,2026-10-31,13,3250
H034,2026-11-01,16,3000
H034,2026-11-02,16,3000
H034,2026-11-03,10,3050
H034,2026-11-04,9,3100
H034,2026-11-05,13,3000
H034,2026-11-06,1,3900
H034,2026-11-07,4,3850
H034,2026-11-08,9,3550
H034,2026-11-09,2,3600
H034,2026-11-10,3,3600
H034,2026-11-11,11,3050
H034,2026-11-12,11,3050
H034,2026-11-13,7,3350
H034,2026-11-14,9,3350
H034,2026-11-15,12,3050
H034,2026-11-16,14,3000
H034,2026-11-17,11,3050
H034,2026-11-18,15,3000
H034,2026-11-19,13,3050
H034,2026-11-20,7,3350
H034,2026-11-21,6,3350
H034,2026-11-22,16,3000
H034,2026-11-23,14,3000
H034,2026-11-24,13,3000
H034,2026-11-25,11,3050
H034,2026-11-26,12,3050
H034,2026-11-27,10,3300
H034,2026-11-28,5,3350
H034,2026-11-29,14,3000
H034,2026-11-30,12,3050
H034,2026-12-01,11,3050
H034,2026-12-02,12,3050
H034,2026-12-03,13,3000
H034,2026-12-04,8,3350
H034,2026-12-05,8,3350
H034,2026-12-06,14,3000
H034,2026-12-07,16,3000
H034,2026-12-08,12,3050
H034,2026-12-09,10,3050
H034,2026-12-10,13,3000
H034,2026-12-11,11,3300
H034,2026-12-12,12,3300
H034,2026-12-13,10,3050
H034,2026-12-14,16,3000
H034,2026-12-15,12,3050
H034,2026-12-16,13,3000
H034,2026-12-17,10,3050
H034,2026-12-18,7,3350
H034,2026-12-19,11,3300
H034,2026-12-20,9,3500
H034,2026-12-21,5,3600
H034,2026-12-22,6,3550
H034,2026-12-23,5,3600
H034,2026-12-24,8,3550
H034,2026-12-25,2,3900
H034,2026-12-26,1,3900
H034,2026-12-27,5,3600
H034,2026-12-28,5,3600
H034,2026-12-29,3,3600
H034,2026-12-30,7,3550
H034,2026-12-31,6,3550
H034,2027-01-01,3,3850
H034,2027-01-02,1,3900
H034,2027-01-03,11,3050
H034,2027-01-04,16,3000
H034,2027-01-05,12,3050
H034,2027-01-06,14,3000
H034,2027-01-07,14,3000
H034,2027-01-08,8,3350
H034,2027-01-09,12,3300
H034,2027-01-10,16,2950
H034,2027-01-11,15,3000
H034,2027-01-12,13,3000
H034,2027-01-13,14,3000
H034,2027-01-14,16,3000
H034,2027-01-15,6,3350
H034,2027-01-16,6,3350
H034,2027-01-17,9,3100
H034,2027-01-18,15,3000
H034,2027-01-19,13,3000
H034,2027-01-20,9,3100
H034,2027-01-21,13,3000
H034,2027-01-22,10,3300
H034,2027-01-23,13,3300
H034,2027-01-24,12,3050
H034,2027-01-25,10,3050
H034,2027-01-26,13,3000
H034,2027-01-27,11,3050
H034,2027-01-28,12,3050
H034,2027-01-29,10,3300
H034,2027-01-30,11,3300
H034,2027-01-31,15,3000
H034,2027-02-01,16,3000
H034,2027-02-02,16,3000
H034,2027-02-03,14,3000
H034,2027-02-04,9,3100
H034,2027-02-05,12,3300
H034,2027-02-06,5,3350
H034,2027-02-07,11,3050
H034,2027-02-08,17,2950
H034,2027-02-09,15,3000
H034,2027-02-10,16,3000
H034,2027-02-11,15,3000
H034,2027-02-12,9,3300
H034,2027-02-13,10,3300
H034,2027-02-14,15,3000
H034,2027-02-15,15,3000
H034,2027-02-16,15,3000
H034,2027-02-17,10,3050
H034,2027-02-18,13,3000
H034,2027-02-19,7,3350
H034,2027-02-20,6,3350
H034,2027-02-21,16,2950
H034,2027-02-22,15,3000
H034,2027-02-23,10,3050
H034,2027-02-24,10,3050
H034,2027-02-25,15,3000
H034,2027-02-26,5,3400
H034,2027-02-27,7,3350
H034,2027-02-28,10,3050
H034,2027-03-01,14,3000
H034,2027-03-02,11,3050
H034,2027-03-03,9,3100
H034,2027-03-04,16,3000
H034,2027-03-05,9,3300
H034,2027-03-06,5,3400
H034,2027-03-07,11,3050
H034,2027-03-08,14,3000
H034,2027-03-09,13,3000
H034,2027-03-10,12,3050
H034,2027-03-11,12,3050
H034,2027-03-12,11,3300
H034,2027-03-13,9,3350
H034,2027-03-14,14,3000
H034,2027-03-15,12,3050
H034,2027-03-16,14,3000
H034,2027-03-17,12,3050
H034,2027-03-18,12,3050
H034,2027-03-19,13,3300
H034,2027-03-20,13,3300
H034,2027-03-21,16,3000
H034,2027-03-22,16,2950
H034,2027-03-23,10,3050
H034,2027-03-24,9,3100
H034,2027-03-25,15,3000
H034,2027-03-26,9,3300
H034,2027-03-27,5,3350
H034,2027-03-28,10,3050
H034,2027-03-29,9,3050
H034,2027-03-30,10,3050
H034,2027-03-31,10,3050
H035,2026-10-01,51,9050
H035,2026-10-02,22,10200
H035,2026-10-03,33,10050
H035,2026-10-04,40,9200
H035,2026-10-05,46,9150
H035,2026-10-06,43,9200
H035,2026-10-07,30,9350
H035,2026-10-08,40,9200
H035,2026-10-09,34,10050
H035,2026-10-10,28,10150
H035,2026-10-11,38,9250
H035,2026-10-12,43,9200
H035,2026-10-13,31,9350
H035,2026-10-14,43,9150
H035,2026-10-15,51,9050
H035,2026-10-16,21,10200
H035,2026-10-17,31,10100
H035,2026-10-18,49,9100
H035,2026-10-19,39,9250
H035,2026-10-20,38,9250
H035,2026-10-21,45,9150
H035,2026-10-22,34,9300
H035,2026-10-23,30,10100
H035,2026-10-24,20,10250
H035,2026-10-25,30,9350
H035,2026-10-26,29,9350
H035,2026-10-27,30,9350
H035,2026-10-28,33,9300
H035,2026-10-29,39,9250
H035,2026-10-30,36,10050
H035,2026-10-31,25,10150
H035,2026-11-01,45,9150
H035,2026-11-02,37,9250
H035,2026-11-03,49,9100
H035,2026-11-04,36,9250
H035,2026-11-05,48,9100
H035,2026-11-06,16,11650
H035,2026-11-07,9,11750
H035,2026-11-08,13,10950
H035,2026-11-09,12,10950
H035,2026-11-10,7,11000
H035,2026-11-11,50,9100
H035,2026-11-12,33,9300
H035,2026-11-13,23,10200
H035,2026-11-14,27,10150
H035,2026-11-15,46,9150
H035,2026-11-16,53,9050
H035,2026-11-17,42,9200
H035,2026-11-18,30,9350
H035,2026-11-19,35,9300
H035,2026-11-20,39,10000
H035,2026-11-21,28,10150
H035,2026-11-22,47,9100
H035,2026-11-23,30,9350
H035,2026-11-24,52,9050
H035,2026-11-25,49,9100
H035,2026-11-26,52,9050
H035,2026-11-27,32,10050
H035,2026-11-28,41,9950
H035,2026-11-29,40,9200
H035,2026-11-30,39,9200
H035,2026-12-01,39,9250
H035,2026-12-02,34,9300
H035,2026-12-03,32,9300
H035,2026-12-04,35,10050
H035,2026-12-05,20,10250
H035,2026-12-06,54,9050
H035,2026-12-07,33,9300
H035,2026-12-08,36,9250
H035,2026-12-09,33,9300
H035,2026-12-10,52,9050
H035,2026-12-11,20,10250
H035,2026-12-12,40,9950
H035,2026-12-13,32,9300
H035,2026-12-14,38,9250
H035,2026-12-15,34,9300
H035,2026-12-16,29,9350
H035,2026-12-17,48,9100
H035,2026-12-18,29,10100
H035,2026-12-19,24,10200
H035,2026-12-20,9,11000
H035,2026-12-21,9,10950
H035,2026-12-22,13,10900
H035,2026-12-23,27,10750
H035,2026-12-24,13,10950
H035,2026-12-25,11,11700
H035,2026-12-26,4,11800
H035,2026-12-27,14,10900
H035,2026-12-28,9,11000
H035,2026-12-29,29,10700
H035,2026-12-30,30,10700
H035,2026-12-31,21,10800
H035,2027-01-01,6,11800
H035,2027-01-02,14,11650
H035,2027-01-03,54,9050
H035,2027-01-04,33,9300
H035,2027-01-05,39,9200
H035,2027-01-06,39,9250
H035,2027-01-07,42,9200
H035,2027-01-08,26,10150
H035,2027-01-09,29,10100
H035,2027-01-10,39,9250
H035,2027-01-11,49,9100
H035,2027-01-12,45,9150
H035,2027-01-13,51,9050
H035,2027-01-14,39,9250
H035,2027-01-15,34,10050
H035,2027-01-16,27,10150
H035,2027-01-17,48,9100
H035,2027-01-18,46,9150
H035,2027-01-19,34,9300
H035,2027-01-20,30,9350
H035,2027-01-21,33,9300
H035,2027-01-22,27,10150
H035,2027-01-23,22,10200
H035,2027-01-24,48,9100
H035,2027-01-25,34,9300
H035,2027-01-26,37,9250
H035,2027-01-27,36,9250
H035,2027-01-28,53,9050
H035,2027-01-29,20,10250
H035,2027-01-30,30,10100
H035,2027-01-31,39,9200
H035,2027-02-01,54,9050
H035,2027-02-02,54,9050
H035,2027-02-03,32,9300
H035,2027-02-04,48,9100
H035,2027-02-05,38,10000
H035,2027-02-06,32,10100
H035,2027-02-07,46,9150
H035,2027-02-08,28,9350
H035,2027-02-09,51,9100
H035,2027-02-10,49,9100
H035,2027-02-11,51,9050
H035,2027-02-12,34,10050
H035,2027-02-13,31,10100
H035,2027-02-14,30,9350
H035,2027-02-15,40,9200
H035,2027-02-16,52,9050
H035,2027-02-17,29,9350
H035,2027-02-18,31,9350
H035,2027-02-19,26,10150
H035,2027-02-20,24,10200
H035,2027-02-21,41,9200
H035,2027-02-22,38,9250
H035,2027-02-23,49,9100
H035,2027-02-24,50,9100
H035,2027-02-25,41,9200
H035,2027-02-26,38,10000
H035,2027-02-27,25,10150
H035,2027-02-28,38,9250
H035,2027-03-01,45,9150
H035,2027-03-02,45,9150
H035,2027-03-03,33,9300
H035,2027-03-04,34,9300
H035,2027-03-05,26,10150
H035,2027-03-06,38,10000
H035,2027-03-07,45,9150
H035,2027-03-08,51,9050
H035,2027-03-09,32,9300
H035,2027-03-10,49,9100
H035,2027-03-11,47,9150
H035,2027-03-12,35,10050
H035,2027-03-13,28,10150
H035,2027-03-14,29,9350
H035,2027-03-15,34,9300
H035,2027-03-16,35,9250
H035,2027-03-17,48,9100
H035,2027-03-18,33,9300
H035,2027-03-19,23,10200
H035,2027-03-20,24,10200
H035,2027-03-21,47,9100
H035,2027-03-22,41,9200
H035,2027-03-23,29,9350
H035,2027-03-24,46,9150
H035,2027-03-25,35,9300
H035,2027-03-26,25,10150
H035,2027-03-27,42,9950
H035,2027-03-28,36,9250
H035,2027-03-29,29,9350
H035,2027-03-30,47,9150
H035,2027-03-31,51,9050
H036,2026-10-01,51,12150
H036,2026-10-02,21,13600
H036,2026-10-03,20,13650
H036,2026-10-04,59,12000
H036,2026-10-05,55,12100
H036,2026-10-06,53,12100
H036,2026-10-07,58,12050
H036,2026-10-08,35,12400
H036,2026-10-09,46,13250
H036,2026-10-10,28,13500
H036,2026-10-11,54,12100
H036,2026-10-12,32,12450
H036,2026-10-13,58,12050
H036,2026-10-14,60,12000
H036,2026-10-15,51,12150
H036,2026-10-16,38,13350
H036,2026-10-17,37,13350
H036,2026-10-18,35,12400
H036,2026-10-19,45,12250
H036,2026-10-20,56,12050
H036,2026-10-21,38,12350
H036,2026-10-22,44,12250
H036,2026-10-23,26,13550
H036,2026-10-24,40,13350
H036,2026-10-25,46,12200
H036,2026-10-26,37,12350
H036,2026-10-27,36,12400
H036,2026-10-28,43,12250
H036,2026-10-29,42,12300
H036,2026-10-30,45,13250
H036,2026-10-31,23,13600
H036,2026-11-01,47,12200
H036,2026-11-02,52,12150
H036,2026-11-03,58,12050
H036,2026-11-04,46,12200
H036,2026-11-05,54,12100
H036,2026-11-06,15,15550
H036,2026-11-07,19,15450
H036,2026-11-08,14,14550
H036,2026-11-09,34,14200
H036,2026-11-10,8,14600
H036,2026-11-11,49,12150
H036,2026-11-12,32,12450
H036,2026-11-13,43,13250
H036,2026-11-14,26,13550
H036,2026-11-15,42,12250
H036,2026-11-16,39,12350
H036,2026-11-17,51,12150
H036,2026-11-18,38,12350
H036,2026-11-19,42,12250
H036,2026-11-20,31,13450
H036,2026-11-21,39,13350
H036,2026-11-22,43,12250
H036,2026-11-23,57,12050
H036,2026-11-24,32,12450
H036,2026-11-25,42,12300
H036,2026-11-26,47,12200
H036,2026-11-27,27,13550
H036,2026-11-28,37,13350
H036,2026-11-29,35,12400
H036,2026-11-30,45,12250
H036,2026-12-01,33,12400
H036,2026-12-02,46,12200
H036,2026-12-03,37,12350
H036,2026-12-04,32,13450
H036,2026-12-05,19,13650
H036,2026-12-06,41,12300
H036,2026-12-07,37,12350
H036,2026-12-08,38,12350
H036,2026-12-09,52,12150
H036,2026-12-10,54,12100
H036,2026-12-11,31,13450
H036,2026-12-12,23,13600
H036,2026-12-13,42,12300
H036,2026-12-14,51,12150
H036,2026-12-15,41,12300
H036,2026-12-16,35,12400
H036,2026-12-17,43,12250
H036,2026-12-18,41,13300
H036,2026-12-19,43,13250
H036,2026-12-20,20,14450
H036,2026-12-21,22,14400
H036,2026-12-22,17,14500
H036,2026-12-23,26,14350
H036,2026-12-24,14,14500
H036,2026-12-25,10,15600
H036,2026-12-26,12,15550
H036,2026-12-27,11,14600
H036,2026-12-28,31,14250
H036,2026-12-29,8,14600
H036,2026-12-30,13,14550
H036,2026-12-31,31,14250
H036,2027-01-01,4,15700
H036,2027-01-02,17,15500
H036,2027-01-03,32,12450
H036,2027-01-04,48,12200
H036,2027-01-05,38,12350
H036,2027-01-06,53,12100
H036,2027-01-07,36,12350
H036,2027-01-08,36,13400
H036,2027-01-09,24,13550
H036,2027-01-10,33,12400
H036,2027-01-11,38,12350
H036,2027-01-12,48,12200
H036,2027-01-13,49,12200
H036,2027-01-14,46,12200
H036,2027-01-15,46,13250
H036,2027-01-16,28,13500
H036,2027-01-17,42,12300
H036,2027-01-18,60,12000
H036,2027-01-19,48,12200
H036,2027-01-20,32,12450
H036,2027-01-21,37,12350
H036,2027-01-22,24,13550
H036,2027-01-23,25,13550
H036,2027-01-24,39,12350
H036,2027-01-25,56,12050
H036,2027-01-26,48,12200
H036,2027-01-27,42,12250
H036,2027-01-28,34,12400
H036,2027-01-29,36,13400
H036,2027-01-30,27,13500
H036,2027-01-31,52,12150
H036,2027-02-01,58,12050
H036,2027-02-02,37,12350
H036,2027-02-03,59,12000
H036,2027-02-04,33,12450
H036,2027-02-05,45,13250
H036,2027-02-06,24,13550
H036,2027-02-07,42,12300
H036,2027-02-08,55,12100
H036,2027-02-09,59,12000
H036,2027-02-10,54,12100
H036,2027-02-11,40,12300
H036,2027-02-12,35,13400
H036,2027-02-13,23,13600
H036,2027-02-14,39,12350
H036,2027-02-15,33,12400
H036,2027-02-16,54,12100
H036,2027-02-17,34,12400
H036,2027-02-18,32,12450
H036,2027-02-19,35,13400
H036,2027-02-20,37,13350
H036,2027-02-21,48,12200
H036,2027-02-22,43,12250
H036,2027-02-23,41,12300
H036,2027-02-24,56,12050
H036,2027-02-25,53,12100
H036,2027-02-26,37,13350
H036,2027-02-27,37,13350
H036,2027-02-28,52,12100
H036,2027-03-01,56,12050
H036,2027-03-02,32,12450
H036,2027-03-03,54,12100
H036,2027-03-04,45,12250
H036,2027-03-05,24,13550
H036,2027-03-06,41,13300
H036,2027-03-07,57,12050
H036,2027-03-08,43,12250
H036,2027-03-09,34,12400
H036,2027-03-10,39,12350
H036,2027-03-11,37,12350
H036,2027-03-12,38,13350
H036,2027-03-13,27,13550
H036,2027-03-14,32,12450
H036,2027-03-15,57,12050
H036,2027-03-16,44,12250
H036,2027-03-17,49,12150
H036,2027-03-18,39,12300
H036,2027-03-19,39,13350
H036,2027-03-20,35,13400
H036,2027-03-21,38,12350
H036,2027-03-22,58,12050
H036,2027-03-23,56,12050
H036,2027-03-24,54,12100
H036,2027-03-25,42,12300
H036,2027-03-26,39,13350
H036,2027-03-27,34,13400
H036,2027-03-28,52,12150
H036,2027-03-29,47,12200
H036,2027-03-30,44,12250
H036,2027-03-31,50,12150
H037,2026-10-01,8,1700
H037,2026-10-02,6,1950
H037,2026-10-03,4,2000
H037,2026-10-04,7,1750
H037,2026-10-05,7,1700
H037,2026-10-06,6,1750
H037,2026-10-07,8,1700
H037,2026-10-08,8,1700
H037,2026-10-09,7,1950
H037,2026-10-10,6,1950
H037,2026-10-11,6,1750
H037,2026-10-12,8,1700
H037,2026-10-13,7,1750
H037,2026-10-14,8,1700
H037,2026-10-15,6,1750
H037,2026-10-16,6,1950
H037,2026-10-17,6,1950
H037,2026-10-18,7,1750
H037,2026-10-19,6,1750
H037,2026-10-20,8,1700
H037,2026-10-21,7,1750
H037,2026-10-22,6,1750
H037,2026-10-23,5,1950
H037,2026-10-24,7,1900
H037,2026-10-25,6,1750
H037,2026-10-26,7,1750
H037,2026-10-27,7,1750
H037,2026-10-28,7,1750
H037,2026-10-29,6,1750
H037,2026-10-30,6,1950
H037,2026-10-31,5,2000
H037,2026-11-01,8,1700
H037,2026-11-02,8,1700
H037,2026-11-03,8,1700
H037,2026-11-04,6,1750
H037,2026-11-05,8,1700
H037,2026-11-06,4,2300
H037,2026-11-07,3,2350
H037,2026-11-08,3,2150
H037,2026-11-09,5,2100
H037,2026-11-10,5,2150
H037,2026-11-11,7,1700
H037,2026-11-12,7,1750
H037,2026-11-13,4,2000
H037,2026-11-14,7,1900
H037,2026-11-15,8,1700
H037,2026-11-16,6,1750
H037,2026-11-17,7,1750
H037,2026-11-18,7,1750
H037,2026-11-19,7,1700
H037,2026-11-20,5,2000
H037,2026-11-21,5,2000
H037,2026-11-22,6,1750
H037,2026-11-23,6,1750
H037,2026-11-24,6,1750
H037,2026-11-25,7,1700
H037,2026-11-26,6,1750
H037,2026-11-27,7,1900
H037,2026-11-28,5,2000
H037,2026-11-29,6,1750
H037,2026-11-30,8,1700
H037,2026-12-01,7,1750
H037,2026-12-02,8,1700
H037,2026-12-03,7,1750
H037,2026-12-04,5,1950
H037,2026-12-05,5,1950
H037,2026-12-06,6,1750
H037,2026-12-07,7,1750
H037,2026-12-08,8,1700
H037,2026-12-09,8,1700
H037,2026-12-10,8,1700
H037,2026-12-11,6,1950
H037,2026-12-12,6,1950
H037,2026-12-13,7,1750
H037,2026-12-14,6,1750
H037,2026-12-15,8,1700
H037,2026-12-16,8,1700
H037,2026-12-17,6,1750
H037,2026-12-18,6,1950
H037,2026-12-19,6,1950
H037,2026-12-20,4,2150
H037,2026-12-21,4,2150
H037,2026-12-22,4,2150
H037,2026-12-23,5,2100
H037,2026-12-24,4,2150
H037,2026-12-25,4,2300
H037,2026-12-26,3,2350
H037,2026-12-27,6,2100
H037,2026-12-28,4,2150
H037,2026-12-29,4,2150
H037,2026-12-30,6,2100
H037,2026-12-31,4,2150
H037,2027-01-01,3,2350
H037,2027-01-02,3,2350
H037,2027-01-03,6,1800
H037,2027-01-04,8,1700
H037,2027-01-05,6,1800
H037,2027-01-06,6,1750
H037,2027-01-07,7,1700
H037,2027-01-08,6,1950
H037,2027-01-09,6,1950
H037,2027-01-10,7,1700
H037,2027-01-11,8,1700
H037,2027-01-12,7,1750
H037,2027-01-13,7,1750
H037,2027-01-14,7,1750
H037,2027-01-15,5,1950
H037,2027-01-16,6,1950
H037,2027-01-17,8,1700
H037,2027-01-18,7,1700
H037,2027-01-19,8,1700
H037,2027-01-20,6,1750
H037,2027-01-21,7,1750
H037,2027-01-22,7,1900
H037,2027-01-23,5,1950
H037,2027-01-24,7,1750
H037,2027-01-25,7,1750
H037,2027-01-26,6,1750
H037,2027-01-27,6,1750
H037,2027-01-28,7,1750
H037,2027-01-29,5,1950
H037,2027-01-30,6,1950
H037,2027-01-31,8,1700
H037,2027-02-01,6,1750
H037,2027-02-02,6,1750
H037,2027-02-03,7,1750
H037,2027-02-04,7,1750
H037,2027-02-05,5,2000
H037,2027-02-06,7,1900
H037,2027-02-07,6,1750
H037,2027-02-08,7,1750
H037,2027-02-09,6,1750
H037,2027-02-10,6,1750
H037,2027-02-11,7,1750
H037,2027-02-12,5,1950
H037,2027-02-13,5,2000
H037,2027-02-14,6,1750
H037,2027-02-15,6,1750
H037,2027-02-16,6,1750
H037,2027-02-17,7,1700
H037,2027-02-18,8,1700
H037,2027-02-19,6,1950
H037,2027-02-20,5,2000
H037,2027-02-21,6,1750
H037,2027-02-22,8,1700
H037,2027-02-23,6,1750
H037,2027-02-24,8,1700
H037,2027-02-25,8,1700
H037,2027-02-26,5,2000
H037,2027-02-27,5,1950
H037,2027-02-28,7,1750
H037,2027-03-01,7,1750
H037,2027-03-02,8,1700
H037,2027-03-03,6,1750
H037,2027-03-04,7,1750
H037,2027-03-05,7,1950
H037,2027-03-06,7,1950
H037,2027-03-07,8,1700
H037,2027-03-08,7,1750
H037,2027-03-09,8,1700
H037,2027-03-10,7,1750
H037,2027-03-11,7,1750
H037,2027-03-12,5,1950
H037,2027-03-13,5,1950
H037,2027-03-14,7,1750
H037,2027-03-15,6,1750
H037,2027-03-16,8,1700
H037,2027-03-17,8,1700
H037,2027-03-18,7,1750
H037,2027-03-19,6,1950
H037,2027-03-20,5,2000
H037,2027-03-21,7,1750
H037,2027-03-22,6,1750
H037,2027-03-23,6,1800
H037,2027-03-24,6,1750
H037,2027-03-25,6,1750
H037,2027-03-26,7,1900
H037,2027-03-27,7,1950
H037,2027-03-28,8,1700
H037,2027-03-29,8,1700
H037,2027-03-30,6,1750
H037,2027-03-31,6,1750
H038,2026-10-01,17,1900
H038,2026-10-02,13,2150
H038,2026-10-03,14,2150
H038,2026-10-04,18,1900
H038,2026-10-05,17,1900
H038,2026-10-06,15,1900
H038,2026-10-07,17,1900
H038,2026-10-08,16,1900
H038,2026-10-09,15,2150
H038,2026-10-10,14,2150
H038,2026-10-11,17,1900
H038,2026-10-12,14,1950
H038,2026-10-13,13,1950
H038,2026-10-14,16,1900
H038,2026-10-15,17,1900
H038,2026-10-16,11,2200
H038,2026-10-17,9,2200
H038,2026-10-18,17,1900
H038,2026-10-19,15,1950
H038,2026-10-20,14,1950
H038,2026-10-21,16,1900
H038,2026-10-22,14,1950
H038,2026-10-23,12,2150
H038,2026-10-24,14,2150
H038,2026-10-25,13,1950
H038,2026-10-26,12,1950
H038,2026-10-27,13,1950
H038,2026-10-28,17,1900
H038,2026-10-29,14,1950
H038,2026-10-30,13,2150
H038,2026-10-31,15,2150
H038,2026-11-01,15,1900
H038,2026-11-02,14,1950
H038,2026-11-03,15,1950
H038,2026-11-04,12,1950
H038,2026-11-05,17,1900
H038,2026-11-06,10,2550
H038,2026-11-07,9,2600
H038,2026-11-08,10,2350
H038,2026-11-09,8,2400
H038,2026-11-10,7,2400
H038,2026-11-11,17,1900
H038,2026-11-12,13,1950
H038,2026-11-13,15,2150
H038,2026-11-14,12,2200
H038,2026-11-15,18,1900
H038,2026-11-16,18,1900
H038,2026-11-17,16,1900
H038,2026-11-18,14,1950
H038,2026-11-19,15,1900
H038,2026-11-20,13,2150
H038,2026-11-21,14,2150
H038,2026-11-22,13,1950
H038,2026-11-23,14,1950
H038,2026-11-24,17,1900
H038,2026-11-25,17,1900
H038,2026-11-26,13,1950
H038,2026-11-27,11,2200
H038,2026-11-28,13,2150
H038,2026-11-29,16,1900
H038,2026-11-30,13,1950
H038,2026-12-01,13,1950
H038,2026-12-02,15,1950
H038,2026-12-03,15,1950
H038,2026-12-04,12,2200
H038,2026-12-05,13,2150
H038,2026-12-06,15,1900
H038,2026-12-07,15,1950
H038,2026-12-08,18,1900
H038,2026-12-09,16,1900
H038,2026-12-10,16,1900
H038,2026-12-11,12,2200
H038,2026-12-12,11,2200
H038,2026-12-13,15,1950
H038,2026-12-14,16,1900
H038,2026-12-15,13,1950
H038,2026-12-16,13,1950
H038,2026-12-17,16,1900
H038,2026-12-18,15,2150
H038,2026-12-19,10,2200
H038,2026-12-20,8,2400
H038,2026-12-21,11,2350
H038,2026-12-22,9,2400
H038,2026-12-23,8,2400
H038,2026-12-24,12,2350
H038,2026-12-25,8,2600
H038,2026-12-26,6,2600
H038,2026-12-27,11,2350
H038,2026-12-28,12,2350
H038,2026-12-29,7,2400
H038,2026-12-30,10,2350
H038,2026-12-31,8,2400
H038,2027-01-01,8,2600
H038,2027-01-02,5,2650
H038,2027-01-03,16,1900
H038,2027-01-04,18,1900
H038,2027-01-05,17,1900
H038,2027-01-06,13,1950
H038,2027-01-07,12,1950
H038,2027-01-08,15,2150
H038,2027-01-09,14,2150
H038,2027-01-10,16,1900
H038,2027-01-11,15,1950
H038,2027-01-12,12,1950
H038,2027-01-13,15,1950
H038,2027-01-14,17,1900
H038,2027-01-15,14,2150
H038,2027-01-16,10,2200
H038,2027-01-17,12,1950
H038,2027-01-18,14,1950
H038,2027-01-19,15,1950
H038,2027-01-20,14,1950
H038,2027-01-21,13,1950
H038,2027-01-22,14,2150
H038,2027-01-23,10,2200
H038,2027-01-24,13,1950
H038,2027-01-25,15,1950
H038,2027-01-26,13,1950
H038,2027-01-27,16,1900
H038,2027-01-28,16,1900
H038,2027-01-29,11,2200
H038,2027-01-30,10,2200
H038,2027-01-31,14,1950
H038,2027-02-01,16,1900
H038,2027-02-02,14,1950
H038,2027-02-03,13,1950
H038,2027-02-04,15,1900
H038,2027-02-05,10,2200
H038,2027-02-06,14,2150
H038,2027-02-07,17,1900
H038,2027-02-08,12,1950
H038,2027-02-09,17,1900
H038,2027-02-10,17,1900
H038,2027-02-11,14,1950
H038,2027-02-12,15,2150
H038,2027-02-13,13,2150
H038,2027-02-14,14,1950
H038,2027-02-15,15,1900
H038,2027-02-16,15,1950
H038,2027-02-17,14,1950
H038,2027-02-18,13,1950
H038,2027-02-19,11,2200
H038,2027-02-20,14,2150
H038,2027-02-21,13,1950
H038,2027-02-22,15,1950
H038,2027-02-23,17,1900
H038,2027-02-24,17,1900
H038,2027-02-25,14,1950
H038,2027-02-26,11,2200
H038,2027-02-27,12,2200
H038,2027-02-28,14,1950
H038,2027-03-01,12,1950
H038,2027-03-02,14,1950
H038,2027-03-03,14,1950
H038,2027-03-04,15,1950
H038,2027-03-05,10,2200
H038,2027-03-06,10,2200
H038,2027-03-07,13,1950
H038,2027-03-08,15,1950
H038,2027-03-09,15,1950
H038,2027-03-10,15,1950
H038,2027-03-11,12,1950
H038,2027-03-12,11,2200
H038,2027-03-13,10,2200
H038,2027-03-14,15,1950
H038,2027-03-15,14,1950
H038,2027-03-16,14,1950
H038,2027-03-17,13,1950
H038,2027-03-18,13,1950
H038,2027-03-19,12,2200
H038,2027-03-20,12,2200
H038,2027-03-21,14,1950
H038,2027-03-22,14,1950
H038,2027-03-23,16,1900
H038,2027-03-24,17,1900
H038,2027-03-25,17,1900
H038,2027-03-26,13,2150
H038,2027-03-27,15,2150
H038,2027-03-28,12,1950
H038,2027-03-29,14,1950
H038,2027-03-30,13,1950
H038,2027-03-31,15,1950
H039,2026-10-01,18,2100
H039,2026-10-02,14,2400
H039,2026-10-03,11,2450
H039,2026-10-04,15,2150
H039,2026-10-05,17,2100
H039,2026-10-06,16,2150
H039,2026-10-07,18,2100
H039,2026-10-08,16,2150
H039,2026-10-09,12,2400
H039,2026-10-10,14,2400
H039,2026-10-11,19,2100
H039,2026-10-12,18,2100
H039,2026-10-13,14,2150
H039,2026-10-14,14,2150
H039,2026-10-15,19,2100
H039,2026-10-16,13,2400
H039,2026-10-17,16,2350
H039,2026-10-18,15,2150
H039,2026-10-19,14,2150
H039,2026-10-20,18,2100
H039,2026-10-21,19,2100
H039,2026-10-22,18,2100
H039,2026-10-23,12,2400
H039,2026-10-24,12,2400
H039,2026-10-25,17,2100
H039,2026-10-26,19,2100
H039,2026-10-27,19,2100
H039,2026-10-28,17,2100
H039,2026-10-29,14,2150
H039,2026-10-30,12,2400
H039,2026-10-31,16,2350
H039,2026-11-01,15,2150
H039,2026-11-02,14,2150
H039,2026-11-03,19,2100
H039,2026-11-04,14,2150
H039,2026-11-05,14,2150
H039,2026-11-06,9,2850
H039,2026-11-07,5,2900
H039,2026-11-08,11,2600
H039,2026-11-09,11,2600
H039,2026-11-10,14,2550
H039,2026-11-11,17,2100
H039,2026-11-12,16,2150
H039,2026-11-13,16,2350
H039,2026-11-14,11,2450
H039,2026-11-15,15,2150
H039,2026-11-16,15,2150
H039,2026-11-17,19,2100
H039,2026-11-18,16,2150
H039,2026-11-19,15,2150
H039,2026-11-20,16,2350
H039,2026-11-21,16,2350
H039,2026-11-22,19,2100
H039,2026-11-23,14,2150
H039,2026-11-24,16,2150
H039,2026-11-25,15,2150
H039,2026-11-26,17,2100
H039,2026-11-27,17,2350
H039,2026-11-28,14,2400
H039,2026-11-29,17,2100
H039,2026-11-30,19,2100
H039,2026-12-01,19,2100
H039,2026-12-02,17,2100
H039,2026-12-03,15,2150
H039,2026-12-04,16,2350
H039,2026-12-05,14,2400
H039,2026-12-06,13,2150
H039,2026-12-07,18,2100
H039,2026-12-08,17,2100
H039,2026-12-09,17,2100
H039,2026-12-10,17,2100
H039,2026-12-11,12,2400
H039,2026-12-12,16,2350
H039,2026-12-13,18,2100
H039,2026-12-14,18,2100
H039,2026-12-15,16,2150
H039,2026-12-16,14,2150
H039,2026-12-17,18,2100
H039,2026-12-18,10,2450
H039,2026-12-19,16,2350
H039,2026-12-20,13,2550
H039,2026-12-21,13,2600
H039,2026-12-22,11,2600
H039,2026-12-23,13,2550
H039,2026-12-24,12,2600
H039,2026-12-25,8,2850
H039,2026-12-26,8,2850
H039,2026-12-27,11,2600
H039,2026-12-28,9,2650
H039,2026-12-29,11,2600
H039,2026-12-30,12,2600
H039,2026-12-31,13,2550
H039,2027-01-01,5,2900
H039,2027-01-02,6,2900
H039,2027-01-03,15,2150
H039,2027-01-04,16,2150
H039,2027-01-05,18,2100
H039,2027-01-06,15,2150
H039,2027-01-07,15,2150
H039,2027-01-08,16,2350
H039,2027-01-09,14,2400
H039,2027-01-10,18,2100
H039,2027-01-11,19,2100
H039,2027-01-12,17,2100
H039,2027-01-13,16,2150
H039,2027-01-14,17,2100
H039,2027-01-15,15,2350
H039,2027-01-16,16,2350
H039,2027-01-17,18,2100
H039,2027-01-18,14,2150
H039,2027-01-19,19,2100
H039,2027-01-20,17,2100
H039,2027-01-21,14,2150
H039,2027-01-22,12,2400
H039,2027-01-23,12,2400
H039,2027-01-24,19,2100
H039,2027-01-25,15,2150
H039,2027-01-26,20,2100
H039,2027-01-27,14,2150
H039,2027-01-28,14,2150
H039,2027-01-29,12,2400
H039,2027-01-30,15,2350
H039,2027-01-31,17,2100
H039,2027-02-01,19,2100
H039,2027-02-02,20,2100
H039,2027-02-03,17,2100
H039,2027-02-04,16,2150
H039,2027-02-05,13,2400
H039,2027-02-06,12,2400
H039,2027-02-07,16,2150
H039,2027-02-08,15,2150
H039,2027-02-09,19,2100
H039,2027-02-10,17,2100
H039,2027-02-11,17,2100
H039,2027-02-12,13,2400
H039,2027-02-13,16,2350
H039,2027-02-14,16,2150
H039,2027-02-15,19,2100
H039,2027-02-16,16,2150
H039,2027-02-17,17,2100
H039,2027-02-18,18,2100
H039,2027-02-19,12,2400
H039,2027-02-20,12,2400
H039,2027-02-21,15,2150
H039,2027-02-22,15,2150
H039,2027-02-23,16,2150
H039,2027-02-24,14,2150
H039,2027-02-25,16,2150
H039,2027-02-26,17,2350
H039,2027-02-27,13,2400
H039,2027-02-28,17,2100
H039,2027-03-01,14,2150
H039,2027-03-02,14,2150
H039,2027-03-03,19,2100
H039,2027-03-04,14,2150
H039,2027-03-05,14,2400
H039,2027-03-06,16,2350
H039,2027-03-07,17,2100
H039,2027-03-08,18,2100
H039,2027-03-09,18,2100
H039,2027-03-10,18,2100
H039,2027-03-11,14,2150
H039,2027-03-12,12,2400
H039,2027-03-13,17,2350
H039,2027-03-14,17,2100
H039,2027-03-15,14,2150
H039,2027-03-16,14,2150
H039,2027-03-17,18,2100
H039,2027-03-18,17,2150
H039,2027-03-19,15,2350
H039,2027-03-20,15,2350
H039,2027-03-21,18,2100
H039,2027-03-22,15,2150
H039,2027-03-23,14,2150
H039,2027-03-24,16,2150
H039,2027-03-25,17,2100
H039,2027-03-26,11,2450
H039,2027-03-27,12,2400
H039,2027-03-28,17,2100
H039,2027-03-29,17,2100
H039,2027-03-30,15,2150
H039,2027-03-31,18,2100
H040,2026-10-01,24,2850
H040,2026-10-02,14,3300
H040,2026-10-03,19,3250
H040,2026-10-04,18,2950
H040,2026-10-05,20,2900
H040,2026-10-06,19,2950
H040,2026-10-07,18,2950
H040,2026-10-08,19,2950
H040,2026-10-09,16,3250
H040,2026-10-10,13,3300
H040,2026-10-11,21,2900
H040,2026-10-12,18,2950
H040,2026-10-13,21,2900
H040,2026-10-14,17,2950
H040,2026-10-15,23,2850
H040,2026-10-16,13,3300
H040,2026-10-17,20,3200
H040,2026-10-18,23,2850
H040,2026-10-19,18,2950
H040,2026-10-20,17,2950
H040,2026-10-21,20,2900
H040,2026-10-22,21,2900
H040,2026-10-23,18,3250
H040,2026-10-24,18,3250
H040,2026-10-25,19,2900
H040,2026-10-26,18,2950
H040,2026-10-27,24,2850
H040,2026-10-28,24,2850
H040,2026-10-29,19,2900
H040,2026-10-30,16,3250
H040,2026-10-31,15,3300
H040,2026-11-01,23,2850
H040,2026-11-02,20,2900
H040,2026-11-03,20,2900
H040,2026-11-04,19,2900
H040,2026-11-05,18,2950
H040,2026-11-06,12,3900
H040,2026-11-07,10,3900
H040,2026-11-08,12,3600
H040,2026-11-09,10,3600
H040,2026-11-10,13,3550
H040,2026-11-11,20,2900
H040,2026-11-12,19,2900
H040,2026-11-13,18,3250
H040,2026-11-14,16,3300
H040,2026-11-15,18,2950
H040,2026-11-16,21,2900
H040,2026-11-17,21,2900
H040,2026-11-18,24,2850
H040,2026-11-19,24,2850
H040,2026-11-20,18,3250
H040,2026-11-21,15,3300
H040,2026-11-22,18,2950
H040,2026-11-23,24,2850
H040,2026-11-24,23,2850
H040,2026-11-25,23,2850
H040,2026-11-26,17,2950
H040,2026-11-27,21,3200
H040,2026-11-28,15,3300
H040,2026-11-29,23,2850
H040,2026-11-30,18,2950
H040,2026-12-01,22,2900
H040,2026-12-02,17,2950
H040,2026-12-03,19,2950
H040,2026-12-04,16,3250
H040,2026-12-05,20,3200
H040,2026-12-06,24,2850
H040,2026-12-07,21,2900
H040,2026-12-08,21,2900
H040,2026-12-09,21,2900
H040,2026-12-10,22,2850
H040,2026-12-11,14,3300
H040,2026-12-12,16,3250
H040,2026-12-13,20,2900
H040,2026-12-14,19,2900
H040,2026-12-15,17,2950
H040,2026-12-16,22,2900
H040,2026-12-17,21,2900
H040,2026-12-18,17,3250
H040,2026-12-19,18,3250
H040,2026-12-20,11,3600
H040,2026-12-21,15,3550
H040,2026-12-22,15,3550
H040,2026-12-23,11,3600
H040,2026-12-24,13,3550
H040,2026-12-25,7,3950
H040,2026-12-26,10,3900
H040,2026-12-27,17,3500
H040,2026-12-28,17,3500
H040,2026-12-29,9,3600
H040,2026-12-30,17,3500
H040,2026-12-31,15,3550
H040,2027-01-01,7,3950
H040,2027-01-02,6,4000
H040,2027-01-03,18,2950
H040,2027-01-04,24,2850
H040,2027-01-05,20,2900
H040,2027-01-06,17,2950
H040,2027-01-07,23,2850
H040,2027-01-08,18,3250
H040,2027-01-09,18,3250
H040,2027-01-10,17,2950
H040,2027-01-11,21,2900
H040,2027-01-12,21,2900
H040,2027-01-13,17,2950
H040,2027-01-14,17,2950
H040,2027-01-15,17,3250
H040,2027-01-16,16,3300
H040,2027-01-17,19,2950
H040,2027-01-18,23,2850
H040,2027-01-19,17,2950
H040,2027-01-20,20,2900
H040,2027-01-21,20,2900
H040,2027-01-22,20,3200
H040,2027-01-23,16,3250
H040,2027-01-24,19,2900
H040,2027-01-25,24,2850
H040,2027-01-26,20,2900
H040,2027-01-27,20,2900
H040,2027-01-28,17,2950
H040,2027-01-29,20,3200
H040,2027-01-30,18,3250
H040,2027-01-31,17,2950
H040,2027-02-01,23,2850
H040,2027-02-02,24,2850
H040,2027-02-03,24,2850
H040,2027-02-04,19,2950
H040,2027-02-05,19,3200
H040,2027-02-06,14,3300
H040,2027-02-07,19,2950
H040,2027-02-08,22,2850
H040,2027-02-09,17,2950
H040,2027-02-10,23,2850
H040,2027-02-11,21,2900
H040,2027-02-12,16,3250
H040,2027-02-13,16,3300
H040,2027-02-14,17,2950
H040,2027-02-15,19,2950
H040,2027-02-16,20,2900
H040,2027-02-17,18,2950
H040,2027-02-18,20,2900
H040,2027-02-19,19,3200
H040,2027-02-20,21,3200
H040,2027-02-21,17,2950
H040,2027-02-22,21,2900
H040,2027-02-23,22,2850
H040,2027-02-24,21,2900
H040,2027-02-25,20,2900
H040,2027-02-26,17,3250
H040,2027-02-27,20,3200
H040,2027-02-28,23,2850
H040,2027-03-01,23,2850
H040,2027-03-02,21,2900
H040,2027-03-03,22,2900
H040,2027-03-04,21,2900
H040,2027-03-05,14,3300
H040,2027-03-06,20,3200
H040,2027-03-07,21,2900
H040,2027-03-08,18,2950
H040,2027-03-09,20,2900
H040,2027-03-10,23,2850
H040,2027-03-11,19,2900
H040,2027-03-12,20,3200
H040,2027-03-13,16,3300
H040,2027-03-14,18,2950
H040,2027-03-15,17,2950
H040,2027-03-16,22,2850
H040,2027-03-17,23,2850
H040,2027-03-18,19,2900
H040,2027-03-19,15,3300
H040,2027-03-20,16,3250
H040,2027-03-21,19,2950
H040,2027-03-22,17,2950
H040,2027-03-23,24,2850
H040,2027-03-24,23,2850
H040,2027-03-25,18,2950
H040,2027-03-26,20,3200
H040,2027-03-27,16,3300
H040,2027-03-28,21,2900
H040,2027-03-29,18,2950
H040,2027-03-30,20,2900
H040,2027-03-31,17,2950
H041,2026-10-01,39,3600
H041,2026-10-02,29,4100
H041,2026-10-03,28,4150
H041,2026-10-04,33,3700
H041,2026-10-05,35,3650
H041,2026-10-06,30,3700
H041,2026-10-07,33,3700
H041,2026-10-08,34,3650
H041,2026-10-09,30,4100
H041,2026-10-10,26,4150
H041,2026-10-11,37,3650
H041,2026-10-12,39,3600
H041,2026-10-13,38,3600
H041,2026-10-14,33,3700
H041,2026-10-15,35,3650
H041,2026-10-16,30,4100
H041,2026-10-17,31,4100
H041,2026-10-18,34,3650
H041,2026-10-19,33,3700
H041,2026-10-20,40,3600
H041,2026-10-21,28,3750
H041,2026-10-22,40,3600
H041,2026-10-23,32,4050
H041,2026-10-24,29,4100
H041,2026-10-25,29,3750
H041,2026-10-26,29,3750
H041,2026-10-27,29,3750
H041,2026-10-28,35,3650
H041,2026-10-29,35,3650
H041,2026-10-30,25,4150
H041,2026-10-31,28,4150
H041,2026-11-01,28,3750
H041,2026-11-02,38,3600
H041,2026-11-03,28,3750
H041,2026-11-04,35,3650
H041,2026-11-05,29,3750
H041,2026-11-06,17,4950
H041,2026-11-07,14,5000
H041,2026-11-08,20,4550
H041,2026-11-09,26,4450
H041,2026-11-10,17,4550
H041,2026-11-11,31,3700
H041,2026-11-12,34,3650
H041,2026-11-13,27,4150
H041,2026-11-14,21,4200
H041,2026-11-15,34,3650
H041,2026-11-16,30,3700
H041,2026-11-17,34,3650
H041,2026-11-18,39,3600
H041,2026-11-19,40,3600
H041,2026-11-20,27,4150
H041,2026-11-21,30,4100
H041,2026-11-22,39,3600
H041,2026-11-23,30,3700
H041,2026-11-24,40,3600
H041,2026-11-25,29,3750
H041,2026-11-26,32,3700
H041,2026-11-27,31,4100
H041,2026-11-28,34,4050
H041,2026-11-29,30,3700
H041,2026-11-30,29,3750
H041,2026-12-01,35,3650
H041,2026-12-02,31,3700
H041,2026-12-03,36,3650
H041,2026-12-04,32,4050
H041,2026-12-05,23,4200
H041,2026-12-06,35,3650
H041,2026-12-07,33,3700
H041,2026-12-08,38,3600
H041,2026-12-09,33,3700
H041,2026-12-10,29,3750
H041,2026-12-11,26,4150
H041,2026-12-12,25,4150
H041,2026-12-13,32,3700
H041,2026-12-14,30,3700
H041,2026-12-15,30,3700
H041,2026-12-16,34,3650
H041,2026-12-17,36,3650
H041,2026-12-18,28,4150
H041,2026-12-19,25,4150
H041,2026-12-20,17,4550
H041,2026-12-21,19,4550
H041,2026-12-22,18,4550
H041,2026-12-23,27,4450
H041,2026-12-24,18,4550
H041,2026-12-25,13,5000
H041,2026-12-26,16,4950
H041,2026-12-27,23,4500
H041,2026-12-28,26,4450
H041,2026-12-29,26,4450
H041,2026-12-30,16,4600
H041,2026-12-31,25,4450
H041,2027-01-01,18,4950
H041,2027-01-02,10,5050
H041,2027-01-03,31,3700
H041,2027-01-04,36,3650
H041,2027-01-05,34,3650
H041,2027-01-06,36,3650
H041,2027-01-07,33,3700
H041,2027-01-08,22,4200
H041,2027-01-09,29,4100
H041,2027-01-10,28,3750
H041,2027-01-11,29,3750
H041,2027-01-12,33,3700
H041,2027-01-13,35,3650
H041,2027-01-14,36,3650
H041,2027-01-15,33,4050
H041,2027-01-16,28,4150
H041,2027-01-17,28,3750
H041,2027-01-18,34,3650
H041,2027-01-19,37,3650
H041,2027-01-20,29,3750
H041,2027-01-21,35,3650
H041,2027-01-22,33,4050
H041,2027-01-23,33,4050
H041,2027-01-24,34,3650
H041,2027-01-25,37,3650
H041,2027-01-26,37,3650
H041,2027-01-27,27,3750
H041,2027-01-28,39,3600
H041,2027-01-29,24,4200
H041,2027-01-30,25,4150
H041,2027-01-31,32,3700
H041,2027-02-01,35,3650
H041,2027-02-02,35,3650
H041,2027-02-03,34,3650
H041,2027-02-04,34,3650
H041,2027-02-05,23,4200
H041,2027-02-06,24,4200
H041,2027-02-07,31,3700
H041,2027-02-08,30,3700
H041,2027-02-09,31,3700
H041,2027-02-10,39,3600
H041,2027-02-11,30,3700
H041,2027-02-12,29,4100
H041,2027-02-13,34,4050
H041,2027-02-14,27,3750
H041,2027-02-15,31,3700
H041,2027-02-16,30,3700
H041,2027-02-17,32,3700
H041,2027-02-18,37,3600
H041,2027-02-19,27,4150
H041,2027-02-20,32,4100
H041,2027-02-21,32,3700
H041,2027-02-22,32,3700
H041,2027-02-23,35,3650
H041,2027-02-24,38,3600
H041,2027-02-25,36,3650
H041,2027-02-26,26,4150
H041,2027-02-27,24,4200
H041,2027-02-28,35,3650
H041,2027-03-01,28,3750
H041,2027-03-02,40,3600
H041,2027-03-03,37,3650
H041,2027-03-04,32,3700
H041,2027-03-05,33,4050
H041,2027-03-06,22,4200
H041,2027-03-07,37,3650
H041,2027-03-08,35,3650
H041,2027-03-09,34,3650
H041,2027-03-10,40,3600
H041,2027-03-11,28,3750
H041,2027-03-12,30,4100
H041,2027-03-13,29,4100
H041,2027-03-14,30,3700
H041,2027-03-15,31,3700
H041,2027-03-16,28,3750
H041,2027-03-17,32,3700
H041,2027-03-18,29,3750
H041,2027-03-19,22,4200
H041,2027-03-20,24,4200
H041,2027-03-21,36,3650
H041,2027-03-22,31,3700
H041,2027-03-23,33,3700
H041,2027-03-24,28,3750
H041,2027-03-25,34,3650
H041,2027-03-26,25,4150
H041,2027-03-27,23,4200
H041,2027-03-28,37,3650
H041,2027-03-29,35,3650
H041,2027-03-30,37,3650
H041,2027-03-31,28,3750
H042,2026-10-01,55,3350
H042,2026-10-02,39,3800
H042,2026-10-03,42,3800
H042,2026-10-04,52,3350
H042,2026-10-05,55,3350
H042,2026-10-06,44,3450
H042,2026-10-07,48,3400
H042,2026-10-08,53,3350
H042,2026-10-09,41,3800
H042,2026-10-10,47,3750
H042,2026-10-11,41,3450
H042,2026-10-12,57,3300
H042,2026-10-13,40,3450
H042,2026-10-14,54,3350
H042,2026-10-15,42,3450
H042,2026-10-16,32,3850
H042,2026-10-17,41,3800
H042,2026-10-18,56,3350
H042,2026-10-19,58,3300
H042,2026-10-20,44,3400
H042,2026-10-21,47,3400
H042,2026-10-22,43,3450
H042,2026-10-23,34,3850
H042,2026-10-24,34,3850
H042,2026-10-25,53,3350
H042,2026-10-26,52,3350
H042,2026-10-27,59,3300
H042,2026-10-28,41,3450
H042,2026-10-29,53,3350
H042,2026-10-30,46,3750
H042,2026-10-31,34,3850
H042,2026-11-01,51,3350
H042,2026-11-02,54,3350
H042,2026-11-03,53,3350
H042,2026-11-04,55,3350
H042,2026-11-05,55,3350
H042,2026-11-06,21,4600
H042,2026-11-07,32,4500
H042,2026-11-08,26,4200
H042,2026-11-09,39,4100
H042,2026-11-10,29,4200
H042,2026-11-11,58,3300
H042,2026-11-12,52,3350
H042,2026-11-13,43,3800
H042,2026-11-14,45,3750
H042,2026-11-15,55,3350
H042,2026-11-16,47,3400
H042,2026-11-17,51,3350
H042,2026-11-18,50,3400
H042,2026-11-19,49,3400
H042,2026-11-20,42,3800
H042,2026-11-21,40,3800
H042,2026-11-22,41,3450
H042,2026-11-23,42,3450
H042,2026-11-24,48,3400
H042,2026-11-25,46,3400
H042,2026-11-26,51,3350
H042,2026-11-27,48,3750
H042,2026-11-28,36,3850
H042,2026-11-29,43,3450
H042,2026-11-30,58,3300
H042,2026-12-01,51,3350
H042,2026-12-02,56,3350
H042,2026-12-03,43,3450
H042,2026-12-04,43,3800
H042,2026-12-05,37,3850
H042,2026-12-06,56,3350
H042,2026-12-07,47,3400
H042,2026-12-08,53,3350
H042,2026-12-09,51,3350
H042,2026-12-10,56,3350
H042,2026-12-11,41,3800
H042,2026-12-12,35,3850
H042,2026-12-13,58,3300
H042,2026-12-14,56,3350
H042,2026-12-15,42,3450
H042,2026-12-16,45,3400
H042,2026-12-17,53,3350
H042,2026-12-18,31,3900
H042,2026-12-19,45,3750
H042,2026-12-20,25,4200
H042,2026-12-21,25,4200
H042,2026-12-22,36,4100
H042,2026-12-23,35,4150
H042,2026-12-24,31,4150
H042,2026-12-25,21,4600
H042,2026-12-26,28,4550
H042,2026-12-27,38,4100
H042,2026-12-28,29,4200
H042,2026-12-29,40,4100
H042,2026-12-30,33,4150
H042,2026-12-31,39,4100
H042,2027-01-01,23,4600
H042,2027-01-02,24,4550
H042,2027-01-03,56,3350
H042,2027-01-04,51,3350
H042,2027-01-05,53,3350
H042,2027-01-06,50,3400
H042,2027-01-07,55,3350
H042,2027-01-08,50,3750
H042,2027-01-09,36,3850
H042,2027-01-10,41,3450
H042,2027-01-11,40,3450
H042,2027-01-12,53,3350
H042,2027-01-13,57,3300
H042,2027-01-14,53,3350
H042,2027-01-15,45,3750
H042,2027-01-16,50,3750
H042,2027-01-17,56,3350
H042,2027-01-18,54,3350
H042,2027-01-19,41,3450
H042,2027-01-20,51,3350
H042,2027-01-21,41,3450
H042,2027-01-22,49,3750
H042,2027-01-23,38,3800
H042,2027-01-24,49,3400
H042,2027-01-25,53,3350
H042,2027-01-26,50,3400
H042,2027-01-27,53,3350
H042,2027-01-28,43,3450
H042,2027-01-29,42,3800
H042,2027-01-30,33,3850
H042,2027-01-31,45,3400
H042,2027-02-01,57,3300
H042,2027-02-02,41,3450
H042,2027-02-03,57,3300
H042,2027-02-04,47,3400
H042,2027-02-05,40,3800
H042,2027-02-06,32,3850
H042,2027-02-07,53,3350
H042,2027-02-08,46,3400
H042,2027-02-09,49,3400
H042,2027-02-10,45,3400
H042,2027-02-11,43,3450
H042,2027-02-12,48,3750
H042,2027-02-13,39,3800
H042,2027-02-14,59,3300
H042,2027-02-15,56,3350
H042,2027-02-16,49,3400
H042,2027-02-17,49,3400
H042,2027-02-18,53,3350
H042,2027-02-19,44,3800
H042,2027-02-20,42,3800
H042,2027-02-21,51,3350
H042,2027-02-22,50,3400
H042,2027-02-23,47,3400
H042,2027-02-24,54,3350
H042,2027-02-25,56,3350
H042,2027-02-26,44,3800
H042,2027-02-27,49,3750
H042,2027-02-28,46,3400
H042,2027-03-01,48,3400
H042,2027-03-02,57,3300
H042,2027-03-03,45,3400
H042,2027-03-04,58,3300
H042,2027-03-05,40,3800
H042,2027-03-06,39,3800
H042,2027-03-07,56,3350
H042,2027-03-08,44,3400
H042,2027-03-09,55,3350
H042,2027-03-10,42,3450
H042,2027-03-11,51,3350
H042,2027-03-12,50,3750
H042,2027-03-13,35,3850
H042,2027-03-14,55,3350
H042,2027-03-15,45,3400
H042,2027-03-16,41,3450
H042,2027-03-17,55,3350
H042,2027-03-18,59,3300
H042,2027-03-19,47,3750
H042,2027-03-20,48,3750
H042,2027-03-21,54,3350
H042,2027-03-22,43,3450
H042,2027-03-23,53,3350
H042,2027-03-24,48,3400
H042,2027-03-25,53,3350
H042,2027-03-26,39,3800
H042,2027-03-27,32,3850
H042,2027-03-28,45,3400
H042,2027-03-29,56,3350
H042,2027-03-30,56,3350
H042,2027-03-31,49,3400
H043,2026-10-01,39,4050
H043,2026-10-02,45,4400
H043,2026-10-03,47,4350
H043,2026-10-04,40,4050
H043,2026-10-05,53,3900
H043,2026-10-06,51,3900
H043,2026-10-07,39,4050
H043,2026-10-08,40,4050
H043,2026-10-09,33,4500
H043,2026-10-10,41,4400
H043,2026-10-11,47,3950
H043,2026-10-12,46,3950
H043,2026-10-13,55,3850
H043,2026-10-14,49,3950
H043,2026-10-15,46,3950
H043,2026-10-16,30,4550
H043,2026-10-17,45,4400
H043,2026-10-18,50,3950
H043,2026-10-19,54,3900
H043,2026-10-20,49,3950
H043,2026-10-21,46,3950
H043,2026-10-22,50,3900
H043,2026-10-23,31,4550
H043,2026-10-24,35,4500
H043,2026-10-25,48,3950
H043,2026-10-26,43,4000
H043,2026-10-27,42,4000
H043,2026-10-28,48,3950
H043,2026-10-29,41,4000
H043,2026-10-30,46,4350
H043,2026-10-31,40,4450
H043,2026-11-01,49,3950
H043,2026-11-02,45,4000
H043,2026-11-03,51,3900
H043,2026-11-04,55,3900
H043,2026-11-05,45,4000
H043,2026-11-06,16,5400
H043,2026-11-07,30,5250
H043,2026-11-08,31,4850
H043,2026-11-09,26,4900
H043,2026-11-10,34,4800
H043,2026-11-11,42,4000
H043,2026-11-12,51,3900
H043,2026-11-13,31,4550
H043,2026-11-14,38,4450
H043,2026-11-15,50,3950
H043,2026-11-16,56,3850
H043,2026-11-17,55,3900
H043,2026-11-18,44,4000
H043,2026-11-19,43,4000
H043,2026-11-20,30,4550
H043,2026-11-21,42,4400
H043,2026-11-22,55,3900
H043,2026-11-23,42,4000
H043,2026-11-24,54,3900
H043,2026-11-25,46,3950
H043,2026-11-26,43,4000
H043,2026-11-27,45,4400
H043,2026-11-28,37,4450
H043,2026-11-29,41,4000
H043,2026-11-30,54,3900
H043,2026-12-01,47,3950
H043,2026-12-02,45,3950
H043,2026-12-03,53,3900
H043,2026-12-04,36,4500
H043,2026-12-05,45,4400
H043,2026-12-06,48,3950
H043,2026-12-07,52,3900
H043,2026-12-08,39,4050
H043,2026-12-09,40,4050
H043,2026-12-10,55,3900
H043,2026-12-11,40,4450
H043,2026-12-12,30,4550
H043,2026-12-13,56,3850
H043,2026-12-14,52,3900
H043,2026-12-15,43,4000
H043,2026-12-16,41,4000
H043,2026-12-17,40,4000
H043,2026-12-18,31,4550
H043,2026-12-19,40,4450
H043,2026-12-20,33,4850
H043,2026-12-21,38,4800
H043,2026-12-22,23,4950
H043,2026-12-23,27,4900
H043,2026-12-24,22,4950
H043,2026-12-25,20,5350
H043,2026-12-26,18,5400
H043,2026-12-27,31,4850
H043,2026-12-28,39,4800
H043,2026-12-29,38,4800
H043,2026-12-30,36,4800
H043,2026-12-31,24,4950
H043,2027-01-01,29,5300
H043,2027-01-02,13,5450
H043,2027-01-03,55,3900
H043,2027-01-04,48,3950
H043,2027-01-05,48,3950
H043,2027-01-06,42,4000
H043,2027-01-07,40,4050
H043,2027-01-08,40,4450
H043,2027-01-09,34,4500
H043,2027-01-10,44,4000
H043,2027-01-11,49,3950
H043,2027-01-12,50,3950
H043,2027-01-13,46,3950
H043,2027-01-14,53,3900
H043,2027-01-15,35,4500
H043,2027-01-16,42,4400
H043,2027-01-17,55,3900
H043,2027-01-18,43,4000
H043,2027-01-19,40,4050
H043,2027-01-20,48,3950
H043,2027-01-21,51,3900
H043,2027-01-22,46,4350
H043,2027-01-23,41,4450
H043,2027-01-24,54,3900
H043,2027-01-25,42,4000
H043,2027-01-26,41,4000
H043,2027-01-27,47,3950
H043,2027-01-28,45,4000
H043,2027-01-29,46,4400
H043,2027-01-30,41,4450
H043,2027-01-31,43,4000
H043,2027-02-01,54,3900
H043,2027-02-02,53,3900
H043,2027-02-03,39,4050
H043,2027-02-04,47,3950
H043,2027-02-05,35,4500
H043,2027-02-06,41,4400
H043,2027-02-07,45,4000
H043,2027-02-08,38,4050
H043,2027-02-09,44,4000
H043,2027-02-10,54,3900
H043,2027-02-11,45,4000
H043,2027-02-12,31,4550
H043,2027-02-13,41,4450
H043,2027-02-14,41,4000
H043,2027-02-15,52,3900
H043,2027-02-16,51,3900
H043,2027-02-17,53,3900
H043,2027-02-18,52,3900
H043,2027-02-19,36,4450
H043,2027-02-20,32,4500
H043,2027-02-21,53,3900
H043,2027-02-22,55,3900
H043,2027-02-23,44,4000
H043,2027-02-24,49,3950
H043,2027-02-25,46,3950
H043,2027-02-26,30,4550
H043,2027-02-27,33,4500
H043,2027-02-28,39,4050
H043,2027-03-01,44,4000
H043,2027-03-02,42,4000
H043,2027-03-03,54,3900
H043,2027-03-04,42,4000
H043,2027-03-05,43,4400
H043,2027-03-06,46,4400
H043,2027-03-07,51,3900
H043,2027-03-08,55,3850
H043,2027-03-09,51,3900
H043,2027-03-10,43,4000
H043,2027-03-11,41,4000
H043,2027-03-12,45,4400
H043,2027-03-13,33,4500
H043,2027-03-14,50,3950
H043,2027-03-15,56,3850
H043,2027-03-16,54,3900
H043,2027-03-17,42,4000
H043,2027-03-18,56,3850
H043,2027-03-19,43,4400
H043,2027-03-20,31,4550
H043,2027-03-21,46,3950
H043,2027-03-22,45,4000
H043,2027-03-23,45,3950
H043,2027-03-24,55,3900
H043,2027-03-25,41,4000
H043,2027-03-26,43,4400
H043,2027-03-27,40,4450
H043,2027-03-28,42,4000
H043,2027-03-29,54,3900
H043,2027-03-30,39,4050
H043,2027-03-31,40,4050
H044,2026-10-01,54,9850
H044,2026-10-02,45,11050
H044,2026-10-03,45,11000
H044,2026-10-04,58,9750
H044,2026-10-05,54,9850
H044,2026-10-06,52,9850
H044,2026-10-07,68,9550
H044,2026-10-08,65,9650
H044,2026-10-09,42,11100
H044,2026-10-10,55,10850
H044,2026-10-11,61,9700
H044,2026-10-12,53,9850
H044,2026-10-13,63,9650
H044,2026-10-14,61,9700
H044,2026-10-15,55,9800
H044,2026-10-16,42,11100
H044,2026-10-17,39,11150
H044,2026-10-18,51,9900
H044,2026-10-19,68,9550
H044,2026-10-20,51,9900
H044,2026-10-21,56,9800
H044,2026-10-22,58,9750
H044,2026-10-23,48,10950
H044,2026-10-24,58,10750
H044,2026-10-25,50,9900
H044,2026-10-26,56,9800
H044,2026-10-27,67,9600
H044,2026-10-28,65,9600
H044,2026-10-29,65,9600
H044,2026-10-30,55,10850
H044,2026-10-31,46,11000
H044,2026-11-01,57,9800
H044,2026-11-02,61,9700
H044,2026-11-03,60,9700
H044,2026-11-04,61,9700
H044,2026-11-05,57,9750
H044,2026-11-06,21,13350
H044,2026-11-07,18,13400
H044,2026-11-08,34,12050
H044,2026-11-09,33,12050
H044,2026-11-10,35,12000
H044,2026-11-11,53,9850
H044,2026-11-12,60,9700
H044,2026-11-13,43,11050
H044,2026-11-14,45,11050
H044,2026-11-15,66,9600
H044,2026-11-16,65,9650
H044,2026-11-17,59,9750
H044,2026-11-18,60,9700
H044,2026-11-19,61,9700
H044,2026-11-20,57,10800
H044,2026-11-21,41,11100
H044,2026-11-22,54,9850
H044,2026-11-23,49,9950
H044,2026-11-24,54,9850
H044,2026-11-25,64,9650
H044,2026-11-26,58,9750
H044,2026-11-27,41,11100
H044,2026-11-28,52,10900
H044,2026-11-29,67,9600
H044,2026-11-30,58,9750
H044,2026-12-01,49,9950
H044,2026-12-02,60,9700
H044,2026-12-03,59,9750
H044,2026-12-04,38,11150
H044,2026-12-05,54,10850
H044,2026-12-06,56,9800
H044,2026-12-07,63,9650
H044,2026-12-08,50,9900
H044,2026-12-09,51,9900
H044,2026-12-10,61,9700
H044,2026-12-11,48,10950
H044,2026-12-12,59,10750
H044,2026-12-13,68,9550
H044,2026-12-14,58,9750
H044,2026-12-15,58,9750
H044,2026-12-16,65,9600
H044,2026-12-17,67,9550
H044,2026-12-18,44,11050
H044,2026-12-19,41,11100
H044,2026-12-20,32,12100
H044,2026-12-21,47,11800
H044,2026-12-22,33,12050
H044,2026-12-23,33,12050
H044,2026-12-24,45,11850
H044,2026-12-25,20,13350
H044,2026-12-26,31,13100
H044,2026-12-27,33,12050
H044,2026-12-28,42,11900
H044,2026-12-29,45,11850
H044,2026-12-30,46,11800
H044,2026-12-31,36,12000
H044,2027-01-01,21,13350
H044,2027-01-02,29,13150
H044,2027-01-03,48,9950
H044,2027-01-04,60,9700
H044,2027-01-05,64,9650
H044,2027-01-06,57,9800
H044,2027-01-07,57,9800
H044,2027-01-08,45,11050
H044,2027-01-09,46,11000
H044,2027-01-10,61,9700
H044,2027-01-11,55,9800
H044,2027-01-12,60,9700
H044,2027-01-13,63,9650
H044,2027-01-14,48,9950
H044,2027-01-15,41,11100
H044,2027-01-16,38,11150
H044,2027-01-17,50,9900
H044,2027-01-18,54,9850
H044,2027-01-19,51,9900
H044,2027-01-20,68,9550
H044,2027-01-21,47,9950
H044,2027-01-22,55,10800
H044,2027-01-23,41,11100
H044,2027-01-24,52,9900
H044,2027-01-25,65,9600
H044,2027-01-26,64,9650
H044,2027-01-27,66,9600
H044,2027-01-28,50,9900
H044,2027-01-29,45,11050
H044,2027-01-30,46,11000
H044,2027-01-31,55,9800
H044,2027-02-01,55,9800
H044,2027-02-02,61,9700
H044,2027-02-03,58,9750
H044,2027-02-04,68,9550
H044,2027-02-05,55,10850
H044,2027-02-06,59,10750
H044,2027-02-07,60,9700
H044,2027-02-08,60,9700
H044,2027-02-09,55,9800
H044,2027-02-10,61,9700
H044,2027-02-11,54,9850
H044,2027-02-12,37,11200
H044,2027-02-13,38,11150
H044,2027-02-14,59,9750
H044,2027-02-15,66,9600
H044,2027-02-16,64,9650
H044,2027-02-17,60,9700
H044,2027-02-18,56,9800
H044,2027-02-19,55,10850
H044,2027-02-20,37,11200
H044,2027-02-21,56,9800
H044,2027-02-22,51,9900
H044,2027-02-23,55,9800
H044,2027-02-24,57,9750
H044,2027-02-25,68,9550
H044,2027-02-26,43,11050
H044,2027-02-27,37,11200
H044,2027-02-28,59,9750
H044,2027-03-01,68,9550
H044,2027-03-02,65,9600
H044,2027-03-03,56,9800
H044,2027-03-04,66,9600
H044,2027-03-05,59,10750
H044,2027-03-06,57,10800
H044,2027-03-07,64,9650
H044,2027-03-08,51,9900
H044,2027-03-09,65,9600
H044,2027-03-10,58,9750
H044,2027-03-11,50,9950
H044,2027-03-12,37,11200
H044,2027-03-13,39,11150
H044,2027-03-14,64,9650
H044,2027-03-15,64,9650
H044,2027-03-16,62,9700
H044,2027-03-17,69,9550
H044,2027-03-18,61,9700
H044,2027-03-19,49,10950
H044,2027-03-20,46,11000
H044,2027-03-21,69,9550
H044,2027-03-22,54,9850
H044,2027-03-23,55,9800
H044,2027-03-24,62,9700
H044,2027-03-25,66,9600
H044,2027-03-26,49,10950
H044,2027-03-27,45,11050
H044,2027-03-28,60,9700
H044,2027-03-29,68,9550
H044,2027-03-30,51,9900
H044,2027-03-31,56,9800
H045,2026-10-01,93,10500
H045,2026-10-02,58,12150
H045,2026-10-03,63,12100
H045,2026-10-04,78,10750
H045,2026-10-05,82,10700
H045,2026-10-06,92,10500
H045,2026-10-07,84,10650
H045,2026-10-08,77,10750
H045,2026-10-09,65,12050
H045,2026-10-10,67,12050
H045,2026-10-11,84,10650
H045,2026-10-12,75,10800
H045,2026-10-13,88,10600
H045,2026-10-14,93,10500
H045,2026-10-15,88,10600
H045,2026-10-16,78,11850
H045,2026-10-17,67,12050
H045,2026-10-18,74,10800
H045,2026-10-19,87,10600
H045,2026-10-20,84,10650
H045,2026-10-21,92,10500
H045,2026-10-22,69,10900
H045,2026-10-23,53,12250
H045,2026-10-24,70,11950
H045,2026-10-25,79,10700
H045,2026-10-26,94,10500
H045,2026-10-27,69,10900
H045,2026-10-28,75,10800
H045,2026-10-29,83,10650
H045,2026-10-30,65,12050
H045,2026-10-31,63,12100
H045,2026-11-01,70,10850
H045,2026-11-02,89,10550
H045,2026-11-03,80,10700
H045,2026-11-04,78,10750
H045,2026-11-05,92,10500
H045,2026-11-06,44,14400
H045,2026-11-07,45,14400
H045,2026-11-08,48,13250
H045,2026-11-09,52,13150
H045,2026-11-10,60,13000
H045,2026-11-11,70,10900
H045,2026-11-12,67,10900
H045,2026-11-13,62,12100
H045,2026-11-14,53,12250
H045,2026-11-15,69,10900
H045,2026-11-16,64,10950
H045,2026-11-17,89,10550
H045,2026-11-18,77,10750
H045,2026-11-19,73,10850
H045,2026-11-20,77,11850
H045,2026-11-21,54,12250
H045,2026-11-22,72,10850
H045,2026-11-23,85,10600
H045,2026-11-24,65,10950
H045,2026-11-25,77,10750
H045,2026-11-26,89,10550
H045,2026-11-27,52,12250
H045,2026-11-28,68,12000
H045,2026-11-29,86,10600
H045,2026-11-30,66,10950
H045,2026-12-01,91,10550
H045,2026-12-02,83,10650
H045,2026-12-03,86,10600
H045,2026-12-04,75,11900
H045,2026-12-05,66,12050
H045,2026-12-06,74,10800
H045,2026-12-07,83,10650
H045,2026-12-08,92,10500
H045,2026-12-09,93,10500
H045,2026-12-10,94,10500
H045,2026-12-11,55,12200
H045,2026-12-12,75,11900
H045,2026-12-13,76,10800
H045,2026-12-14,81,10700
H045,2026-12-15,65,10950
H045,2026-12-16,94,10500
H045,2026-12-17,68,10900
H045,2026-12-18,76,11900
H045,2026-12-19,79,11850
H045,2026-12-20,63,13000
H045,2026-12-21,65,12950
H045,2026-12-22,46,13250
H045,2026-12-23,44,13300
H045,2026-12-24,48,13200
H045,2026-12-25,35,14550
H045,2026-12-26,30,14600
H045,2026-12-27,49,13200
H045,2026-12-28,52,13150
H045,2026-12-29,57,13050
H045,2026-12-30,55,13100
H045,2026-12-31,44,13300
H045,2027-01-01,24,14700
H045,2027-01-02,34,14550
H045,2027-01-03,70,10900
H045,2027-01-04,85,10650
H045,2027-01-05,90,10550
H045,2027-01-06,68,10900
H045,2027-01-07,71,10850
H045,2027-01-08,61,12100
H045,2027-01-09,66,12050
H045,2027-01-10,86,10600
H045,2027-01-11,76,10800
H045,2027-01-12,66,10950
H045,2027-01-13,74,10800
H045,2027-01-14,90,10550
H045,2027-01-15,51,12300
H045,2027-01-16,58,12200
H045,2027-01-17,67,10900
H045,2027-01-18,72,10850
H045,2027-01-19,85,10650
H045,2027-01-20,74,10800
H045,2027-01-21,93,10500
H045,2027-01-22,63,12100
H045,2027-01-23,56,12200
H045,2027-01-24,77,10750
H045,2027-01-25,72,10850
H045,2027-01-26,73,10800
H045,2027-01-27,87,10600
H045,2027-01-28,70,10850
H045,2027-01-29,67,12050
H045,2027-01-30,57,12200
H045,2027-01-31,78,10750
H045,2027-02-01,87,10600
H045,2027-02-02,64,10950
H045,2027-02-03,82,10650
H045,2027-02-04,78,10750
H045,2027-02-05,79,11850
H045,2027-02-06,79,11850
H045,2027-02-07,82,10700
H045,2027-02-08,65,10950
H045,2027-02-09,67,10900
H045,2027-02-10,66,10950
H045,2027-02-11,87,10600
H045,2027-02-12,76,11900
H045,2027-02-13,56,12200
H045,2027-02-14,89,10550
H045,2027-02-15,90,10550
H045,2027-02-16,92,10500
H045,2027-02-17,76,10800
H045,2027-02-18,78,10750
H045,2027-02-19,68,12000
H045,2027-02-20,57,12200
H045,2027-02-21,67,10900
H045,2027-02-22,77,10750
H045,2027-02-23,69,10900
H045,2027-02-24,77,10750
H045,2027-02-25,65,10950
H045,2027-02-26,64,12100
H045,2027-02-27,69,12000
H045,2027-02-28,72,10850
H045,2027-03-01,88,10600
H045,2027-03-02,94,10500
H045,2027-03-03,71,10850
H045,2027-03-04,93,10500
H045,2027-03-05,62,12100
H045,2027-03-06,76,11900
H045,2027-03-07,91,10550
H045,2027-03-08,74,10800
H045,2027-03-09,76,10800
H045,2027-03-10,71,10850
H045,2027-03-11,76,10750
H045,2027-03-12,58,12200
H045,2027-03-13,51,12300
H045,2027-03-14,89,10550
H045,2027-03-15,78,10750
H045,2027-03-16,83,10650
H045,2027-03-17,78,10750
H045,2027-03-18,73,10800
H045,2027-03-19,80,11850
H045,2027-03-20,71,11950
H045,2027-03-21,65,10950
H045,2027-03-22,83,10650
H045,2027-03-23,73,10800
H045,2027-03-24,82,10700
H045,2027-03-25,71,10850
H045,2027-03-26,67,12050
H045,2027-03-27,64,12050
H045,2027-03-28,90,10550
H045,2027-03-29,91,10550
H045,2027-03-30,81,10700
H045,2027-03-31,84,10650
H046,2026-10-01,12,4400
H046,2026-10-02,10,4900
H046,2026-10-03,13,4800
H046,2026-10-04,12,4400
H046,2026-10-05,13,4400
H046,2026-10-06,15,4300
H046,2026-10-07,13,4350
H046,2026-10-08,13,4400
H046,2026-10-09,12,4900
H046,2026-10-10,13,4850
H046,2026-10-11,11,4450
H046,2026-10-12,12,4400
H046,2026-10-13,16,4250
H046,2026-10-14,15,4300
H046,2026-10-15,12,4400
H046,2026-10-16,11,4900
H046,2026-10-17,13,4800
H046,2026-10-18,15,4300
H046,2026-10-19,11,4450
H046,2026-10-20,15,4300
H046,2026-10-21,16,4250
H046,2026-10-22,15,4300
H046,2026-10-23,9,5000
H046,2026-10-24,13,4800
H046,2026-10-25,15,4300
H046,2026-10-26,13,4350
H046,2026-10-27,13,4350
H046,2026-10-28,16,4250
H046,2026-10-29,15,4300
H046,2026-10-30,11,4900
H046,2026-10-31,10,4950
H046,2026-11-01,11,4450
H046,2026-11-02,15,4300
H046,2026-11-03,12,4400
H046,2026-11-04,14,4350
H046,2026-11-05,13,4350
H046,2026-11-06,8,5800
H046,2026-11-07,9,5800
H046,2026-11-08,7,5400
H046,2026-11-09,8,5350
H046,2026-11-10,8,5400
H046,2026-11-11,15,4300
H046,2026-11-12,15,4300
H046,2026-11-13,12,4850
H046,2026-11-14,14,4800
H046,2026-11-15,12,4400
H046,2026-11-16,12,4400
H046,2026-11-17,16,4250
H046,2026-11-18,13,4350
H046,2026-11-19,12,4450
H046,2026-11-20,9,4950
H046,2026-11-21,14,4800
H046,2026-11-22,12,4400
H046,2026-11-23,14,4350
H046,2026-11-24,16,4250
H046,2026-11-25,12,4400
H046,2026-11-26,16,4250
H046,2026-11-27,10,4950
H046,2026-11-28,12,4850
H046,2026-11-29,12,4400
H046,2026-11-30,15,4300
H046,2026-12-01,8,5450
H046,2026-12-02,6,5550
H046,2026-12-03,11,5350
H046,2026-12-04,5,6050
H046,2026-12-05,6,6000
H046,2026-12-06,8,5450
H046,2026-12-07,11,5350
H046,2026-12-08,8,5450
H046,2026-12-09,8,5450
H046,2026-12-10,11,5350
H046,2026-12-11,5,6000
H046,2026-12-12,7,5950
H046,2026-12-13,10,5350
H046,2026-12-14,11,5350
H046,2026-12-15,9,5400
H046,2026-12-16,10,5350
H046,2026-12-17,11,5350
H046,2026-12-18,4,6050
H046,2026-12-19,6,6000
H046,2026-12-20,2,6500
H046,2026-12-21,4,6400
H046,2026-12-22,3,6450
H046,2026-12-23,5,6400
H046,2026-12-24,4,6450
H046,2026-12-25,2,6950
H046,2026-12-26,2,6950
H046,2026-12-27,5,6350
H046,2026-12-28,6,6350
H046,2026-12-29,4,6400
H046,2026-12-30,2,6500
H046,2026-12-31,1,6500
H046,2027-01-01,6,5900
H046,2027-01-02,8,5850
H046,2027-01-03,14,4350
H046,2027-01-04,16,4250
H046,2027-01-05,14,4350
H046,2027-01-06,16,4250
H046,2027-01-07,12,4400
H046,2027-01-08,10,4950
H046,2027-01-09,10,4950
H046,2027-01-10,13,4400
H046,2027-01-11,11,4450
H046,2027-01-12,12,4400
H046,2027-01-13,14,4350
H046,2027-01-14,12,4400
H046,2027-01-15,12,4850
H046,2027-01-16,13,4800
H046,2027-01-17,12,4400
H046,2027-01-18,12,4400
H046,2027-01-19,15,4300
H046,2027-01-20,16,4250
H046,2027-01-21,14,4300
H046,2027-01-22,12,4850
H046,2027-01-23,12,4850
H046,2027-01-24,16,4250
H046,2027-01-25,11,4450
H046,2027-01-26,15,4300
H046,2027-01-27,15,4300
H046,2027-01-28,13,4350
H046,2027-01-29,12,4850
H046,2027-01-30,11,4900
H046,2027-01-31,16,4250
H046,2027-02-01,16,4250
H046,2027-02-02,13,4400
H046,2027-02-03,15,4300
H046,2027-02-04,14,4350
H046,2027-02-05,13,4850
H046,2027-02-06,13,4850
H046,2027-02-07,15,4300
H046,2027-02-08,15,4300
H046,2027-02-09,14,4350
H046,2027-02-10,13,4350
H046,2027-02-11,14,4350
H046,2027-02-12,10,4950
H046,2027-02-13,13,4850
H046,2027-02-14,15,4300
H046,2027-02-15,14,4350
H046,2027-02-16,15,4300
H046,2027-02-17,12,4400
H046,2027-02-18,14,4350
H046,2027-02-19,12,4850
H046,2027-02-20,12,4850
H046,2027-02-21,11,4450
H046,2027-02-22,14,4350
H046,2027-02-23,12,4450
H046,2027-02-24,15,4300
H046,2027-02-25,15,4300
H046,2027-02-26,13,4800
H046,2027-02-27,13,4850
H046,2027-02-28,14,4350
H046,2027-03-01,12,4400
H046,2027-03-02,12,4400
H046,2027-03-03,14,4300
H046,2027-03-04,13,4400
H046,2027-03-05,11,4900
H046,2027-03-06,11,4900
H046,2027-03-07,16,4250
H046,2027-03-08,12,4400
H046,2027-03-09,15,4300
H046,2027-03-10,13,4400
H046,2027-03-11,11,4450
H046,2027-03-12,14,4800
H046,2027-03-13,12,4850
H046,2027-03-14,11,4450
H046,2027-03-15,16,4250
H046,2027-03-16,12,4400
H046,2027-03-17,13,4350
H046,2027-03-18,15,4300
H046,2027-03-19,13,4850
H046,2027-03-20,12,4850
H046,2027-03-21,12,4400
H046,2027-03-22,11,4450
H046,2027-03-23,16,4250
H046,2027-03-24,12,4400
H046,2027-03-25,11,4450
H046,2027-03-26,13,4850
H046,2027-03-27,14,4800
H046,2027-03-28,15,4300
H046,2027-03-29,14,4350
H046,2027-03-30,13,4350
H046,2027-03-31,11,4450
H047,2026-10-01,18,4400
H047,2026-10-02,11,5050
H047,2026-10-03,16,4900
H047,2026-10-04,14,4500
H047,2026-10-05,15,4450
H047,2026-10-06,17,4400
H047,2026-10-07,14,4500
H047,2026-10-08,18,4350
H047,2026-10-09,12,5050
H047,2026-10-10,11,5100
H047,2026-10-11,15,4500
H047,2026-10-12,13,4550
H047,2026-10-13,17,4400
H047,2026-10-14,13,4550
H047,2026-10-15,16,4450
H047,2026-10-16,12,5000
H047,2026-10-17,15,4950
H047,2026-10-18,13,4550
H047,2026-10-19,14,4500
H047,2026-10-20,18,4400
H047,2026-10-21,16,4450
H047,2026-10-22,14,4500
H047,2026-10-23,12,5050
H047,2026-10-24,14,5000
H047,2026-10-25,18,4400
H047,2026-10-26,16,4450
H047,2026-10-27,17,4400
H047,2026-10-28,17,4400
H047,2026-10-29,15,4450
H047,2026-10-30,15,4950
H047,2026-10-31,15,4950
H047,2026-11-01,18,4350
H047,2026-11-02,15,4450
H047,2026-11-03,18,4400
H047,2026-11-04,17,4400
H047,2026-11-05,13,4550
H047,2026-11-06,9,5950
H047,2026-11-07,6,6050
H047,2026-11-08,10,5500
H047,2026-11-09,11,5450
H047,2026-11-10,11,5400
H047,2026-11-11,18,4400
H047,2026-11-12,14,4500
H047,2026-11-13,13,5000
H047,2026-11-14,16,4900
H047,2026-11-15,15,4500
H047,2026-11-16,14,4500
H047,2026-11-17,15,4450
H047,2026-11-18,16,4450
H047,2026-11-19,18,4400
H047,2026-11-20,14,4950
H047,2026-11-21,13,5000
H047,2026-11-22,13,4550
H047,2026-11-23,16,4450
H047,2026-11-24,16,4450
H047,2026-11-25,13,4550
H047,2026-11-26,13,4550
H047,2026-11-27,14,4950
H047,2026-11-28,11,5100
H047,2026-11-29,15,4500
H047,2026-11-30,15,4500
H047,2026-12-01,10,5550
H047,2026-12-02,11,5500
H047,2026-12-03,7,5650
H047,2026-12-04,4,6200
H047,2026-12-05,9,6050
H047,2026-12-06,9,5600
H047,2026-12-07,8,5650
H047,2026-12-08,11,5500
H047,2026-12-09,9,5600
H047,2026-12-10,7,5650
H047,2026-12-11,8,6100
H047,2026-12-12,5,6200
H047,2026-12-13,7,5650
H047,2026-12-14,12,5500
H047,2026-12-15,13,5450
H047,2026-12-16,12,5500
H047,2026-12-17,9,5600
H047,2026-12-18,9,6050
H047,2026-12-19,5,6200
H047,2026-12-20,6,6500
H047,2026-12-21,4,6600
H047,2026-12-22,3,6600
H047,2026-12-23,4,6550
H047,2026-12-24,7,6500
H047,2026-12-25,3,7100
H047,2026-12-26,1,7150
H047,2026-12-27,2,6650
H047,2026-12-28,2,6650
H047,2026-12-29,7,6500
H047,2026-12-30,2,6650
H047,2026-12-31,3,6600
H047,2027-01-01,6,6050
H047,2027-01-02,10,5950
H047,2027-01-03,19,4350
H047,2027-01-04,16,4450
H047,2027-01-05,17,4400
H047,2027-01-06,14,4500
H047,2027-01-07,17,4400
H047,2027-01-08,14,4950
H047,2027-01-09,11,5050
H047,2027-01-10,16,4450
H047,2027-01-11,14,4500
H047,2027-01-12,16,4450
H047,2027-01-13,17,4400
H047,2027-01-14,14,4500
H047,2027-01-15,10,5100
H047,2027-01-16,16,4900
H047,2027-01-17,14,4500
H047,2027-01-18,16,4450
H047,2027-01-19,16,4450
H047,2027-01-20,15,4500
H047,2027-01-21,15,4450
H047,2027-01-22,13,5000
H047,2027-01-23,14,4950
H047,2027-01-24,15,4500
H047,2027-01-25,18,4400
H047,2027-01-26,16,4450
H047,2027-01-27,19,4350
H047,2027-01-28,15,4450
H047,2027-01-29,13,5000
H047,2027-01-30,16,4900
H047,2027-01-31,13,4550
H047,2027-02-01,18,4400
H047,2027-02-02,13,4550
H047,2027-02-03,13,4550
H047,2027-02-04,13,4550
H047,2027-02-05,12,5050
H047,2027-02-06,16,4900
H047,2027-02-07,15,4450
H047,2027-02-08,16,4450
H047,2027-02-09,16,4450
H047,2027-02-10,18,4400
H047,2027-02-11,19,4350
H047,2027-02-12,14,4950
H047,2027-02-13,11,5050
H047,2027-02-14,19,4350
H047,2027-02-15,17,4400
H047,2027-02-16,15,4450
H047,2027-02-17,15,4450
H047,2027-02-18,18,4350
H047,2027-02-19,12,5050
H047,2027-02-20,12,5050
H047,2027-02-21,16,4450
H047,2027-02-22,18,4400
H047,2027-02-23,17,4400
H047,2027-02-24,14,4500
H047,2027-02-25,15,4450
H047,2027-02-26,15,4900
H047,2027-02-27,14,4950
H047,2027-02-28,15,4500
H047,2027-03-01,14,4500
H047,2027-03-02,13,4550
H047,2027-03-03,14,4500
H047,2027-03-04,13,4550
H047,2027-03-05,11,5050
H047,2027-03-06,10,5100
H047,2027-03-07,15,4450
H047,2027-03-08,17,4400
H047,2027-03-09,14,4500
H047,2027-03-10,16,4450
H047,2027-03-11,17,4400
H047,2027-03-12,13,5000
H047,2027-03-13,15,4950
H047,2027-03-14,17,4400
H047,2027-03-15,19,4350
H047,2027-03-16,18,4400
H047,2027-03-17,18,4350
H047,2027-03-18,13,4550
H047,2027-03-19,14,4950
H047,2027-03-20,12,5050
H047,2027-03-21,16,4450
H047,2027-03-22,13,4500
H047,2027-03-23,13,4550
H047,2027-03-24,16,4450
H047,2027-03-25,18,4350
H047,2027-03-26,11,5050
H047,2027-03-27,11,5050
H047,2027-03-28,13,4550
H047,2027-03-29,15,4500
H047,2027-03-30,19,4350
H047,2027-03-31,13,4550
H048,2026-10-01,6,3200
H048,2026-10-02,6,3550
H048,2026-10-03,6,3550
H048,2026-10-04,6,3250
H048,2026-10-05,6,3250
H048,2026-10-06,8,3150
H048,2026-10-07,8,3150
H048,2026-10-08,8,3100
H048,2026-10-09,7,3500
H048,2026-10-10,5,3600
H048,2026-10-11,7,3200
H048,2026-10-12,8,3150
H048,2026-10-13,7,3200
H048,2026-10-14,7,3200
H048,2026-10-15,8,3150
H048,2026-10-16,7,3500
H048,2026-10-17,6,3600
H048,2026-10-18,6,3250
H048,2026-10-19,6,3250
H048,2026-10-20,8,3150
H048,2026-10-21,7,3200
H048,2026-10-22,8,3100
H048,2026-10-23,5,3650
H048,2026-10-24,5,3600
H048,2026-10-25,8,3150
H048,2026-10-26,7,3200
H048,2026-10-27,8,3100
H048,2026-10-28,8,3150
H048,2026-10-29,7,3200
H048,2026-10-30,5,3600
H048,2026-10-31,6,3550
H048,2026-11-01,8,3150
H048,2026-11-02,6,3250
H048,2026-11-03,8,3150
H048,2026-11-04,6,3200
H048,2026-11-05,6,3200
H048,2026-11-06,3,4300
H048,2026-11-07,4,4250
H048,2026-11-08,3,3950
H048,2026-11-09,5,3900
H048,2026-11-10,5,3900
H048,2026-11-11,7,3150
H048,2026-11-12,6,3250
H048,2026-11-13,5,3650
H048,2026-11-14,5,3600
H048,2026-11-15,7,3200
H048,2026-11-16,8,3150
H048,2026-11-17,6,3250
H048,2026-11-18,8,3150
H048,2026-11-19,8,3100
H048,2026-11-20,5,3600
H048,2026-11-21,6,3550
H048,2026-11-22,6,3200
H048,2026-11-23,7,3150
H048,2026-11-24,6,3250
H048,2026-11-25,8,3150
H048,2026-11-26,8,3150
H048,2026-11-27,5,3600
H048,2026-11-28,5,3600
H048,2026-11-29,6,3250
H048,2026-11-30,6,3200
H048,2026-12-01,4,4000
H048,2026-12-02,4,4000
H048,2026-12-03,4,4000
H048,2026-12-04,2,4450
H048,2026-12-05,3,4400
H048,2026-12-06,5,3950
H048,2026-12-07,3,4050
H048,2026-12-08,5,3950
H048,2026-12-09,5,3950
H048,2026-12-10,6,3900
H048,2026-12-11,2,4450
H048,2026-12-12,4,4350
H048,2026-12-13,3,4050
H048,2026-12-14,3,4050
H048,2026-12-15,3,4050
H048,2026-12-16,3,4050
H048,2026-12-17,5,3900
H048,2026-12-18,3,4350
H048,2026-12-19,2,4450
H048,2026-12-20,1,4750
H048,2026-12-21,2,4700
H048,2026-12-22,3,4650
H048,2026-12-23,1,4750
H048,2026-12-24,2,4750
H048,2026-12-25,1,5100
H048,2026-12-26,2,5050
H048,2026-12-27,3,4650
H048,2026-12-28,1,4750
H048,2026-12-29,3,4650
H048,2026-12-30,3,4650
H048,2026-12-31,3,4650
H048,2027-01-01,3,4350
H048,2027-01-02,3,4350
H048,2027-01-03,7,3150
H048,2027-01-04,7,3150
H048,2027-01-05,7,3150
H048,2027-01-06,8,3150
H048,2027-01-07,6,3250
H048,2027-01-08,5,3600
H048,2027-01-09,5,3600
H048,2027-01-10,7,3200
H048,2027-01-11,8,3100
H048,2027-01-12,7,3150
H048,2027-01-13,6,3250
H048,2027-01-14,7,3150
H048,2027-01-15,6,3550
H048,2027-01-16,5,3600
H048,2027-01-17,7,3200
H048,2027-01-18,7,3150
H048,2027-01-19,7,3150
H048,2027-01-20,6,3200
H048,2027-01-21,6,3200
H048,2027-01-22,6,3550
H048,2027-01-23,6,3550
H048,2027-01-24,7,3150
H048,2027-01-25,7,3150
H048,2027-01-26,6,3250
H048,2027-01-27,6,3250
H048,2027-01-28,8,3150
H048,2027-01-29,5,3600
H048,2027-01-30,6,3550
H048,2027-01-31,7,3200
H048,2027-02-01,7,3200
H048,2027-02-02,7,3150
H048,2027-02-03,8,3150
H048,2027-02-04,7,3150
H048,2027-02-05,6,3600
H048,2027-02-06,5,3650
H048,2027-02-07,6,3250
H048,2027-02-08,7,3200
H048,2027-02-09,7,3200
H048,2027-02-10,6,3250
H048,2027-02-11,8,3150
H048,2027-02-12,7,3500
H048,2027-02-13,5,3650
H048,2027-02-14,8,3150
H048,2027-02-15,8,3150
H048,2027-02-16,8,3150
H048,2027-02-17,7,3150
H048,2027-02-18,7,3200
H048,2027-02-19,7,3500
H048,2027-02-20,6,3550
H048,2027-02-21,8,3100
H048,2027-02-22,7,3150
H048,2027-02-23,6,3250
H048,2027-02-24,7,3150
H048,2027-02-25,7,3200
H048,2027-02-26,5,3600
H048,2027-02-27,5,3600
H048,2027-02-28,6,3250
H048,2027-03-01,6,3250
H048,2027-03-02,8,3100
H048,2027-03-03,7,3150
H048,2027-03-04,6,3250
H048,2027-03-05,7,3550
H048,2027-03-06,5,3600
H048,2027-03-07,6,3200
H048,2027-03-08,7,3200
H048,2027-03-09,6,3250
H048,2027-03-10,6,3250
H048,2027-03-11,6,3250
H048,2027-03-12,6,3550
H048,2027-03-13,6,3550
H048,2027-03-14,7,3150
H048,2027-03-15,7,3200
H048,2027-03-16,6,3250
H048,2027-03-17,6,3200
H048,2027-03-18,6,3250
H048,2027-03-19,6,3550
H048,2027-03-20,7,3500
H048,2027-03-21,7,3150
H048,2027-03-22,6,3200
H048,2027-03-23,7,3200
H048,2027-03-24,6,3250
H048,2027-03-25,6,3200
H048,2027-03-26,6,3550
H048,2027-03-27,5,3600
H048,2027-03-28,7,3200
H048,2027-03-29,7,3200
H048,2027-03-30,6,3200
H048,2027-03-31,7,3200
H049,2026-10-01,37,6450
H049,2026-10-02,38,7150
H049,2026-10-03,39,7100
H049,2026-10-04,47,6300
H049,2026-10-05,46,6300
H049,2026-10-06,38,6450
H049,2026-10-07,43,6350
H049,2026-10-08,35,6500
H049,2026-10-09,41,7050
H049,2026-10-10,31,7250
H049,2026-10-11,45,6350
H049,2026-10-12,49,6250
H049,2026-10-13,41,6400
H049,2026-10-14,39,6450
H049,2026-10-15,44,6350
H049,2026-10-16,28,7300
H049,2026-10-17,32,7200
H049,2026-10-18,36,6500
H049,2026-10-19,36,6500
H049,2026-10-20,45,6350
H049,2026-10-21,38,6450
H049,2026-10-22,48,6300
H049,2026-10-23,35,7150
H049,2026-10-24,37,7150
H049,2026-10-25,37,6500
H049,2026-10-26,49,6250
H049,2026-10-27,41,6400
H049,2026-10-28,38,6450
H049,2026-10-29,48,6300
H049,2026-10-30,28,7300
H049,2026-10-31,35,7200
H049,2026-11-01,44,6350
H049,2026-11-02,36,6500
H049,2026-11-03,45,6350
H049,2026-11-04,40,6450
H049,2026-11-05,37,6450
H049,2026-11-06,18,8650
H049,2026-11-07,15,8700
H049,2026-11-08,20,7950
H049,2026-11-09,21,7950
H049,2026-11-10,32,7750
H049,2026-11-11,36,6500
H049,2026-11-12,48,6300
H049,2026-11-13,41,7050
H049,2026-11-14,36,7150
H049,2026-11-15,38,6450
H049,2026-11-16,39,6450
H049,2026-11-17,48,6300
H049,2026-11-18,38,6450
H049,2026-11-19,46,6300
H049,2026-11-20,36,7150
H049,2026-11-21,28,7300
H049,2026-11-22,49,6250
H049,2026-11-23,41,6400
H049,2026-11-24,46,6300
H049,2026-11-25,37,6500
H049,2026-11-26,41,6400
H049,2026-11-27,30,7250
H049,2026-11-28,43,7050
H049,2026-11-29,38,6450
H049,2026-11-30,46,6300
H049,2026-12-01,34,7850
H049,2026-12-02,20,8100
H049,2026-12-03,27,7950
H049,2026-12-04,23,8700
H049,2026-12-05,12,8900
H049,2026-12-06,26,8000
H049,2026-12-07,27,8000
H049,2026-12-08,32,7900
H049,2026-12-09,20,8100
H049,2026-12-10,21,8050
H049,2026-12-11,16,8850
H049,2026-12-12,17,8800
H049,2026-12-13,26,8000
H049,2026-12-14,28,7950
H049,2026-12-15,21,8100
H049,2026-12-16,27,8000
H049,2026-12-17,30,7900
H049,2026-12-18,27,8650
H049,2026-12-19,24,8700
H049,2026-12-20,16,9350
H049,2026-12-21,9,9450
H049,2026-12-22,18,9300
H049,2026-12-23,8,9500
H049,2026-12-24,11,9450
H049,2026-12-25,6,10200
H049,2026-12-26,4,10250
H049,2026-12-27,15,9350
H049,2026-12-28,18,9300
H049,2026-12-29,11,9450
H049,2026-12-30,4,9550
H049,2026-12-31,17,9350
H049,2027-01-01,14,8750
H049,2027-01-02,18,8650
H049,2027-01-03,47,6300
H049,2027-01-04,48,6300
H049,2027-01-05,50,6250
H049,2027-01-06,44,6350
H049,2027-01-07,36,6500
H049,2027-01-08,27,7300
H049,2027-01-09,36,7150
H049,2027-01-10,46,6300
H049,2027-01-11,48,6300
H049,2027-01-12,36,6500
H049,2027-01-13,41,6400
H049,2027-01-14,38,6450
H049,2027-01-15,39,7100
H049,2027-01-16,31,7250
H049,2027-01-17,38,6450
H049,2027-01-18,39,6450
H049,2027-01-19,42,6400
H049,2027-01-20,37,6500
H049,2027-01-21,47,6300
H049,2027-01-22,36,7150
H049,2027-01-23,39,7100
H049,2027-01-24,42,6400
H049,2027-01-25,35,6500
H049,2027-01-26,51,6250
H049,2027-01-27,49,6250
H049,2027-01-28,47,6300
H049,2027-01-29,40,7100
H049,2027-01-30,32,7200
H049,2027-01-31,47,6300
H049,2027-02-01,46,6300
H049,2027-02-02,45,6350
H049,2027-02-03,35,6500
H049,2027-02-04,45,6350
H049,2027-02-05,33,7200
H049,2027-02-06,34,7200
H049,2027-02-07,51,6250
H049,2027-02-08,45,6350
H049,2027-02-09,41,6400
H049,2027-02-10,39,6450
H049,2027-02-11,49,6250
H049,2027-02-12,28,7300
H049,2027-02-13,37,7150
H049,2027-02-14,40,6450
H049,2027-02-15,47,6300
H049,2027-02-16,41,6400
H049,2027-02-17,43,6400
H049,2027-02-18,43,6400
H049,2027-02-19,28,7300
H049,2027-02-20,29,7250
H049,2027-02-21,41,6400
H049,2027-02-22,49,6250
H049,2027-02-23,45,6350
H049,2027-02-24,47,6300
H049,2027-02-25,49,6250
H049,2027-02-26,34,7200
H049,2027-02-27,35,7150
H049,2027-02-28,40,6450
H049,2027-03-01,44,6350
H049,2027-03-02,46,6350
H049,2027-03-03,44,6350
H049,2027-03-04,40,6400
H049,2027-03-05,33,7200
H049,2027-03-06,41,7050
H049,2027-03-07,39,6450
H049,2027-03-08,42,6400
H049,2027-03-09,46,6300
H049,2027-03-10,36,6500
H049,2027-03-11,46,6300
H049,2027-03-12,27,7300
H049,2027-03-13,31,7250
H049,2027-03-14,47,6300
H049,2027-03-15,36,6500
H049,2027-03-16,42,6400
H049,2027-03-17,36,6500
H049,2027-03-18,51,6250
H049,2027-03-19,28,7300
H049,2027-03-20,40,7100
H049,2027-03-21,50,6250
H049,2027-03-22,39,6450
H049,2027-03-23,43,6350
H049,2027-03-24,37,6500
H049,2027-03-25,38,6450
H049,2027-03-26,34,7200
H049,2027-03-27,28,7300
H049,2027-03-28,46,6300
H049,2027-03-29,49,6250
H049,2027-03-30,49,6250
H049,2027-03-31,42,6400
H050,2026-10-01,25,6100
H050,2026-10-02,20,6900
H050,2026-10-03,15,7100
H050,2026-10-04,25,6100
H050,2026-10-05,23,6150
H050,2026-10-06,20,6300
H050,2026-10-07,19,6300
H050,2026-10-08,21,6250
H050,2026-10-09,21,6900
H050,2026-10-10,20,6900
H050,2026-10-11,22,6200
H050,2026-10-12,26,6100
H050,2026-10-13,21,6250
H050,2026-10-14,25,6100
H050,2026-10-15,27,6050
H050,2026-10-16,22,6850
H050,2026-10-17,17,7000
H050,2026-10-18,21,6250
H050,2026-10-19,25,6100
H050,2026-10-20,20,6250
H050,2026-10-21,20,6250
H050,2026-10-22,26,6100
H050,2026-10-23,19,6950
H050,2026-10-24,18,6950
H050,2026-10-25,24,6150
H050,2026-10-26,22,6200
H050,2026-10-27,20,6300
H050,2026-10-28,21,6250
H050,2026-10-29,19,6300
H050,2026-10-30,17,7000
H050,2026-10-31,18,7000
H050,2026-11-01,22,6200
H050,2026-11-02,25,6150
H050,2026-11-03,23,6150
H050,2026-11-04,22,6200
H050,2026-11-05,23,6200
H050,2026-11-06,12,8350
H050,2026-11-07,12,8300
H050,2026-11-08,18,7500
H050,2026-11-09,16,7550
H050,2026-11-10,15,7550
H050,2026-11-11,22,6200
H050,2026-11-12,27,6050
H050,2026-11-13,20,6900
H050,2026-11-14,17,7000
H050,2026-11-15,21,6250
H050,2026-11-16,21,6250
H050,2026-11-17,27,6050
H050,2026-11-18,22,6200
H050,2026-11-19,26,6100
H050,2026-11-20,19,6950
H050,2026-11-21,16,7050
H050,2026-11-22,25,6100
H050,2026-11-23,25,6100
H050,2026-11-24,19,6300
H050,2026-11-25,21,6250
H050,2026-11-26,25,6100
H050,2026-11-27,23,6800
H050,2026-11-28,22,6850
H050,2026-11-29,23,6200
H050,2026-11-30,25,6100
H050,2026-12-01,12,7800
H050,2026-12-02,10,7900
H050,2026-12-03,14,7750
H050,2026-12-04,11,8500
H050,2026-12-05,8,8600
H050,2026-12-06,14,7750
H050,2026-12-07,18,7600
H050,2026-12-08,16,7650
H050,2026-12-09,12,7800
H050,2026-12-10,10,7850
H050,2026-12-11,14,8400
H050,2026-12-12,12,8450
H050,2026-12-13,14,7750
H050,2026-12-14,13,7800
H050,2026-12-15,17,7650
H050,2026-12-16,15,7700
H050,2026-12-17,15,7700
H050,2026-12-18,14,8400
H050,2026-12-19,6,8650
H050,2026-12-20,2,9300
H050,2026-12-21,10,9050
H050,2026-12-22,8,9100
H050,2026-12-23,3,9250
H050,2026-12-24,6,9150
H050,2026-12-25,1,9950
H050,2026-12-26,1,9950
H050,2026-12-27,5,9200
H050,2026-12-28,9,9050
H050,2026-12-29,6,9150
H050,2026-12-30,3,9250
H050,2026-12-31,8,9100
H050,2027-01-01,9,8400
H050,2027-01-02,7,8450
H050,2027-01-03,19,6300
H050,2027-01-04,26,6050
H050,2027-01-05,20,6250
H050,2027-01-06,19,6300
H050,2027-01-07,23,6150
H050,2027-01-08,21,6850
H050,2027-01-09,16,7050
H050,2027-01-10,21,6250
H050,2027-01-11,21,6250
H050,2027-01-12,19,6300
H050,2027-01-13,24,6150
H050,2027-01-14,20,6250
H050,2027-01-15,23,6800
H050,2027-01-16,19,6950
H050,2027-01-17,26,6100
H050,2027-01-18,25,6100
H050,2027-01-19,23,6150
H050,2027-01-20,23,6150
H050,2027-01-21,19,6300
H050,2027-01-22,21,6850
H050,2027-01-23,15,7050
H050,2027-01-24,26,6100
H050,2027-01-25,20,6250
H050,2027-01-26,23,6200
H050,2027-01-27,22,6200
H050,2027-01-28,22,6200
H050,2027-01-29,15,7050
H050,2027-01-30,23,6800
H050,2027-01-31,25,6100
H050,2027-02-01,22,6200
H050,2027-02-02,22,6200
H050,2027-02-03,23,6200
H050,2027-02-04,25,6100
H050,2027-02-05,23,6800
H050,2027-02-06,16,7050
H050,2027-02-07,20,6250
H050,2027-02-08,27,6050
H050,2027-02-09,25,6100
H050,2027-02-10,22,6200
H050,2027-02-11,18,6300
H050,2027-02-12,15,7100
H050,2027-02-13,22,6850
H050,2027-02-14,23,6200
H050,2027-02-15,19,6300
H050,2027-02-16,19,6300
H050,2027-02-17,24,6150
H050,2027-02-18,23,6150
H050,2027-02-19,15,7050
H050,2027-02-20,22,6850
H050,2027-02-21,20,6300
H050,2027-02-22,24,6150
H050,2027-02-23,20,6300
H050,2027-02-24,22,6200
H050,2027-02-25,22,6200
H050,2027-02-26,15,7050
H050,2027-02-27,18,7000
H050,2027-02-28,23,6150
H050,2027-03-01,25,6100
H050,2027-03-02,19,6300
H050,2027-03-03,22,6200
H050,2027-03-04,23,6200
H050,2027-03-05,16,7050
H050,2027-03-06,23,6800
H050,2027-03-07,27,6050
H050,2027-03-08,19,6300
H050,2027-03-09,20,6250
H050,2027-03-10,20,6250
H050,2027-03-11,26,6050
H050,2027-03-12,21,6850
H050,2027-03-13,17,7000
H050,2027-03-14,20,6300
H050,2027-03-15,26,6050
H050,2027-03-16,26,6100
H050,2027-03-17,25,6100
H050,2027-03-18,24,6150
H050,2027-03-19,22,6850
H050,2027-03-20,16,7050
H050,2027-03-21,19,6300
H050,2027-03-22,21,6250
H050,2027-03-23,19,6300
H050,2027-03-24,20,6300
H050,2027-03-25,23,6200
H050,2027-03-26,19,6950
H050,2027-03-27,22,6850
H050,2027-03-28,23,6150
H050,2027-03-29,24,6150
H050,2027-03-30,24,6150
H050,2027-03-31,24,6150
H051,2026-10-01,22,6250
H051,2026-10-02,18,7000
H051,2026-10-03,25,6800
H051,2026-10-04,24,6200
H051,2026-10-05,29,6050
H051,2026-10-06,28,6050
H051,2026-10-07,24,6200
H051,2026-10-08,26,6150
H051,2026-10-09,24,6850
H051,2026-10-10,17,7050
H051,2026-10-11,28,6100
H051,2026-10-12,22,6250
H051,2026-10-13,24,6200
H051,2026-10-14,29,6050
H051,2026-10-15,26,6150
H051,2026-10-16,20,6950
H051,2026-10-17,17,7050
H051,2026-10-18,26,6150
H051,2026-10-19,26,6150
H051,2026-10-20,24,6200
H051,2026-10-21,26,6150
H051,2026-10-22,21,6250
H051,2026-10-23,17,7050
H051,2026-10-24,24,6850
H051,2026-10-25,25,6150
H051,2026-10-26,28,6100
H051,2026-10-27,27,6100
H051,2026-10-28,22,6250
H051,2026-10-29,29,6050
H051,2026-10-30,23,6900
H051,2026-10-31,20,6950
H051,2026-11-01,22,6250
H051,2026-11-02,29,6050
H051,2026-11-03,26,6150
H051,2026-11-04,24,6200
H051,2026-11-05,28,6100
H051,2026-11-06,12,8350
H051,2026-11-07,11,8350
H051,2026-11-08,20,7450
H051,2026-11-09,14,7650
H051,2026-11-10,19,7500
H051,2026-11-11,25,6150
H051,2026-11-12,20,6300
H051,2026-11-13,16,7100
H051,2026-11-14,19,7000
H051,2026-11-15,24,6200
H051,2026-11-16,26,6150
H051,2026-11-17,22,6250
H051,2026-11-18,28,6050
H051,2026-11-19,22,6250
H051,2026-11-20,20,6950
H051,2026-11-21,18,7000
H051,2026-11-22,25,6150
H051,2026-11-23,22,6250
H051,2026-11-24,27,6100
H051,2026-11-25,20,6300
H051,2026-11-26,24,6200
H051,2026-11-27,16,7100
H051,2026-11-28,24,6850
H051,2026-11-29,27,6100
H051,2026-11-30,22,6250
H051,2026-12-01,16,7700
H051,2026-12-02,13,7800
H051,2026-12-03,11,7850
H051,2026-12-04,8,8600
H051,2026-12-05,11,8500
H051,2026-12-06,16,7700
H051,2026-12-07,19,7650
H051,2026-12-08,15,7750
H051,2026-12-09,19,7600
H051,2026-12-10,15,7750
H051,2026-12-11,13,8450
H051,2026-12-12,7,8600
H051,2026-12-13,11,7850
H051,2026-12-14,12,7850
H051,2026-12-15,11,7850
H051,2026-12-16,19,7650
H051,2026-12-17,15,7750
H051,2026-12-18,15,8400
H051,2026-12-19,13,8450
H051,2026-12-20,3,9250
H051,2026-12-21,8,9100
H051,2026-12-22,7,9150
H051,2026-12-23,5,9200
H051,2026-12-24,10,9050
H051,2026-12-25,1,9950
H051,2026-12-26,1,9950
H051,2026-12-27,7,9150
H051,2026-12-28,9,9050
H051,2026-12-29,4,9250
H051,2026-12-30,9,9100
H051,2026-12-31,2,9300
H051,2027-01-01,10,8400
H051,2027-01-02,8,8450
H051,2027-01-03,28,6100
H051,2027-01-04,23,6250
H051,2027-01-05,21,6300
H051,2027-01-06,26,6150
H051,2027-01-07,24,6200
H051,2027-01-08,21,6950
H051,2027-01-09,22,6900
H051,2027-01-10,20,6300
H051,2027-01-11,26,6150
H051,2027-01-12,26,6150
H051,2027-01-13,29,6050
H051,2027-01-14,27,6100
H051,2027-01-15,20,6950
H051,2027-01-16,24,6850
H051,2027-01-17,26,6150
H051,2027-01-18,28,6100
H051,2027-01-19,29,6050
H051,2027-01-20,20,6300
H051,2027-01-21,26,6150
H051,2027-01-22,22,6900
H051,2027-01-23,24,6850
H051,2027-01-24,23,6200
H051,2027-01-25,23,6250
H051,2027-01-26,26,6150
H051,2027-01-27,25,6150
H051,2027-01-28,28,6100
H051,2027-01-29,21,6950
H051,2027-01-30,17,7050
H051,2027-01-31,21,6300
H051,2027-02-01,24,6200
H051,2027-02-02,20,6300
H051,2027-02-03,26,6150
H051,2027-02-04,27,6100
H051,2027-02-05,24,6850
H051,2027-02-06,22,6900
H051,2027-02-07,20,6300
H051,2027-02-08,28,6100
H051,2027-02-09,28,6050
H051,2027-02-10,28,6100
H051,2027-02-11,22,6250
H051,2027-02-12,18,7050
H051,2027-02-13,22,6900
H051,2027-02-14,28,6100
H051,2027-02-15,21,6300
H051,2027-02-16,25,6200
H051,2027-02-17,20,6300
H051,2027-02-18,25,6200
H051,2027-02-19,19,7000
H051,2027-02-20,16,7100
H051,2027-02-21,24,6200
H051,2027-02-22,25,6200
H051,2027-02-23,23,6250
H051,2027-02-24,28,6050
H051,2027-02-25,26,6150
H051,2027-02-26,21,6900
H051,2027-02-27,18,7000
H051,2027-02-28,28,6100
H051,2027-03-01,24,6200
H051,2027-03-02,28,6100
H051,2027-03-03,29,6050
H051,2027-03-04,22,6250
H051,2027-03-05,23,6850
H051,2027-03-06,20,6950
H051,2027-03-07,22,6250
H051,2027-03-08,21,6300
H051,2027-03-09,23,6200
H051,2027-03-10,29,6050
H051,2027-03-11,24,6200
H051,2027-03-12,18,7000
H051,2027-03-13,22,6900
H051,2027-03-14,26,6150
H051,2027-03-15,20,6300
H051,2027-03-16,26,6150
H051,2027-03-17,29,6050
H051,2027-03-18,21,6300
H051,2027-03-19,24,6850
H051,2027-03-20,21,6950
H051,2027-03-21,29,6050
H051,2027-03-22,25,6150
H051,2027-03-23,28,6100
H051,2027-03-24,26,6100
H051,2027-03-25,26,6100
H051,2027-03-26,16,7050
H051,2027-03-27,22,6900
H051,2027-03-28,24,6200
H051,2027-03-29,27,6100
H051,2027-03-30,24,6200
H051,2027-03-31,28,6100
H052,2026-10-01,24,7400
H052,2026-10-02,23,8200
H052,2026-10-03,25,8150
H052,2026-10-04,29,7300
H052,2026-10-05,26,7350
H052,2026-10-06,34,7150
H052,2026-10-07,29,7300
H052,2026-10-08,27,7350
H052,2026-10-09,29,8050
H052,2026-10-10,26,8100
H052,2026-10-11,31,7200
H052,2026-10-12,29,7300
H052,2026-10-13,30,7250
H052,2026-10-14,26,7350
H052,2026-10-15,26,7350
H052,2026-10-16,25,8150
H052,2026-10-17,28,8050
H052,2026-10-18,32,7200
H052,2026-10-19,28,7300
H052,2026-10-20,29,7300
H052,2026-10-21,33,7150
H052,2026-10-22,26,7350
H052,2026-10-23,20,8300
H052,2026-10-24,25,8150
H052,2026-10-25,25,7400
H052,2026-10-26,33,7150
H052,2026-10-27,35,7100
H052,2026-10-28,35,7100
H052,2026-10-29,29,7250
H052,2026-10-30,25,8150
H052,2026-10-31,30,8000
H052,2026-11-01,33,7150
H052,2026-11-02,30,7250
H052,2026-11-03,35,7100
H052,2026-11-04,31,7250
H052,2026-11-05,28,7300
H052,2026-11-06,12,9850
H052,2026-11-07,9,9950
H052,2026-11-08,24,8750
H052,2026-11-09,19,8900
H052,2026-11-10,17,8950
H052,2026-11-11,26,7350
H052,2026-11-12,27,7350
H052,2026-11-13,20,8300
H052,2026-11-14,20,8300
H052,2026-11-15,25,7400
H052,2026-11-16,26,7400
H052,2026-11-17,29,7300
H052,2026-11-18,30,7250
H052,2026-11-19,27,7350
H052,2026-11-20,25,8150
H052,2026-11-21,24,8200
H052,2026-11-22,30,7250
H052,2026-11-23,31,7200
H052,2026-11-24,25,7400
H052,2026-11-25,30,7250
H052,2026-11-26,33,7150
H052,2026-11-27,31,8000
H052,2026-11-28,25,8150
H052,2026-11-29,32,7200
H052,2026-11-30,34,7150
H052,2026-12-01,15,9200
H052,2026-12-02,13,9250
H052,2026-12-03,16,9150
H052,2026-12-04,19,9850
H052,2026-12-05,12,10000
H052,2026-12-06,15,9150
H052,2026-12-07,14,9200
H052,2026-12-08,19,9050
H052,2026-12-09,17,9150
H052,2026-12-10,23,8950
H052,2026-12-11,12,10000
H052,2026-12-12,9,10100
H052,2026-12-13,17,9100
H052,2026-12-14,15,9200
H052,2026-12-15,23,8950
H052,2026-12-16,23,8950
H052,2026-12-17,24,8900
H052,2026-12-18,16,9900
H052,2026-12-19,17,9900
H052,2026-12-20,6,10800
H052,2026-12-21,7,10750
H052,2026-12-22,3,10850
H052,2026-12-23,6,10750
H052,2026-12-24,6,10800
H052,2026-12-25,2,11650
H052,2026-12-26,7,11500
H052,2026-12-27,6,10800
H052,2026-12-28,5,10800
H052,2026-12-29,7,10750
H052,2026-12-30,12,10600
H052,2026-12-31,11,10650
H052,2027-01-01,9,9950
H052,2027-01-02,13,9850
H052,2027-01-03,26,7350
H052,2027-01-04,30,7250
H052,2027-01-05,33,7150
H052,2027-01-06,35,7100
H052,2027-01-07,32,7200
H052,2027-01-08,21,8250
H052,2027-01-09,30,8000
H052,2027-01-10,27,7350
H052,2027-01-11,29,7300
H052,2027-01-12,33,7150
H052,2027-01-13,32,7200
H052,2027-01-14,31,7250
H052,2027-01-15,29,8050
H052,2027-01-16,30,8000
H052,2027-01-17,35,7100
H052,2027-01-18,25,7400
H052,2027-01-19,31,7200
H052,2027-01-20,26,7350
H052,2027-01-21,34,7150
H052,2027-01-22,22,8250
H052,2027-01-23,22,8250
H052,2027-01-24,30,7250
H052,2027-01-25,34,7150
H052,2027-01-26,34,7150
H052,2027-01-27,27,7350
H052,2027-01-28,29,7300
H052,2027-01-29,29,8050
H052,2027-01-30,21,8250
H052,2027-01-31,31,7250
H052,2027-02-01,26,7350
H052,2027-02-02,35,7100
H052,2027-02-03,34,7150
H052,2027-02-04,26,7350
H052,2027-02-05,30,8000
H052,2027-02-06,27,8050
H052,2027-02-07,25,7400
H052,2027-02-08,31,7200
H052,2027-02-09,31,7200
H052,2027-02-10,35,7100
H052,2027-02-11,28,7300
H052,2027-02-12,23,8200
H052,2027-02-13,22,8250
H052,2027-02-14,29,7300
H052,2027-02-15,26,7350
H052,2027-02-16,33,7200
H052,2027-02-17,31,7200
H052,2027-02-18,36,7100
H052,2027-02-19,29,8050
H052,2027-02-20,21,8250
H052,2027-02-21,25,7400
H052,2027-02-22,35,7100
H052,2027-02-23,29,7250
H052,2027-02-24,28,7300
H052,2027-02-25,31,7250
H052,2027-02-26,20,8300
H052,2027-02-27,28,8050
H052,2027-02-28,33,7150
H052,2027-03-01,31,7250
H052,2027-03-02,33,7150
H052,2027-03-03,30,7250
H052,2027-03-04,29,7300
H052,2027-03-05,30,8000
H052,2027-03-06,20,8300
H052,2027-03-07,30,7250
H052,2027-03-08,36,7100
H052,2027-03-09,32,7200
H052,2027-03-10,26,7400
H052,2027-03-11,26,7350
H052,2027-03-12,24,8200
H052,2027-03-13,20,8300
H052,2027-03-14,27,7350
H052,2027-03-15,25,7400
H052,2027-03-16,30,7250
H052,2027-03-17,26,7350
H052,2027-03-18,30,7250
H052,2027-03-19,26,8100
H052,2027-03-20,20,8250
H052,2027-03-21,28,7300
H052,2027-03-22,35,7100
H052,2027-03-23,27,7350
H052,2027-03-24,26,7350
H052,2027-03-25,35,7100
H052,2027-03-26,27,8050
H052,2027-03-27,29,8050
H052,2027-03-28,27,7350
H052,2027-03-29,35,7100
H052,2027-03-30,34,7150
H052,2027-03-31,26,7350
H053,2026-10-01,65,17900
H053,2026-10-02,38,20700
H053,2026-10-03,43,20550
H053,2026-10-04,52,18350
H053,2026-10-05,61,18050
H053,2026-10-06,60,18100
H053,2026-10-07,64,17950
H053,2026-10-08,65,17900
H053,2026-10-09,39,20700
H053,2026-10-10,46,20450
H053,2026-10-11,68,17800
H053,2026-10-12,68,17800
H053,2026-10-13,71,17700
H053,2026-10-14,67,17850
H053,2026-10-15,59,18100
H053,2026-10-16,56,20100
H053,2026-10-17,46,20450
H053,2026-10-18,61,18050
H053,2026-10-19,63,17950
H053,2026-10-20,65,17900
H053,2026-10-21,65,17900
H053,2026-10-22,69,17750
H053,2026-10-23,48,20350
H053,2026-10-24,41,20650
H053,2026-10-25,69,17750
H053,2026-10-26,56,18200
H053,2026-10-27,68,17800
H053,2026-10-28,55,18250
H053,2026-10-29,70,17700
H053,2026-10-30,59,19950
H053,2026-10-31,57,20050
H053,2026-11-01,67,17850
H053,2026-11-02,49,18450
H053,2026-11-03,67,17850
H053,2026-11-04,67,17850
H053,2026-11-05,56,18200
H053,2026-11-06,22,24650
H053,2026-11-07,35,24200
H053,2026-11-08,43,22050
H053,2026-11-09,45,21950
H053,2026-11-10,48,21850
H053,2026-11-11,51,18400
H053,2026-11-12,64,17950
H053,2026-11-13,45,20450
H053,2026-11-14,56,20100
H053,2026-11-15,51,18400
H053,2026-11-16,55,18250
H053,2026-11-17,69,17800
H053,2026-11-18,72,17650
H053,2026-11-19,59,18100
H053,2026-11-20,60,19950
H053,2026-11-21,61,19900
H053,2026-11-22,72,17650
H053,2026-11-23,49,18450
H053,2026-11-24,56,18250
H053,2026-11-25,66,17850
H053,2026-11-26,56,18200
H053,2026-11-27,40,20650
H053,2026-11-28,59,19950
H053,2026-11-29,61,18050
H053,2026-11-30,69,17750
H053,2026-12-01,30,22850
H053,2026-12-02,44,22400
H053,2026-12-03,31,22850
H053,2026-12-04,29,24750
H053,2026-12-05,17,25200
H053,2026-12-06,46,22300
H053,2026-12-07,30,22850
H053,2026-12-08,45,22350
H053,2026-12-09,45,22350
H053,2026-12-10,41,22500
H053,2026-12-11,36,24500
H053,2026-12-12,28,24850
H053,2026-12-13,26,23000
H053,2026-12-14,41,22500
H053,2026-12-15,26,23000
H053,2026-12-16,40,22550
H053,2026-12-17,34,22750
H053,2026-12-18,25,24950
H053,2026-12-19,25,24900
H053,2026-12-20,6,27050
H053,2026-12-21,4,27150
H053,2026-12-22,6,27100
H053,2026-12-23,6,27100
H053,2026-12-24,17,26700
H053,2026-12-25,10,28800
H053,2026-12-26,3,29050
H053,2026-12-27,19,26650
H053,2026-12-28,24,26450
H053,2026-12-29,22,26550
H053,2026-12-30,12,26900
H053,2026-12-31,21,26550
H053,2027-01-01,26,24500
H053,2027-01-02,33,24300
H053,2027-01-03,63,18000
H053,2027-01-04,54,18300
H053,2027-01-05,53,18300
H053,2027-01-06,53,18300
H053,2027-01-07,62,18000
H053,2027-01-08,48,20400
H053,2027-01-09,42,20600
H053,2027-01-10,51,18400
H053,2027-01-11,50,18450
H053,2027-01-12,54,18300
H053,2027-01-13,62,18000
H053,2027-01-14,68,17800
H053,2027-01-15,45,20450
H053,2027-01-16,61,19900
H053,2027-01-17,65,17900
H053,2027-01-18,59,18100
H053,2027-01-19,53,18300
H053,2027-01-20,54,18300
H053,2027-01-21,65,17900
H053,2027-01-22,56,20100
H053,2027-01-23,40,20650
H053,2027-01-24,53,18300
H053,2027-01-25,64,17950
H053,2027-01-26,60,18100
H053,2027-01-27,67,17850
H053,2027-01-28,58,18150
H053,2027-01-29,38,20700
H053,2027-01-30,42,20600
H053,2027-01-31,54,18300
H053,2027-02-01,50,18450
H053,2027-02-02,52,18350
H053,2027-02-03,65,17900
H053,2027-02-04,68,17800
H053,2027-02-05,42,20600
H053,2027-02-06,57,20050
H053,2027-02-07,58,18150
H053,2027-02-08,59,18100
H053,2027-02-09,50,18400
H053,2027-02-10,67,17850
H053,2027-02-11,50,18450
H053,2027-02-12,57,20050
H053,2027-02-13,45,20500
H053,2027-02-14,59,18100
H053,2027-02-15,63,17950
H053,2027-02-16,54,18300
H053,2027-02-17,67,17850
H053,2027-02-18,59,18100
H053,2027-02-19,48,20350
H053,2027-02-20,60,19950
H053,2027-02-21,53,18300
H053,2027-02-22,58,18150
H053,2027-02-23,60,18100
H053,2027-02-24,67,17800
H053,2027-02-25,59,18100
H053,2027-02-26,55,20100
H053,2027-02-27,59,19950
H053,2027-02-28,51,18400
H053,2027-03-01,58,18150
H053,2027-03-02,50,18450
H053,2027-03-03,59,18100
H053,2027-03-04,67,17850
H053,2027-03-05,47,20400
H053,2027-03-06,61,19900
H053,2027-03-07,65,17900
H053,2027-03-08,59,18100
H053,2027-03-09,63,18000
H053,2027-03-10,56,18200
H053,2027-03-11,58,18150
H053,2027-03-12,44,20500
H053,2027-03-13,48,20350
H053,2027-03-14,57,18200
H053,2027-03-15,62,18000
H053,2027-03-16,63,18000
H053,2027-03-17,62,18000
H053,2027-03-18,58,18150
H053,2027-03-19,55,20150
H053,2027-03-20,55,20150
H053,2027-03-21,64,17950
H053,2027-03-22,68,17800
H053,2027-03-23,68,17800
H053,2027-03-24,62,18000
H053,2027-03-25,67,17850
H053,2027-03-26,53,20200
H053,2027-03-27,55,20100
H053,2027-03-28,49,18450
H053,2027-03-29,53,18350
H053,2027-03-30,55,18250
H053,2027-03-31,65,17900
H054,2026-10-01,56,22800
H054,2026-10-02,62,24900
H054,2026-10-03,65,24800
H054,2026-10-04,60,22700
H054,2026-10-05,73,22150
H054,2026-10-06,74,22150
H054,2026-10-07,65,22500
H054,2026-10-08,68,22400
H054,2026-10-09,55,25200
H054,2026-10-10,60,25000
H054,2026-10-11,70,22250
H054,2026-10-12,67,22400
H054,2026-10-13,67,22400
H054,2026-10-14,60,22650
H054,2026-10-15,71,22200
H054,2026-10-16,58,25050
H054,2026-10-17,45,25600
H054,2026-10-18,59,22700
H054,2026-10-19,64,22500
H054,2026-10-20,68,22350
H054,2026-10-21,64,22500
H054,2026-10-22,62,22600
H054,2026-10-23,62,24900
H054,2026-10-24,50,25400
H054,2026-10-25,66,22450
H054,2026-10-26,61,22600
H054,2026-10-27,70,22300
H054,2026-10-28,63,22550
H054,2026-10-29,62,22600
H054,2026-10-30,48,25450
H054,2026-10-31,56,25150
H054,2026-11-01,64,22500
H054,2026-11-02,68,22350
H054,2026-11-03,79,21950
H054,2026-11-04,78,21950
H054,2026-11-05,75,22100
H054,2026-11-06,39,30000
H054,2026-11-07,32,30250
H054,2026-11-08,33,27900
H054,2026-11-09,45,27450
H054,2026-11-10,49,27250
H054,2026-11-11,68,22350
H054,2026-11-12,79,21950
H054,2026-11-13,56,25150
H054,2026-11-14,51,25350
H054,2026-11-15,60,22700
H054,2026-11-16,57,22800
H054,2026-11-17,70,22250
H054,2026-11-18,69,22300
H054,2026-11-19,65,22500
H054,2026-11-20,51,25350
H054,2026-11-21,59,25000
H054,2026-11-22,68,22350
H054,2026-11-23,59,22700
H054,2026-11-24,76,22000
H054,2026-11-25,59,22700
H054,2026-11-26,68,22350
H054,2026-11-27,54,25250
H054,2026-11-28,61,24950
H054,2026-11-29,67,22400
H054,2026-11-30,73,22150
H054,2026-12-01,36,28300
H054,2026-12-02,37,28250
H054,2026-12-03,46,27850
H054,2026-12-04,29,30850
H054,2026-12-05,42,30350
H054,2026-12-06,47,27850
H054,2026-12-07,41,28050
H054,2026-12-08,35,28300
H054,2026-12-09,34,28350
H054,2026-12-10,53,27600
H054,2026-12-11,37,30550
H054,2026-12-12,29,30850
H054,2026-12-13,49,27750
H054,2026-12-14,31,28500
H054,2026-12-15,42,28050
H054,2026-12-16,32,28450
H054,2026-12-17,31,28500
H054,2026-12-18,33,30750
H054,2026-12-19,40,30450
H054,2026-12-20,6,33650
H054,2026-12-21,27,32800
H054,2026-12-22,15,33250
H054,2026-12-23,29,32750
H054,2026-12-24,7,33600
H054,2026-12-25,4,36050
H054,2026-12-26,13,35700
H054,2026-12-27,25,32900
H054,2026-12-28,23,32950
H054,2026-12-29,13,33350
H054,2026-12-30,11,33450
H054,2026-12-31,27,32800
H054,2027-01-01,36,30100
H054,2027-01-02,39,30000
H054,2027-01-03,56,22850
H054,2027-01-04,55,22850
H054,2027-01-05,67,22400
H054,2027-01-06,73,22150
H054,2027-01-07,69,22300
H054,2027-01-08,53,25250
H054,2027-01-09,64,24850
H054,2027-01-10,68,22350
H054,2027-01-11,67,22400
H054,2027-01-12,60,22700
H054,2027-01-13,59,22700
H054,2027-01-14,77,22000
H054,2027-01-15,56,25150
H054,2027-01-16,58,25050
H054,2027-01-17,67,22400
H054,2027-01-18,71,22250
H054,2027-01-19,58,22750
H054,2027-01-20,60,22700
H054,2027-01-21,79,21950
H054,2027-01-22,61,24950
H054,2027-01-23,53,25300
H054,2027-01-24,55,22850
H054,2027-01-25,59,22700
H054,2027-01-26,72,22200
H054,2027-01-27,78,21950
H054,2027-01-28,77,22000
H054,2027-01-29,59,25050
H054,2027-01-30,45,25600
H054,2027-01-31,62,22600
H054,2027-02-01,67,22400
H054,2027-02-02,56,22800
H054,2027-02-03,68,22350
H054,2027-02-04,54,22900
H054,2027-02-05,48,25500
H054,2027-02-06,47,25550
H054,2027-02-07,64,22500
H054,2027-02-08,71,22250
H054,2027-02-09,67,22400
H054,2027-02-10,56,22850
H054,2027-02-11,56,22800
H054,2027-02-12,48,25500
H054,2027-02-13,55,25200
H054,2027-02-14,79,21900
H054,2027-02-15,62,22600
H054,2027-02-16,70,22300
H054,2027-02-17,58,22750
H054,2027-02-18,70,22300
H054,2027-02-19,51,25350
H054,2027-02-20,68,24700
H054,2027-02-21,71,22250
H054,2027-02-22,67,22400
H054,2027-02-23,54,22900
H054,2027-02-24,75,22100
H054,2027-02-25,57,22800
H054,2027-02-26,63,24900
H054,2027-02-27,49,25450
H054,2027-02-28,55,22900
H054,2027-03-01,64,22500
H054,2027-03-02,58,22750
H054,2027-03-03,59,22700
H054,2027-03-04,58,22750
H054,2027-03-05,52,25300
H054,2027-03-06,57,25150
H054,2027-03-07,56,22850
H054,2027-03-08,77,22000
H054,2027-03-09,60,22650
H054,2027-03-10,70,22300
H054,2027-03-11,64,22550
H054,2027-03-12,43,25650
H054,2027-03-13,67,24750
H054,2027-03-14,78,21950
H054,2027-03-15,59,22700
H054,2027-03-16,79,21900
H054,2027-03-17,72,22200
H054,2027-03-18,62,22600
H054,2027-03-19,63,24850
H054,2027-03-20,52,25300
H054,2027-03-21,55,22850
H054,2027-03-22,55,22900
H054,2027-03-23,61,22650
H054,2027-03-24,72,22200
H054,2027-03-25,62,22600
H054,2027-03-26,50,25400
H054,2027-03-27,51,25350
H054,2027-03-28,70,22300
H054,2027-03-29,70,22300
H054,2027-03-30,78,22000
H054,2027-03-31,79,21950
H055,2026-10-01,9,4450
H055,2026-10-02,8,5000
H055,2026-10-03,6,5100
H055,2026-10-04,7,4600
H055,2026-10-05,7,4600
H055,2026-10-06,9,4450
H055,2026-10-07,7,4600
H055,2026-10-08,9,4500
H055,2026-10-09,7,5050
H055,2026-10-10,8,5050
H055,2026-10-11,9,4500
H055,2026-10-12,7,4600
H055,2026-10-13,7,4600
H055,2026-10-14,8,4550
H055,2026-10-15,7,4600
H055,2026-10-16,8,5000
H055,2026-10-17,6,5150
H055,2026-10-18,8,4500
H055,2026-10-19,8,4550
H055,2026-10-20,9,4500
H055,2026-10-21,7,4650
H055,2026-10-22,9,4450
H055,2026-10-23,7,5050
H055,2026-10-24,5,5200
H055,2026-10-25,8,4500
H055,2026-10-26,9,4500
H055,2026-10-27,9,4450
H055,2026-10-28,9,4500
H055,2026-10-29,8,4500
H055,2026-10-30,7,5100
H055,2026-10-31,7,5100
H055,2026-11-01,4,5750
H055,2026-11-02,4,5750
H055,2026-11-03,4,5750
H055,2026-11-04,4,5750
H055,2026-11-05,5,5700
H055,2026-11-06,1,7300
H055,2026-11-07,1,7300
H055,2026-11-08,1,6750
H055,2026-11-09,3,6650
H055,2026-11-10,1,6800
H055,2026-11-11,5,5650
H055,2026-11-12,4,5750
H055,2026-11-13,3,6300
H055,2026-11-14,4,6200
H055,2026-11-15,5,5700
H055,2026-11-16,6,5600
H055,2026-11-17,6,5650
H055,2026-11-18,6,5650
H055,2026-11-19,5,5650
H055,2026-11-20,3,6300
H055,2026-11-21,2,6350
H055,2026-11-22,6,5600
H055,2026-11-23,6,5600
H055,2026-11-24,4,5750
H055,2026-11-25,4,5750
H055,2026-11-26,3,5800
H055,2026-11-27,5,6150
H055,2026-11-28,3,6300
H055,2026-11-29,5,5700
H055,2026-11-30,5,5650
H055,2026-12-01,4,5750
H055,2026-12-02,4,5750
H055,2026-12-03,5,5650
H055,2026-12-04,5,6150
H055,2026-12-05,3,6250
H055,2026-12-06,5,5700
H055,2026-12-07,6,5600
H055,2026-12-08,5,5650
H055,2026-12-09,4,5750
H055,2026-12-10,4,5750
H055,2026-12-11,3,6250
H055,2026-12-12,5,6150
H055,2026-12-13,5,5700
H055,2026-12-14,4,5800
H055,2026-12-15,5,5650
H055,2026-12-16,5,5700
H055,2026-12-17,4,5750
H055,2026-12-18,5,6200
H055,2026-12-19,4,6200
H055,2026-12-20,1,6800
H055,2026-12-21,2,6700
H055,2026-12-22,3,6700
H055,2026-12-23,1,6750
H055,2026-12-24,3,6650
H055,2026-12-25,1,7300
H055,2026-12-26,0,7300
H055,2026-12-27,1,6800
H055,2026-12-28,1,6800
H055,2026-12-29,3,6650
H055,2026-12-30,2,6750
H055,2026-12-31,3,6650
H055,2027-01-01,1,7250
H055,2027-01-02,0,7300
H055,2027-01-03,5,5650
H055,2027-01-04,5,5700
H055,2027-01-05,4,5750
H055,2027-01-06,4,5750
H055,2027-01-07,4,5750
H055,2027-01-08,2,6350
H055,2027-01-09,3,6300
H055,2027-01-10,4,5750
H055,2027-01-11,5,5650
H055,2027-01-12,4,5750
H055,2027-01-13,4,5750
H055,2027-01-14,5,5700
H055,2027-01-15,5,6150
H055,2027-01-16,5,6150
H055,2027-01-17,5,5650
H055,2027-01-18,4,5750
H055,2027-01-19,6,5600
H055,2027-01-20,4,5800
H055,2027-01-21,5,5650
H055,2027-01-22,3,6300
H055,2027-01-23,2,6350
H055,2027-01-24,5,5700
H055,2027-01-25,4,5700
H055,2027-01-26,5,5650
H055,2027-01-27,6,5600
H055,2027-01-28,6,5600
H055,2027-01-29,4,6250
H055,2027-01-30,5,6150
H055,2027-01-31,6,5600
H055,2027-02-01,5,5650
H055,2027-02-02,6,5650
H055,2027-02-03,4,5700
H055,2027-02-04,5,5700
H055,2027-02-05,3,6300
H055,2027-02-06,4,6200
H055,2027-02-07,6,5600
H055,2027-02-08,6,5600
H055,2027-02-09,4,5700
H055,2027-02-10,5,5650
H055,2027-02-11,3,5800
H055,2027-02-12,2,6350
H055,2027-02-13,4,6200
H055,2027-02-14,6,5600
H055,2027-02-15,3,5800
H055,2027-02-16,4,5750
H055,2027-02-17,4,5750
H055,2027-02-18,4,5700
H055,2027-02-19,4,6200
H055,2027-02-20,3,6300
H055,2027-02-21,6,5600
H055,2027-02-22,5,5650
H055,2027-02-23,5,5700
H055,2027-02-24,5,5700
H055,2027-02-25,5,5700
H055,2027-02-26,4,6250
H055,2027-02-27,3,6250
H055,2027-02-28,4,5750
H055,2027-03-01,4,5750
H055,2027-03-02,3,5800
H055,2027-03-03,4,5750
H055,2027-03-04,4,5800
H055,2027-03-05,3,6300
H055,2027-03-06,3,6300
H055,2027-03-07,6,5600
H055,2027-03-08,5,5700
H055,2027-03-09,4,5800
H055,2027-03-10,5,5650
H055,2027-03-11,5,5700
H055,2027-03-12,5,6150
H055,2027-03-13,5,6150
H055,2027-03-14,6,5600
H055,2027-03-15,4,5750
H055,2027-03-16,5,5700
H055,2027-03-17,6,5650
H055,2027-03-18,5,5650
H055,2027-03-19,3,6250
H055,2027-03-20,2,6350
H055,2027-03-21,6,5600
H055,2027-03-22,6,5650
H055,2027-03-23,6,5650
H055,2027-03-24,6,5600
H055,2027-03-25,4,5750
H055,2027-03-26,3,6300
H055,2027-03-27,3,6250
H055,2027-03-28,5,5700
H055,2027-03-29,6,5600
H055,2027-03-30,4,5750
H055,2027-03-31,5,5700
H056,2026-10-01,15,5650
H056,2026-10-02,14,6300
H056,2026-10-03,11,6450
H056,2026-10-04,17,5600
H056,2026-10-05,14,5700
H056,2026-10-06,16,5600
H056,2026-10-07,12,5800
H056,2026-10-08,14,5700
H056,2026-10-09,12,6400
H056,2026-10-10,10,6500
H056,2026-10-11,15,5650
H056,2026-10-12,15,5650
H056,2026-10-13,14,5700
H056,2026-10-14,13,5750
H056,2026-10-15,16,5650
H056,2026-10-16,12,6400
H056,2026-10-17,14,6300
H056,2026-10-18,14,5700
H056,2026-10-19,12,5800
H056,2026-10-20,12,5800
H056,2026-10-21,14,5750
H056,2026-10-22,15,5650
H056,2026-10-23,13,6350
H056,2026-10-24,11,6450
H056,2026-10-25,12,5800
H056,2026-10-26,13,5750
H056,2026-10-27,12,5800
H056,2026-10-28,15,5650
H056,2026-10-29,14,5700
H056,2026-10-30,10,6500
H056,2026-10-31,12,6400
H056,2026-11-01,8,7150
H056,2026-11-02,7,7200
H056,2026-11-03,6,7250
H056,2026-11-04,10,7100
H056,2026-11-05,9,7100
H056,2026-11-06,3,9100
H056,2026-11-07,4,9000
H056,2026-11-08,4,8450
H056,2026-11-09,3,8450
H056,2026-11-10,3,8450
H056,2026-11-11,11,7000
H056,2026-11-12,7,7200
H056,2026-11-13,8,7800
H056,2026-11-14,5,7950
H056,2026-11-15,9,7100
H056,2026-11-16,7,7200
H056,2026-11-17,7,7250
H056,2026-11-18,9,7150
H056,2026-11-19,10,7100
H056,2026-11-20,8,7750
H056,2026-11-21,6,7850
H056,2026-11-22,11,7000
H056,2026-11-23,9,7150
H056,2026-11-24,10,7100
H056,2026-11-25,8,7150
H056,2026-11-26,7,7200
H056,2026-11-27,8,7750
H056,2026-11-28,5,7900
H056,2026-11-29,10,7100
H056,2026-11-30,10,7050
H056,2026-12-01,9,7150
H056,2026-12-02,7,7250
H056,2026-12-03,8,7150
H056,2026-12-04,6,7850
H056,2026-12-05,7,7800
H056,2026-12-06,6,7250
H056,2026-12-07,8,7150
H056,2026-12-08,7,7200
H056,2026-12-09,10,7050
H056,2026-12-10,10,7050
H056,2026-12-11,6,7850
H056,2026-12-12,6,7850
H056,2026-12-13,10,7100
H056,2026-12-14,7,7200
H056,2026-12-15,8,7200
H056,2026-12-16,8,7200
H056,2026-12-17,7,7250
H056,2026-12-18,4,8000
H056,2026-12-19,8,7750
H056,2026-12-20,6,8300
H056,2026-12-21,6,8350
H056,2026-12-22,4,8400
H056,2026-12-23,6,8350
H056,2026-12-24,6,8350
H056,2026-12-25,3,9050
H056,2026-12-26,1,9150
H056,2026-12-27,1,8550
H056,2026-12-28,4,8450
H056,2026-12-29,6,8300
H056,2026-12-30,5,8350
H056,2026-12-31,3,8500
H056,2027-01-01,1,9150
H056,2027-01-02,1,9150
H056,2027-01-03,8,7200
H056,2027-01-04,11,7050
H056,2027-01-05,11,7050
H056,2027-01-06,8,7150
H056,2027-01-07,9,7100
H056,2027-01-08,5,7900
H056,2027-01-09,6,7900
H056,2027-01-10,6,7250
H056,2027-01-11,6,7250
H056,2027-01-12,8,7150
H056,2027-01-13,10,7100
H056,2027-01-14,8,7150
H056,2027-01-15,6,7900
H056,2027-01-16,5,7900
H056,2027-01-17,9,7150
H056,2027-01-18,7,7200
H056,2027-01-19,9,7100
H056,2027-01-20,8,7200
H056,2027-01-21,9,7150
H056,2027-01-22,5,7900
H056,2027-01-23,7,7800
H056,2027-01-24,10,7050
H056,2027-01-25,9,7150
H056,2027-01-26,7,7200
H056,2027-01-27,9,7150
H056,2027-01-28,11,7050
H056,2027-01-29,5,7900
H056,2027-01-30,6,7850
H056,2027-01-31,8,7150
H056,2027-02-01,8,7200
H056,2027-02-02,10,7100
H056,2027-02-03,11,7050
H056,2027-02-04,9,7100
H056,2027-02-05,7,7800
H056,2027-02-06,6,7850
H056,2027-02-07,11,7050
H056,2027-02-08,10,7100
H056,2027-02-09,9,7150
H056,2027-02-10,6,7250
H056,2027-02-11,9,7150
H056,2027-02-12,6,7850
H056,2027-02-13,5,7900
H056,2027-02-14,11,7000
H056,2027-02-15,10,7100
H056,2027-02-16,8,7200
H056,2027-02-17,11,7000
H056,2027-02-18,6,7250
H056,2027-02-19,8,7750
H056,2027-02-20,4,7950
H056,2027-02-21,10,7100
H056,2027-02-22,11,7000
H056,2027-02-23,8,7150
H056,2027-02-24,10,7050
H056,2027-02-25,7,7250
H056,2027-02-26,6,7850
H056,2027-02-27,6,7850
H056,2027-02-28,11,7000
H056,2027-03-01,7,7250
H056,2027-03-02,7,7200
H056,2027-03-03,7,7200
H056,2027-03-04,8,7150
H056,2027-03-05,4,7950
H056,2027-03-06,7,7800
H056,2027-03-07,9,7150
H056,2027-03-08,8,7200
H056,2027-03-09,7,7250
H056,2027-03-10,11,7000
H056,2027-03-11,11,7000
H056,2027-03-12,4,7950
H056,2027-03-13,7,7800
H056,2027-03-14,8,7150
H056,2027-03-15,9,7100
H056,2027-03-16,7,7200
H056,2027-03-17,7,7200
H056,2027-03-18,6,7250
H056,2027-03-19,8,7750
H056,2027-03-20,6,7850
H056,2027-03-21,6,7250
H056,2027-03-22,7,7200
H056,2027-03-23,8,7150
H056,2027-03-24,9,7100
H056,2027-03-25,9,7100
H056,2027-03-26,8,7800
H056,2027-03-27,7,7850
H056,2027-03-28,8,7150
H056,2027-03-29,10,7100
H056,2027-03-30,11,7000
H056,2027-03-31,10,7100
H057,2026-10-01,14,3750
H057,2026-10-02,14,4150
H057,2026-10-03,10,4250
H057,2026-10-04,15,3750
H057,2026-10-05,12,3800
H057,2026-10-06,14,3750
H057,2026-10-07,15,3700
H057,2026-10-08,13,3800
H057,2026-10-09,11,4250
H057,2026-10-10,11,4250
H057,2026-10-11,11,3850
H057,2026-10-12,16,3700
H057,2026-10-13,12,3800
H057,2026-10-14,12,3800
H057,2026-10-15,13,3800
H057,2026-10-16,10,4300
H057,2026-10-17,9,4300
H057,2026-10-18,12,3850
H057,2026-10-19,11,3850
H057,2026-10-20,11,3850
H057,2026-10-21,14,3750
H057,2026-10-22,14,3750
H057,2026-10-23,10,4300
H057,2026-10-24,13,4200
H057,2026-10-25,13,3800
H057,2026-10-26,13,3800
H057,2026-10-27,12,3800
H057,2026-10-28,16,3700
H057,2026-10-29,16,3700
H057,2026-10-30,10,4300
H057,2026-10-31,12,4200
H057,2026-11-01,8,4750
H057,2026-11-02,8,4750
H057,2026-11-03,10,4650
H057,2026-11-04,11,4650
H057,2026-11-05,9,4700
H057,2026-11-06,1,6050
H057,2026-11-07,3,6000
H057,2026-11-08,6,5500
H057,2026-11-09,5,5500
H057,2026-11-10,4,5550
H057,2026-11-11,10,4650
H057,2026-11-12,7,4750
H057,2026-11-13,9,5100
H057,2026-11-14,8,5100
H057,2026-11-15,7,4750
H057,2026-11-16,9,4700
H057,2026-11-17,9,4700
H057,2026-11-18,11,4650
H057,2026-11-19,9,4700
H057,2026-11-20,6,5200
H057,2026-11-21,5,5250
H057,2026-11-22,8,4750
H057,2026-11-23,8,4700
H057,2026-11-24,8,4750
H057,2026-11-25,11,4650
H057,2026-11-26,8,4700
H057,2026-11-27,5,5200
H057,2026-11-28,3,5250
H057,2026-11-29,7,4800
H057,2026-11-30,6,4800
H057,2026-12-01,8,4700
H057,2026-12-02,10,4700
H057,2026-12-03,8,4700
H057,2026-12-04,6,5200
H057,2026-12-05,7,5150
H057,2026-12-06,10,4650
H057,2026-12-07,7,4750
H057,2026-12-08,7,4750
H057,2026-12-09,6,4800
H057,2026-12-10,10,4650
H057,2026-12-11,8,5150
H057,2026-12-12,8,5100
H057,2026-12-13,9,4700
H057,2026-12-14,7,4800
H057,2026-12-15,6,4800
H057,2026-12-16,10,4650
H057,2026-12-17,11,4650
H057,2026-12-18,5,5200
H057,2026-12-19,5,5200
H057,2026-12-20,6,5500
H057,2026-12-21,5,5550
H057,2026-12-22,4,5600
H057,2026-12-23,4,5550
H057,2026-12-24,3,5600
H057,2026-12-25,1,6050
H057,2026-12-26,1,6050
H057,2026-12-27,4,5550
H057,2026-12-28,5,5500
H057,2026-12-29,4,5600
H057,2026-12-30,4,5550
H057,2026-12-31,5,5550
H057,2027-01-01,3,6000
H057,2027-01-02,1,6050
H057,2027-01-03,8,4750
H057,2027-01-04,8,4750
H057,2027-01-05,9,4700
H057,2027-01-06,10,4650
H057,2027-01-07,10,4650
H057,2027-01-08,7,5150
H057,2027-01-09,4,5250
H057,2027-01-10,8,4750
H057,2027-01-11,8,4750
H057,2027-01-12,6,4800
H057,2027-01-13,10,4650
H057,2027-01-14,10,4650
H057,2027-01-15,8,5150
H057,2027-01-16,4,5250
H057,2027-01-17,10,4650
H057,2027-01-18,8,4700
H057,2027-01-19,8,4750
H057,2027-01-20,7,4750
H057,2027-01-21,11,4650
H057,2027-01-22,7,5150
H057,2027-01-23,7,5150
H057,2027-01-24,9,4700
H057,2027-01-25,10,4700
H057,2027-01-26,9,4700
H057,2027-01-27,10,4650
H057,2027-01-28,8,4750
H057,2027-01-29,7,5150
H057,2027-01-30,7,5150
H057,2027-01-31,10,4650
H057,2027-02-01,10,4700
H057,2027-02-02,10,4650
H057,2027-02-03,7,4800
H057,2027-02-04,8,4700
H057,2027-02-05,5,5250
H057,2027-02-06,4,5250
H057,2027-02-07,8,4750
H057,2027-02-08,11,4650
H057,2027-02-09,9,4700
H057,2027-02-10,10,4650
H057,2027-02-11,7,4750
H057,2027-02-12,5,5250
H057,2027-02-13,4,5250
H057,2027-02-14,10,4700
H057,2027-02-15,9,4700
H057,2027-02-16,11,4650
H057,2027-02-17,9,4700
H057,2027-02-18,10,4650
H057,2027-02-19,5,5250
H057,2027-02-20,6,5200
H057,2027-02-21,9,4700
H057,2027-02-22,8,4750
H057,2027-02-23,10,4650
H057,2027-02-24,10,4650
H057,2027-02-25,7,4750
H057,2027-02-26,7,5150
H057,2027-02-27,5,5200
H057,2027-02-28,7,4750
H057,2027-03-01,9,4700
H057,2027-03-02,9,4700
H057,2027-03-03,7,4750
H057,2027-03-04,9,4700
H057,2027-03-05,4,5250
H057,2027-03-06,4,5250
H057,2027-03-07,10,4650
H057,2027-03-08,8,4700
H057,2027-03-09,6,4800
H057,2027-03-10,9,4700
H057,2027-03-11,10,4650
H057,2027-03-12,8,5150
H057,2027-03-13,6,5200
H057,2027-03-14,7,4750
H057,2027-03-15,9,4700
H057,2027-03-16,7,4800
H057,2027-03-17,11,4650
H057,2027-03-18,10,4650
H057,2027-03-19,4,5250
H057,2027-03-20,7,5150
H057,2027-03-21,8,4750
H057,2027-03-22,10,4650
H057,2027-03-23,9,4700
H057,2027-03-24,11,4650
H057,2027-03-25,8,4750
H057,2027-03-26,7,5150
H057,2027-03-27,7,5150
H057,2027-03-28,9,4700
H057,2027-03-29,6,4800
H057,2027-03-30,9,4700
H057,2027-03-31,10,4700
H058,2026-10-01,40,12150
H058,2026-10-02,35,13550
H058,2026-10-03,32,13650
H058,2026-10-04,49,11850
H058,2026-10-05,43,12050
H058,2026-10-06,49,11800
H058,2026-10-07,41,12100
H058,2026-10-08,46,11950
H058,2026-10-09,38,13450
H058,2026-10-10,31,13700
H058,2026-10-11,41,12100
H058,2026-10-12,49,11800
H058,2026-10-13,35,12300
H058,2026-10-14,37,12250
H058,2026-10-15,34,12350
H058,2026-10-16,34,13600
H058,2026-10-17,42,13350
H058,2026-10-18,47,11900
H058,2026-10-19,34,12350
H058,2026-10-20,42,12050
H058,2026-10-21,34,12350
H058,2026-10-22,43,12050
H058,2026-10-23,42,13300
H058,2026-10-24,27,13850
H058,2026-10-25,35,12300
H058,2026-10-26,34,12350
H058,2026-10-27,34,12350
H058,2026-10-28,38,12200
H058,2026-10-29,34,12350
H058,2026-10-30,31,13700
H058,2026-10-31,37,13500
H058,2026-11-01,21,15300
H058,2026-11-02,23,15200
H058,2026-11-03,18,15400
H058,2026-11-04,21,15300
H058,2026-11-05,23,15200
H058,2026-11-06,2,19400
H058,2026-11-07,2,19400
H058,2026-11-08,12,17850
H058,2026-11-09,5,18100
H058,2026-11-10,5,18050
H058,2026-11-11,31,14950
H058,2026-11-12,21,15300
H058,2026-11-13,22,16500
H058,2026-11-14,13,16800
H058,2026-11-15,25,15150
H058,2026-11-16,25,15150
H058,2026-11-17,33,14900
H058,2026-11-18,22,15250
H058,2026-11-19,31,14950
H058,2026-11-20,12,16850
H058,2026-11-21,25,16400
H058,2026-11-22,22,15250
H058,2026-11-23,21,15250
H058,2026-11-24,19,15350
H058,2026-11-25,26,15100
H058,2026-11-26,24,15150
H058,2026-11-27,14,16800
H058,2026-11-28,16,16700
H058,2026-11-29,24,15200
H058,2026-11-30,27,15050
H058,2026-12-01,19,15350
H058,2026-12-02,28,15050
H058,2026-12-03,19,15350
H058,2026-12-04,11,16900
H058,2026-12-05,22,16500
H058,2026-12-06,19,15350
H058,2026-12-07,19,15350
H058,2026-12-08,31,14950
H058,2026-12-09,31,14950
H058,2026-12-10,27,15100
H058,2026-12-11,13,16800
H058,2026-12-12,25,16400
H058,2026-12-13,32,14900
H058,2026-12-14,29,15000
H058,2026-12-15,26,15100
H058,2026-12-16,22,15250
H058,2026-12-17,20,15300
H058,2026-12-18,18,16600
H058,2026-12-19,11,16850
H058,2026-12-20,13,17800
H058,2026-12-21,14,17750
H058,2026-12-22,17,17650
H058,2026-12-23,16,17700
H058,2026-12-24,8,17950
H058,2026-12-25,3,19400
H058,2026-12-26,3,19400
H058,2026-12-27,5,18050
H058,2026-12-28,11,17850
H058,2026-12-29,7,18000
H058,2026-12-30,11,17850
H058,2026-12-31,12,17850
H058,2027-01-01,2,19400
H058,2027-01-02,9,19200
H058,2027-01-03,25,15150
H058,2027-01-04,32,14900
H058,2027-01-05,29,15000
H058,2027-01-06,25,15150
H058,2027-01-07,18,15400
H058,2027-01-08,22,16500
H058,2027-01-09,14,16800
H058,2027-01-10,18,15350
H058,2027-01-11,29,15000
H058,2027-01-12,20,15300
H058,2027-01-13,29,15000
H058,2027-01-14,20,15300
H058,2027-01-15,14,16800
H058,2027-01-16,23,16450
H058,2027-01-17,19,15350
H058,2027-01-18,24,15150
H058,2027-01-19,24,15150
H058,2027-01-20,18,15400
H058,2027-01-21,29,15000
H058,2027-01-22,17,16650
H058,2027-01-23,14,16800
H058,2027-01-24,28,15050
H058,2027-01-25,31,14950
H058,2027-01-26,21,15300
H058,2027-01-27,28,15050
H058,2027-01-28,33,14850
H058,2027-01-29,11,16850
H058,2027-01-30,22,16500
H058,2027-01-31,21,15300
H058,2027-02-01,34,14850
H058,2027-02-02,33,14900
H058,2027-02-03,26,15100
H058,2027-02-04,21,15300
H058,2027-02-05,11,16850
H058,2027-02-06,19,16600
H058,2027-02-07,31,14950
H058,2027-02-08,27,15100
H058,2027-02-09,20,15350
H058,2027-02-10,23,15200
H058,2027-02-11,26,15100
H058,2027-02-12,12,16850
H058,2027-02-13,13,16800
H058,2027-02-14,22,15250
H058,2027-02-15,22,15250
H058,2027-02-16,25,15150
H058,2027-02-17,33,14850
H058,2027-02-18,25,15150
H058,2027-02-19,16,16700
H058,2027-02-20,26,16350
H058,2027-02-21,33,14850
H058,2027-02-22,23,15200
H058,2027-02-23,26,15100
H058,2027-02-24,31,14950
H058,2027-02-25,25,15150
H058,2027-02-26,26,16400
H058,2027-02-27,11,16900
H058,2027-02-28,20,15300
H058,2027-03-01,23,15200
H058,2027-03-02,33,14850
H058,2027-03-03,29,15000
H058,2027-03-04,23,15250
H058,2027-03-05,24,16450
H058,2027-03-06,11,16850
H058,2027-03-07,30,15000
H058,2027-03-08,33,14850
H058,2027-03-09,22,15250
H058,2027-03-10,24,15200
H058,2027-03-11,28,15050
H058,2027-03-12,15,16750
H058,2027-03-13,25,16400
H058,2027-03-14,18,15400
H058,2027-03-15,18,15400
H058,2027-03-16,21,15250
H058,2027-03-17,29,15000
H058,2027-03-18,29,15000
H058,2027-03-19,21,16550
H058,2027-03-20,17,16650
H058,2027-03-21,28,15050
H058,2027-03-22,18,15400
H058,2027-03-23,25,15150
H058,2027-03-24,32,14900
H058,2027-03-25,23,15200
H058,2027-03-26,12,16850
H058,2027-03-27,25,16400
H058,2027-03-28,31,14950
H058,2027-03-29,23,15200
H058,2027-03-30,29,15000
H058,2027-03-31,24,15150
H059,2026-10-01,30,12200
H059,2026-10-02,18,14150
H059,2026-10-03,24,13850
H059,2026-10-04,26,12450
H059,2026-10-05,30,12200
H059,2026-10-06,26,12450
H059,2026-10-07,32,12150
H059,2026-10-08,24,12550
H059,2026-10-09,23,13850
H059,2026-10-10,25,13750
H059,2026-10-11,29,12300
H059,2026-10-12,27,12400
H059,2026-10-13,28,12350
H059,2026-10-14,31,12150
H059,2026-10-15,23,12600
H059,2026-10-16,18,14150
H059,2026-10-17,28,13650
H059,2026-10-18,32,12100
H059,2026-10-19,30,12200
H059,2026-10-20,26,12450
H059,2026-10-21,30,12250
H059,2026-10-22,30,12250
H059,2026-10-23,19,14100
H059,2026-10-24,26,13700
H059,2026-10-25,23,12600
H059,2026-10-26,28,12300
H059,2026-10-27,28,12300
H059,2026-10-28,22,12650
H059,2026-10-29,30,12200
H059,2026-10-30,23,13900
H059,2026-10-31,23,13900
H059,2026-11-01,18,15450
H059,2026-11-02,18,15450
H059,2026-11-03,15,15550
H059,2026-11-04,20,15300
H059,2026-11-05,17,15500
H059,2026-11-06,5,19700
H059,2026-11-07,7,19600
H059,2026-11-08,6,18350
H059,2026-11-09,5,18400
H059,2026-11-10,12,18050
H059,2026-11-11,18,15450
H059,2026-11-12,20,15300
H059,2026-11-13,17,16750
H059,2026-11-14,7,17300
H059,2026-11-15,16,15550
H059,2026-11-16,13,15700
H059,2026-11-17,16,15550
H059,2026-11-18,21,15250
H059,2026-11-19,20,15350
H059,2026-11-20,9,17200
H059,2026-11-21,8,17250
H059,2026-11-22,14,15650
H059,2026-11-23,13,15700
H059,2026-11-24,15,15600
H059,2026-11-25,22,15200
H059,2026-11-26,17,15500
H059,2026-11-27,13,17000
H059,2026-11-28,8,17250
H059,2026-11-29,18,15450
H059,2026-11-30,12,15750
H059,2026-12-01,12,15750
H059,2026-12-02,18,15400
H059,2026-12-03,14,15650
H059,2026-12-04,12,17000
H059,2026-12-05,15,16850
H059,2026-12-06,16,15550
H059,2026-12-07,19,15400
H059,2026-12-08,16,15550
H059,2026-12-09,15,15600
H059,2026-12-10,15,15600
H059,2026-12-11,7,17300
H059,2026-12-12,9,17200
H059,2026-12-13,21,15250
H059,2026-12-14,15,15600
H059,2026-12-15,21,15250
H059,2026-12-16,15,15600
H059,2026-12-17,13,15700
H059,2026-12-18,17,16800
H059,2026-12-19,14,16900
H059,2026-12-20,11,18100
H059,2026-12-21,4,18500
H059,2026-12-22,3,18500
H059,2026-12-23,7,18300
H059,2026-12-24,5,18450
H059,2026-12-25,1,19900
H059,2026-12-26,6,19650
H059,2026-12-27,6,18350
H059,2026-12-28,11,18100
H059,2026-12-29,5,18450
H059,2026-12-30,5,18400
H059,2026-12-31,2,18600
H059,2027-01-01,5,19700
H059,2027-01-02,2,19850
H059,2027-01-03,18,15400
H059,2027-01-04,14,15650
H059,2027-01-05,13,15700
H059,2027-01-06,13,15650
H059,2027-01-07,12,15750
H059,2027-01-08,16,16800
H059,2027-01-09,11,17050
H059,2027-01-10,17,15450
H059,2027-01-11,13,15700
H059,2027-01-12,17,15450
H059,2027-01-13,21,15250
H059,2027-01-14,17,15500
H059,2027-01-15,9,17200
H059,2027-01-16,16,16800
H059,2027-01-17,13,15650
H059,2027-01-18,20,15300
H059,2027-01-19,18,15450
H059,2027-01-20,20,15300
H059,2027-01-21,19,15400
H059,2027-01-22,15,16850
H059,2027-01-23,7,17250
H059,2027-01-24,15,15550
H059,2027-01-25,14,15650
H059,2027-01-26,13,15700
H059,2027-01-27,17,15450
H059,2027-01-28,15,15600
H059,2027-01-29,12,17000
H059,2027-01-30,11,17050
H059,2027-01-31,22,15250
H059,2027-02-01,18,15400
H059,2027-02-02,14,15650
H059,2027-02-03,20,15300
H059,2027-02-04,17,15450
H059,2027-02-05,7,17250
H059,2027-02-06,11,17050
H059,2027-02-07,13,15700
H059,2027-02-08,20,15350
H059,2027-02-09,21,15300
H059,2027-02-10,14,15600
H059,2027-02-11,19,15400
H059,2027-02-12,13,17000
H059,2027-02-13,10,17150
H059,2027-02-14,12,15750
H059,2027-02-15,17,15450
H059,2027-02-16,15,15600
H059,2027-02-17,16,15500
H059,2027-02-18,22,15200
H059,2027-02-19,17,16800
H059,2027-02-20,16,16850
H059,2027-02-21,12,15750
H059,2027-02-22,18,15450
H059,2027-02-23,19,15400
H059,2027-02-24,12,15750
H059,2027-02-25,17,15500
H059,2027-02-26,11,17100
H059,2027-02-27,9,17200
H059,2027-02-28,17,15500
H059,2027-03-01,16,15500
H059,2027-03-02,17,15500
H059,2027-03-03,12,15750
H059,2027-03-04,19,15350
H059,2027-03-05,12,17050
H059,2027-03-06,11,17050
H059,2027-03-07,22,15250
H059,2027-03-08,19,15350
H059,2027-03-09,16,15500
H059,2027-03-10,21,15250
H059,2027-03-11,17,15450
H059,2027-03-12,9,17200
H059,2027-03-13,7,17300
H059,2027-03-14,15,15550
H059,2027-03-15,22,15250
H059,2027-03-16,19,15350
H059,2027-03-17,21,15250
H059,2027-03-18,14,15600
H059,2027-03-19,14,16900
H059,2027-03-20,11,17050
H059,2027-03-21,12,15750
H059,2027-03-22,19,15350
H059,2027-03-23,12,15750
H059,2027-03-24,12,15700
H059,2027-03-25,18,15450
H059,2027-03-26,8,17200
H059,2027-03-27,10,17150
H059,2027-03-28,17,15500
H059,2027-03-29,12,15750
H059,2027-03-30,17,15500
H059,2027-03-31,20,15300
H060,2026-10-01,25,11450
H060,2026-10-02,17,13100
H060,2026-10-03,23,12750
H060,2026-10-04,29,11250
H060,2026-10-05,25,11450
H060,2026-10-06,24,11500
H060,2026-10-07,27,11400
H060,2026-10-08,25,11500
H060,2026-10-09,21,12900
H060,2026-10-10,18,13050
H060,2026-10-11,26,11400
H060,2026-10-12,24,11550
H060,2026-10-13,20,11750
H060,2026-10-14,28,11300
H060,2026-10-15,22,11650
H060,2026-10-16,25,12650
H060,2026-10-17,17,13100
H060,2026-10-18,29,11250
H060,2026-10-19,26,11400
H060,2026-10-20,22,11600
H060,2026-10-21,21,11700
H060,2026-10-22,27,11350
H060,2026-10-23,25,12700
H060,2026-10-24,21,12900
H060,2026-10-25,28,11300
H060,2026-10-26,24,11550
H060,2026-10-27,23,11550
H060,2026-10-28,28,11300
H060,2026-10-29,25,11450
H060,2026-10-30,22,12800
H060,2026-10-31,16,13150
H060,2026-11-01,19,14200
H060,2026-11-02,16,14350
H060,2026-11-03,14,14450
H060,2026-11-04,15,14400
H060,2026-11-05,13,14500
H060,2026-11-06,4,18300
H060,2026-11-07,4,18350
H060,2026-11-08,4,17200
H060,2026-11-09,7,16950
H060,2026-11-10,8,16950
H060,2026-11-11,13,14550
H060,2026-11-12,18,14250
H060,2026-11-13,6,16100
H060,2026-11-14,7,16050
H060,2026-11-15,16,14350
H060,2026-11-16,18,14200
H060,2026-11-17,13,14500
H060,2026-11-18,14,14450
H060,2026-11-19,13,14550
H060,2026-11-20,9,15900
H060,2026-11-21,10,15850
H060,2026-11-22,12,14600
H060,2026-11-23,17,14250
H060,2026-11-24,11,14650
H060,2026-11-25,14,14450
H060,2026-11-26,14,14450
H060,2026-11-27,12,15750
H060,2026-11-28,10,15850
H060,2026-11-29,14,14450
H060,2026-11-30,14,14450
H060,2026-12-01,13,14500
H060,2026-12-02,18,14200
H060,2026-12-03,18,14250
H060,2026-12-04,11,15800
H060,2026-12-05,8,16000
H060,2026-12-06,16,14350
H060,2026-12-07,13,14550
H060,2026-12-08,17,14300
H060,2026-12-09,17,14300
H060,2026-12-10,19,14150
H060,2026-12-11,8,16000
H060,2026-12-12,12,15800
H060,2026-12-13,13,14500
H060,2026-12-14,12,14550
H060,2026-12-15,19,14200
H060,2026-12-16,19,14150
H060,2026-12-17,17,14300
H060,2026-12-18,13,15700
H060,2026-12-19,15,15600
H060,2026-12-20,5,17100
H060,2026-12-21,9,16900
H060,2026-12-22,10,16800
H060,2026-12-23,7,16950
H060,2026-12-24,4,17200
H060,2026-12-25,1,18500
H060,2026-12-26,2,18450
H060,2026-12-27,6,17050
H060,2026-12-28,4,17150
H060,2026-12-29,8,16950
H060,2026-12-30,9,16900
H060,2026-12-31,10,16850
H060,2027-01-01,2,18450
H060,2027-01-02,1,18500
H060,2027-01-03,14,14450
H060,2027-01-04,18,14250
H060,2027-01-05,13,14500
H060,2027-01-06,18,14250
H060,2027-01-07,11,14600
H060,2027-01-08,8,15950
H060,2027-01-09,7,16050
H060,2027-01-10,19,14150
H060,2027-01-11,18,14250
H060,2027-01-12,12,14550
H060,2027-01-13,13,14500
H060,2027-01-14,14,14450
H060,2027-01-15,13,15700
H060,2027-01-16,13,15700
H060,2027-01-17,11,14650
H060,2027-01-18,14,14450
H060,2027-01-19,11,14600
H060,2027-01-20,20,14150
H060,2027-01-21,17,14250
H060,2027-01-22,13,15700
H060,2027-01-23,12,15750
H060,2027-01-24,19,14200
H060,2027-01-25,11,14600
H060,2027-01-26,14,14450
H060,2027-01-27,14,14450
H060,2027-01-28,10,14650
H060,2027-01-29,8,16000
H060,2027-01-30,15,15600
H060,2027-01-31,12,14600
H060,2027-02-01,15,14400
H060,2027-02-02,12,14550
H060,2027-02-03,11,14650
H060,2027-02-04,14,14450
H060,2027-02-05,12,15750
H060,2027-02-06,10,15850
H060,2027-02-07,13,14500
H060,2027-02-08,19,14200
H060,2027-02-09,12,14600
H060,2027-02-10,13,14500
H060,2027-02-11,13,14550
H060,2027-02-12,14,15650
H060,2027-02-13,14,15650
H060,2027-02-14,17,14250
H060,2027-02-15,13,14500
H060,2027-02-16,18,14200
H060,2027-02-17,18,14250
H060,2027-02-18,15,14400
H060,2027-02-19,10,15850
H060,2027-02-20,14,15650
H060,2027-02-21,11,14650
H060,2027-02-22,15,14400
H060,2027-02-23,17,14250
H060,2027-02-24,14,14450
H060,2027-02-25,12,14600
H060,2027-02-26,14,15650
H060,2027-02-27,14,15600
H060,2027-02-28,11,14650
H060,2027-03-01,15,14450
H060,2027-03-02,15,14400
H060,2027-03-03,16,14350
H060,2027-03-04,16,14350
H060,2027-03-05,6,16050
H060,2027-03-06,11,15800
H060,2027-03-07,13,14500
H060,2027-03-08,12,14550
H060,2027-03-09,15,14400
H060,2027-03-10,15,14400
H060,2027-03-11,19,14200
H060,2027-03-12,9,15900
H060,2027-03-13,12,15750
H060,2027-03-14,17,14300
H060,2027-03-15,19,14150
H060,2027-03-16,16,14350
H060,2027-03-17,19,14150
H060,2027-03-18,14,14450
H060,2027-03-19,14,15650
H060,2027-03-20,13,15700
H060,2027-03-21,12,14600
H060,2027-03-22,12,14550
H060,2027-03-23,17,14300
H060,2027-03-24,12,14600
H060,2027-03-25,18,14200
H060,2027-03-26,9,15950
H060,2027-03-27,15,15600
H060,2027-03-28,15,14400
H060,2027-03-29,18,14200
H060,2027-03-30,11,14650
H060,2027-03-31,12,14550
H061,2026-10-01,27,11650
H061,2026-10-02,24,13000
H061,2026-10-03,18,13250
H061,2026-10-04,25,11750
H061,2026-10-05,32,11400
H061,2026-10-06,28,11600
H061,2026-10-07,28,11550
H061,2026-10-08,27,11650
H061,2026-10-09,28,12800
H061,2026-10-10,28,12800
H061,2026-10-11,27,11650
H061,2026-10-12,33,11350
H061,2026-10-13,23,11850
H061,2026-10-14,31,11450
H061,2026-10-15,31,11450
H061,2026-10-16,24,12950
H061,2026-10-17,23,13050
H061,2026-10-18,25,11750
H061,2026-10-19,27,11650
H061,2026-10-20,28,11600
H061,2026-10-21,30,11450
H061,2026-10-22,27,11650
H061,2026-10-23,28,12800
H061,2026-10-24,25,12950
H061,2026-10-25,28,11600
H061,2026-10-26,25,11750
H061,2026-10-27,32,11400
H061,2026-10-28,24,11800
H061,2026-10-29,25,11750
H061,2026-10-30,23,13050
H061,2026-10-31,27,12800
H061,2026-11-01,21,14300
H061,2026-11-02,14,14700
H061,2026-11-03,18,14500
H061,2026-11-04,17,14550
H061,2026-11-05,13,14700
H061,2026-11-06,2,18650
H061,2026-11-07,2,18650
H061,2026-11-08,5,17300
H061,2026-11-09,4,17300
H061,2026-11-10,8,17150
H061,2026-11-11,22,14300
H061,2026-11-12,15,14650
H061,2026-11-13,17,15700
H061,2026-11-14,12,16000
H061,2026-11-15,14,14700
H061,2026-11-16,22,14250
H061,2026-11-17,22,14300
H061,2026-11-18,19,14450
H061,2026-11-19,21,14350
H061,2026-11-20,15,15850
H061,2026-11-21,9,16150
H061,2026-11-22,21,14350
H061,2026-11-23,16,14550
H061,2026-11-24,19,14450
H061,2026-11-25,15,14650
H061,2026-11-26,20,14400
H061,2026-11-27,13,15900
H061,2026-11-28,10,16050
H061,2026-11-29,16,14550
H061,2026-11-30,15,14650
H061,2026-12-01,18,14450
H061,2026-12-02,19,14450
H061,2026-12-03,19,14450
H061,2026-12-04,9,16100
H061,2026-12-05,14,15850
H061,2026-12-06,13,14700
H061,2026-12-07,13,14700
H061,2026-12-08,14,14650
H061,2026-12-09,18,14500
H061,2026-12-10,13,14750
H061,2026-12-11,12,15950
H061,2026-12-12,16,15800
H061,2026-12-13,20,14350
H061,2026-12-14,15,14600
H061,2026-12-15,17,14550
H061,2026-12-16,17,14550
H061,2026-12-17,16,14550
H061,2026-12-18,11,16050
H061,2026-12-19,12,16000
H061,2026-12-20,5,17300
H061,2026-12-21,10,17050
H061,2026-12-22,11,17000
H061,2026-12-23,12,16950
H061,2026-12-24,6,17200
H061,2026-12-25,1,18650
H061,2026-12-26,8,18350
H061,2026-12-27,4,17300
H061,2026-12-28,5,17250
H061,2026-12-29,4,17300
H061,2026-12-30,5,17300
H061,2026-12-31,12,16950
H061,2027-01-01,2,18600
H061,2027-01-02,1,18650
H061,2027-01-03,19,14400
H061,2027-01-04,16,14550
H061,2027-01-05,19,14400
H061,2027-01-06,14,14700
H061,2027-01-07,17,14500
H061,2027-01-08,17,15750
H061,2027-01-09,14,15850
H061,2027-01-10,21,14300
H061,2027-01-11,16,14550
H061,2027-01-12,22,14250
H061,2027-01-13,12,14750
H061,2027-01-14,18,14500
H061,2027-01-15,15,15800
H061,2027-01-16,7,16200
H061,2027-01-17,14,14650
H061,2027-01-18,22,14300
H061,2027-01-19,21,14300
H061,2027-01-20,12,14750
H061,2027-01-21,14,14700
H061,2027-01-22,13,15950
H061,2027-01-23,14,15850
H061,2027-01-24,17,14550
H061,2027-01-25,12,14750
H061,2027-01-26,13,14700
H061,2027-01-27,17,14500
H061,2027-01-28,14,14700
H061,2027-01-29,17,15750
H061,2027-01-30,7,16200
H061,2027-01-31,21,14350
H061,2027-02-01,12,14750
H061,2027-02-02,17,14550
H061,2027-02-03,18,14500
H061,2027-02-04,14,14650
H061,2027-02-05,7,16200
H061,2027-02-06,13,15900
H061,2027-02-07,15,14650
H061,2027-02-08,20,14400
H061,2027-02-09,14,14650
H061,2027-02-10,22,14300
H061,2027-02-11,22,14250
H061,2027-02-12,8,16200
H061,2027-02-13,9,16150
H061,2027-02-14,15,14650
H061,2027-02-15,16,14600
H061,2027-02-16,15,14650
H061,2027-02-17,20,14400
H061,2027-02-18,19,14450
H061,2027-02-19,17,15750
H061,2027-02-20,12,15950
H061,2027-02-21,20,14350
H061,2027-02-22,12,14750
H061,2027-02-23,19,14400
H061,2027-02-24,12,14750
H061,2027-02-25,16,14550
H061,2027-02-26,14,15850
H061,2027-02-27,10,16100
H061,2027-02-28,12,14800
H061,2027-03-01,16,14550
H061,2027-03-02,13,14750
H061,2027-03-03,14,14650
H061,2027-03-04,18,14450
H061,2027-03-05,16,15750
H061,2027-03-06,12,15950
H061,2027-03-07,18,14500
H061,2027-03-08,12,14750
H061,2027-03-09,20,14350
H061,2027-03-10,19,14400
H061,2027-03-11,22,14250
H061,2027-03-12,12,16000
H061,2027-03-13,11,16000
H061,2027-03-14,14,14650
H061,2027-03-15,21,14350
H061,2027-03-16,21,14350
H061,2027-03-17,14,14650
H061,2027-03-18,13,14700
H061,2027-03-19,13,15900
H061,2027-03-20,15,15850
H061,2027-03-21,18,14500
H061,2027-03-22,17,14550
H061,2027-03-23,17,14500
H061,2027-03-24,19,14400
H061,2027-03-25,22,14300
H061,2027-03-26,9,16100
H061,2027-03-27,15,15800
H061,2027-03-28,17,14500
H061,2027-03-29,14,14650
H061,2027-03-30,21,14350
H061,2027-03-31,17,14550
H062,2026-10-01,60,34750
H062,2026-10-02,35,40400
H062,2026-10-03,39,40050
H062,2026-10-04,56,35050
H062,2026-10-05,47,35800
H062,2026-10-06,44,36000
H062,2026-10-07,49,35550
H062,2026-10-08,44,35950
H062,2026-10-09,47,39400
H062,2026-10-10,44,39700
H062,2026-10-11,59,34800
H062,2026-10-12,61,34600
H062,2026-10-13,54,35150
H062,2026-10-14,44,36000
H062,2026-10-15,54,35150
H062,2026-10-16,34,40500
H062,2026-10-17,35,40400
H062,2026-10-18,53,35300
H062,2026-10-19,52,35350
H062,2026-10-20,55,35100
H062,2026-10-21,52,35300
H062,2026-10-22,57,34950
H062,2026-10-23,46,39500
H062,2026-10-24,35,40400
H062,2026-10-25,46,35800
H062,2026-10-26,60,34700
H062,2026-10-27,49,35600
H062,2026-10-28,44,35950
H062,2026-10-29,48,35700
H062,2026-10-30,52,39000
H062,2026-10-31,45,39550
H062,2026-11-01,40,43650
H062,2026-11-02,31,44350
H062,2026-11-03,26,44750
H062,2026-11-04,39,43700
H062,2026-11-05,28,44600
H062,2026-11-06,11,56250
H062,2026-11-07,3,56900
H062,2026-11-08,4,53100
H062,2026-11-09,6,52950
H062,2026-11-10,14,52300
H062,2026-11-11,41,43600
H062,2026-11-12,32,44300
H062,2026-11-13,25,48500
H062,2026-11-14,15,49350
H062,2026-11-15,29,44550
H062,2026-11-16,36,43950
H062,2026-11-17,37,43900
H062,2026-11-18,27,44650
H062,2026-11-19,23,45000
H062,2026-11-20,24,48600
H062,2026-11-21,13,49450
H062,2026-11-22,31,44300
H062,2026-11-23,34,44100
H062,2026-11-24,38,43750
H062,2026-11-25,22,45100
H062,2026-11-26,30,44450
H062,2026-11-27,22,48700
H062,2026-11-28,17,49150
H062,2026-11-29,29,44500
H062,2026-11-30,30,44400
H062,2026-12-01,34,44150
H062,2026-12-02,30,44450
H062,2026-12-03,40,43600
H062,2026-12-04,13,49450
H062,2026-12-05,24,48600
H062,2026-12-06,32,44250
H062,2026-12-07,36,43900
H062,2026-12-08,38,43800
H062,2026-12-09,25,44800
H062,2026-12-10,34,44150
H062,2026-12-11,31,48000
H062,2026-12-12,16,49250
H062,2026-12-13,25,44900
H062,2026-12-14,31,44350
H062,2026-12-15,29,44500
H062,2026-12-16,29,44550
H062,2026-12-17,33,44150
H062,2026-12-18,28,48300
H062,2026-12-19,28,48200
H062,2026-12-20,18,51950
H062,2026-12-21,19,51950
H062,2026-12-22,16,52150
H062,2026-12-23,19,51900
H062,2026-12-24,20,51850
H062,2026-12-25,3,56900
H062,2026-12-26,11,56200
H062,2026-12-27,23,51550
H062,2026-12-28,11,52500
H062,2026-12-29,5,53000
H062,2026-12-30,7,52900
H062,2026-12-31,19,51950
H062,2027-01-01,3,56900
H062,2027-01-02,13,56050
H062,2027-01-03,32,44250
H062,2027-01-04,33,44150
H062,2027-01-05,36,43900
H062,2027-01-06,25,44850
H062,2027-01-07,31,44350
H062,2027-01-08,26,48400
H062,2027-01-09,30,48100
H062,2027-01-10,37,43850
H062,2027-01-11,34,44150
H062,2027-01-12,23,44950
H062,2027-01-13,28,44550
H062,2027-01-14,24,44900
H062,2027-01-15,24,48550
H062,2027-01-16,24,48550
H062,2027-01-17,40,43600
H062,2027-01-18,42,43500
H062,2027-01-19,29,44550
H062,2027-01-20,39,43650
H062,2027-01-21,29,44500
H062,2027-01-22,21,48800
H062,2027-01-23,14,49400
H062,2027-01-24,31,44350
H062,2027-01-25,29,44500
H062,2027-01-26,33,44200
H062,2027-01-27,32,44300
H062,2027-01-28,33,44150
H062,2027-01-29,25,48500
H062,2027-01-30,32,47900
H062,2027-01-31,41,43550
H062,2027-02-01,35,44000
H062,2027-02-02,39,43750
H062,2027-02-03,39,43700
H062,2027-02-04,32,44250
H062,2027-02-05,27,48300
H062,2027-02-06,28,48300
H062,2027-02-07,38,43800
H062,2027-02-08,41,43500
H062,2027-02-09,35,44000
H062,2027-02-10,38,43800
H062,2027-02-11,30,44450
H062,2027-02-12,13,49450
H062,2027-02-13,25,48500
H062,2027-02-14,28,44550
H062,2027-02-15,39,43700
H062,2027-02-16,33,44200
H062,2027-02-17,33,44200
H062,2027-02-18,33,44200
H062,2027-02-19,18,49100
H062,2027-02-20,24,48600
H062,2027-02-21,29,44500
H062,2027-02-22,29,44500
H062,2027-02-23,39,43750
H062,2027-02-24,36,43900
H062,2027-02-25,41,43550
H062,2027-02-26,23,48700
H062,2027-02-27,14,49350
H062,2027-02-28,23,45000
H062,2027-03-01,25,44850
H062,2027-03-02,22,45050
H062,2027-03-03,35,44050
H062,2027-03-04,31,44300
H062,2027-03-05,32,47950
H062,2027-03-06,30,48100
H062,2027-03-07,27,44650
H062,2027-03-08,22,45100
H062,2027-03-09,23,44950
H062,2027-03-10,38,43800
H062,2027-03-11,41,43550
H062,2027-03-12,14,49350
H062,2027-03-13,28,48300
H062,2027-03-14,27,44700
H062,2027-03-15,28,44550
H062,2027-03-16,34,44100
H062,2027-03-17,25,44850
H062,2027-03-18,22,45050
H062,2027-03-19,32,47900
H062,2027-03-20,13,49500
H062,2027-03-21,34,44100
H062,2027-03-22,31,44400
H062,2027-03-23,35,44000
H062,2027-03-24,33,44150
H062,2027-03-25,29,44500
H062,2027-03-26,21,48800
H062,2027-03-27,25,48500
H062,2027-03-28,24,44950
H062,2027-03-29,38,43750
H062,2027-03-30,35,44000
H062,2027-03-31,26,44750
H063,2026-10-01,92,36150
H063,2026-10-02,53,42100
H063,2026-10-03,61,41650
H063,2026-10-04,74,37150
H063,2026-10-05,88,36400
H063,2026-10-06,71,37300
H063,2026-10-07,78,36950
H063,2026-10-08,86,36500
H063,2026-10-09,73,41000
H063,2026-10-10,69,41200
H063,2026-10-11,66,37550
H063,2026-10-12,66,37600
H063,2026-10-13,80,36800
H063,2026-10-14,82,36700
H063,2026-10-15,82,36700
H063,2026-10-16,61,41650
H063,2026-10-17,73,41000
H063,2026-10-18,85,36550
H063,2026-10-19,66,37600
H063,2026-10-20,65,37600
H063,2026-10-21,67,37500
H063,2026-10-22,78,36900
H063,2026-10-23,75,40900
H063,2026-10-24,56,41900
H063,2026-10-25,81,36750
H063,2026-10-26,85,36550
H063,2026-10-27,74,37150
H063,2026-10-28,71,37300
H063,2026-10-29,75,37100
H063,2026-10-30,72,41050
H063,2026-10-31,81,40600
H063,2026-11-01,37,46800
H063,2026-11-02,51,46050
H063,2026-11-03,59,45600
H063,2026-11-04,63,45350
H063,2026-11-05,34,46900
H063,2026-11-06,4,59200
H063,2026-11-07,8,59000
H063,2026-11-08,26,54250
H063,2026-11-09,18,54650
H063,2026-11-10,31,53950
H063,2026-11-11,37,46800
H063,2026-11-12,59,45550
H063,2026-11-13,47,50050
H063,2026-11-14,40,50450
H063,2026-11-15,50,46050
H063,2026-11-16,41,46550
H063,2026-11-17,59,45600
H063,2026-11-18,58,45600
H063,2026-11-19,48,46200
H063,2026-11-20,49,49950
H063,2026-11-21,30,50950
H063,2026-11-22,34,46900
H063,2026-11-23,37,46750
H063,2026-11-24,59,45600
H063,2026-11-25,55,45800
H063,2026-11-26,58,45650
H063,2026-11-27,36,50650
H063,2026-11-28,26,51150
H063,2026-11-29,58,45650
H063,2026-11-30,37,46800
H063,2026-12-01,57,45650
H063,2026-12-02,63,45400
H063,2026-12-03,40,46600
H063,2026-12-04,50,49900
H063,2026-12-05,27,51150
H063,2026-12-06,44,46400
H063,2026-12-07,50,46050
H063,2026-12-08,51,46050
H063,2026-12-09,51,46000
H063,2026-12-10,55,45800
H063,2026-12-11,31,50900
H063,2026-12-12,27,51100
H063,2026-12-13,62,45400
H063,2026-12-14,59,45600
H063,2026-12-15,58,45600
H063,2026-12-16,51,46000
H063,2026-12-17,41,46550
H063,2026-12-18,22,51400
H063,2026-12-19,29,51000
H063,2026-12-20,21,54500
H063,2026-12-21,6,55300
H063,2026-12-22,8,55200
H063,2026-12-23,25,54250
H063,2026-12-24,33,53850
H063,2026-12-25,12,58750
H063,2026-12-26,8,59000
H063,2026-12-27,7,55250
H063,2026-12-28,24,54300
H063,2026-12-29,30,54000
H063,2026-12-30,32,53900
H063,2026-12-31,36,53650
H063,2027-01-01,4,59200
H063,2027-01-02,18,58450
H063,2027-01-03,38,46700
H063,2027-01-04,47,46250
H063,2027-01-05,43,46450
H063,2027-01-06,48,46150
H063,2027-01-07,58,45600
H063,2027-01-08,37,50600
H063,2027-01-09,31,50900
H063,2027-01-10,35,46850
H063,2027-01-11,59,45600
H063,2027-01-12,65,45250
H063,2027-01-13,54,45850
H063,2027-01-14,61,45500
H063,2027-01-15,29,51050
H063,2027-01-16,42,50300
H063,2027-01-17,53,45900
H063,2027-01-18,60,45550
H063,2027-01-19,52,45950
H063,2027-01-20,59,45550
H063,2027-01-21,50,46100
H063,2027-01-22,22,51400
H063,2027-01-23,36,50650
H063,2027-01-24,64,45300
H063,2027-01-25,49,46100
H063,2027-01-26,51,46000
H063,2027-01-27,46,46300
H063,2027-01-28,61,45500
H063,2027-01-29,34,50750
H063,2027-01-30,28,51050
H063,2027-01-31,63,45350
H063,2027-02-01,51,46000
H063,2027-02-02,54,45850
H063,2027-02-03,42,46500
H063,2027-02-04,42,46450
H063,2027-02-05,44,50200
H063,2027-02-06,43,50250
H063,2027-02-07,36,46850
H063,2027-02-08,49,46150
H063,2027-02-09,53,45900
H063,2027-02-10,40,46650
H063,2027-02-11,54,45850
H063,2027-02-12,22,51350
H063,2027-02-13,32,50850
H063,2027-02-14,34,46900
H063,2027-02-15,50,46050
H063,2027-02-16,49,46100
H063,2027-02-17,57,45700
H063,2027-02-18,62,45400
H063,2027-02-19,21,51450
H063,2027-02-20,46,50100
H063,2027-02-21,40,46600
H063,2027-02-22,41,46550
H063,2027-02-23,58,45650
H063,2027-02-24,48,46150
H063,2027-02-25,57,45700
H063,2027-02-26,41,50350
H063,2027-02-27,20,51500
H063,2027-02-28,42,46500
H063,2027-03-01,61,45500
H063,2027-03-02,36,46850
H063,2027-03-03,60,45500
H063,2027-03-04,37,46750
H063,2027-03-05,37,50550
H063,2027-03-06,49,49900
H063,2027-03-07,40,46600
H063,2027-03-08,60,45550
H063,2027-03-09,59,45550
H063,2027-03-10,52,46000
H063,2027-03-11,55,45800
H063,2027-03-12,39,50450
H063,2027-03-13,33,50800
H063,2027-03-14,49,46100
H063,2027-03-15,53,45900
H063,2027-03-16,50,46050
H063,2027-03-17,62,45400
H063,2027-03-18,45,46300
H063,2027-03-19,48,50000
H063,2027-03-20,28,51100
H063,2027-03-21,47,46200
H063,2027-03-22,57,45700
H063,2027-03-23,36,46850
H063,2027-03-24,37,46750
H063,2027-03-25,37,46750
H063,2027-03-26,40,50400
H063,2027-03-27,36,50650
H063,2027-03-28,64,45350
H063,2027-03-29,42,46500
H063,2027-03-30,39,46650
H063,2027-03-31,47,46200
H064,2026-10-01,6,1000
H064,2026-10-02,5,1050
H064,2026-10-03,5,1050
H064,2026-10-04,6,950
H064,2026-10-05,6,1000
H064,2026-10-06,7,950
H064,2026-10-07,9,950
H064,2026-10-08,8,950
H064,2026-10-09,4,1050
H064,2026-10-10,4,1050
H064,2026-10-11,8,950
H064,2026-10-12,5,1000
H064,2026-10-13,5,1000
H064,2026-10-14,5,1000
H064,2026-10-15,8,950
H064,2026-10-16,5,1050
H064,2026-10-17,6,1050
H064,2026-10-18,7,950
H064,2026-10-19,5,1000
H064,2026-10-20,9,950
H064,2026-10-21,6,1000
H064,2026-10-22,5,1000
H064,2026-10-23,5,1050
H064,2026-10-24,4,1050
H064,2026-10-25,8,950
H064,2026-10-26,7,950
H064,2026-10-27,5,1000
H064,2026-10-28,8,950
H064,2026-10-29,8,950
H064,2026-10-30,4,1050
H064,2026-10-31,4,1050
H064,2026-11-01,11,750
H064,2026-11-02,10,800
H064,2026-11-03,11,750
H064,2026-11-04,12,750
H064,2026-11-05,11,800
H064,2026-11-06,4,1050
H064,2026-11-07,5,1050
H064,2026-11-08,6,950
H064,2026-11-09,9,950
H064,2026-11-10,7,950
H064,2026-11-11,9,800
H064,2026-11-12,12,750
H064,2026-11-13,8,900
H064,2026-11-14,10,850
H064,2026-11-15,13,750
H064,2026-11-16,10,800
H064,2026-11-17,10,800
H064,2026-11-18,10,800
H064,2026-11-19,12,750
H064,2026-11-20,10,850
H064,2026-11-21,11,850
H064,2026-11-22,9,800
H064,2026-11-23,10,800
H064,2026-11-24,12,750
H064,2026-11-25,12,750
H064,2026-11-26,12,750
H064,2026-11-27,9,850
H064,2026-11-28,10,850
H064,2026-11-29,9,800
H064,2026-11-30,10,800
H064,2026-12-01,12,750
H064,2026-12-02,12,750
H064,2026-12-03,12,750
H064,2026-12-04,7,900
H064,2026-12-05,8,900
H064,2026-12-06,10,800
H064,2026-12-07,13,750
H064,2026-12-08,10,800
H064,2026-12-09,13,750
H064,2026-12-10,9,800
H064,2026-12-11,10,850
H064,2026-12-12,11,850
H064,2026-12-13,12,750
H064,2026-12-14,11,750
H064,2026-12-15,11,750
H064,2026-12-16,9,800
H064,2026-12-17,9,800
H064,2026-12-18,10,850
H064,2026-12-19,7,900
H064,2026-12-20,8,950
H064,2026-12-21,8,950
H064,2026-12-22,9,950
H064,2026-12-23,8,950
H064,2026-12-24,5,950
H064,2026-12-25,4,1050
H064,2026-12-26,4,1050
H064,2026-12-27,6,950
H064,2026-12-28,7,950
H064,2026-12-29,6,950
H064,2026-12-30,8,950
H064,2026-12-31,5,950
H064,2027-01-01,5,1050
H064,2027-01-02,5,1050
H064,2027-01-03,13,750
H064,2027-01-04,12,750
H064,2027-01-05,10,800
H064,2027-01-06,9,800
H064,2027-01-07,11,750
H064,2027-01-08,7,900
H064,2027-01-09,10,850
H064,2027-01-10,9,800
H064,2027-01-11,9,800
H064,2027-01-12,13,750
H064,2027-01-13,12,750
H064,2027-01-14,10,800
H064,2027-01-15,10,850
H064,2027-01-16,9,850
H064,2027-01-17,11,800
H064,2027-01-18,9,800
H064,2027-01-19,10,800
H064,2027-01-20,9,800
H064,2027-01-21,12,750
H064,2027-01-22,10,850
H064,2027-01-23,9,850
H064,2027-01-24,9,800
H064,2027-01-25,12,750
H064,2027-01-26,10,800
H064,2027-01-27,10,800
H064,2027-01-28,12,750
H064,2027-01-29,9,850
H064,2027-01-30,8,900
H064,2027-01-31,13,750
H064,2027-02-01,12,750
H064,2027-02-02,11,750
H064,2027-02-03,10,800
H064,2027-02-04,10,800
H064,2027-02-05,8,900
H064,2027-02-06,10,850
H064,2027-02-07,12,750
H064,2027-02-08,13,750
H064,2027-02-09,10,800
H064,2027-02-10,11,750
H064,2027-02-11,10,800
H064,2027-02-12,9,850
H064,2027-02-13,8,850
H064,2027-02-14,12,750
H064,2027-02-15,10,800
H064,2027-02-16,12,750
H064,2027-02-17,9,800
H064,2027-02-18,10,800
H064,2027-02-19,11,850
H064,2027-02-20,10,850
H064,2027-02-21,9,800
H064,2027-02-22,9,800
H064,2027-02-23,11,750
H064,2027-02-24,10,800
H064,2027-02-25,13,750
H064,2027-02-26,10,850
H064,2027-02-27,9,850
H064,2027-02-28,11,750
H064,2027-03-01,10,800
H064,2027-03-02,10,800
H064,2027-03-03,10,800
H064,2027-03-04,12,750
H064,2027-03-05,9,850
H064,2027-03-06,7,900
H064,2027-03-07,13,750
H064,2027-03-08,10,800
H064,2027-03-09,12,750
H064,2027-03-10,12,750
H064,2027-03-11,12,750
H064,2027-03-12,9,850
H064,2027-03-13,8,850
H064,2027-03-14,10,800
H064,2027-03-15,9,800
H064,2027-03-16,12,750
H064,2027-03-17,12,750
H064,2027-03-18,12,750
H064,2027-03-19,10,850
H064,2027-03-20,8,850
H064,2027-03-21,10,800
H064,2027-03-22,11,750
H064,2027-03-23,12,750
H064,2027-03-24,10,800
H064,2027-03-25,9,800
H064,2027-03-26,7,900
H064,2027-03-27,8,900
H064,2027-03-28,10,800
H064,2027-03-29,9,800
H064,2027-03-30,11,750
H064,2027-03-31,11,750
H065,2026-10-01,10,1450
H065,2026-10-02,9,1600
H065,2026-10-03,11,1550
H065,2026-10-04,11,1450
H065,2026-10-05,9,1450
H065,2026-10-06,8,1450
H065,2026-10-07,10,1450
H065,2026-10-08,10,1450
H065,2026-10-09,9,1600
H065,2026-10-10,6,1600
H065,2026-10-11,10,1450
H065,2026-10-12,10,1450
H065,2026-10-13,10,1450
H065,2026-10-14,12,1450
H065,2026-10-15,8,1450
H065,2026-10-16,9,1600
H065,2026-10-17,7,1600
H065,2026-10-18,11,1450
H065,2026-10-19,11,1450
H065,2026-10-20,7,1500
H065,2026-10-21,9,1450
H065,2026-10-22,14,1450
H065,2026-10-23,4,1600
H065,2026-10-24,8,1600
H065,2026-10-25,12,1450
H065,2026-10-26,7,1500
H065,2026-10-27,8,1450
H065,2026-10-28,8,1450
H065,2026-10-29,12,1450
H065,2026-10-30,6,1600
H065,2026-10-31,9,1600
H065,2026-11-01,14,1200
H065,2026-11-02,15,1150
H065,2026-11-03,14,1200
H065,2026-11-04,14,1200
H065,2026-11-05,18,1150
H065,2026-11-06,6,1600
H065,2026-11-07,9,1550
H065,2026-11-08,11,1400
H065,2026-11-09,12,1400
H065,2026-11-10,14,1400
H065,2026-11-11,19,1150
H065,2026-11-12,18,1150
H065,2026-11-13,12,1300
H065,2026-11-14,14,1300
H065,2026-11-15,17,1150
H065,2026-11-16,17,1150
H065,2026-11-17,18,1150
H065,2026-11-18,18,1150
H065,2026-11-19,17,1150
H065,2026-11-20,17,1300
H065,2026-11-21,15,1300
H065,2026-11-22,19,1150
H065,2026-11-23,18,1150
H065,2026-11-24,16,1150
H065,2026-11-25,20,1150
H065,2026-11-26,19,1150
H065,2026-11-27,13,1300
H065,2026-11-28,13,1300
H065,2026-11-29,16,1150
H065,2026-11-30,18,1150
H065,2026-12-01,20,1150
H065,2026-12-02,15,1200
H065,2026-12-03,19,1150
H065,2026-12-04,15,1300
H065,2026-12-05,14,1300
H065,2026-12-06,18,1150
H065,2026-12-07,16,1150
H065,2026-12-08,16,1150
H065,2026-12-09,15,1200
H065,2026-12-10,15,1200
H065,2026-12-11,17,1300
H065,2026-12-12,17,1300
H065,2026-12-13,19,1150
H065,2026-12-14,19,1150
H065,2026-12-15,18,1150
H065,2026-12-16,15,1200
H065,2026-12-17,14,1200
H065,2026-12-18,11,1300
H065,2026-12-19,13,1300
H065,2026-12-20,14,1400
H065,2026-12-21,14,1400
H065,2026-12-22,9,1450
H065,2026-12-23,9,1450
H065,2026-12-24,10,1450
H065,2026-12-25,9,1550
H065,2026-12-26,6,1600
H065,2026-12-27,11,1400
H065,2026-12-28,8,1450
H065,2026-12-29,11,1400
H065,2026-12-30,9,1450
H065,2026-12-31,11,1450
H065,2027-01-01,11,1550
H065,2027-01-02,5,1600
H065,2027-01-03,14,1200
H065,2027-01-04,16,1150
H065,2027-01-05,15,1150
H065,2027-01-06,14,1200
H065,2027-01-07,15,1200
H065,2027-01-08,12,1300
H065,2027-01-09,14,1300
H065,2027-01-10,18,1150
H065,2027-01-11,19,1150
H065,2027-01-12,18,1150
H065,2027-01-13,16,1150
H065,2027-01-14,20,1150
H065,2027-01-15,12,1300
H065,2027-01-16,14,1300
H065,2027-01-17,18,1150
H065,2027-01-18,20,1150
H065,2027-01-19,14,1200
H065,2027-01-20,14,1200
H065,2027-01-21,20,1150
H065,2027-01-22,11,1350
H065,2027-01-23,16,1300
H065,2027-01-24,18,1150
H065,2027-01-25,20,1150
H065,2027-01-26,19,1150
H065,2027-01-27,18,1150
H065,2027-01-28,17,1150
H065,2027-01-29,17,1300
H065,2027-01-30,14,1300
H065,2027-01-31,16,1150
H065,2027-02-01,20,1150
H065,2027-02-02,20,1150
H065,2027-02-03,14,1200
H065,2027-02-04,16,1150
H065,2027-02-05,16,1300
H065,2027-02-06,14,1300
H065,2027-02-07,18,1150
H065,2027-02-08,14,1200
H065,2027-02-09,15,1200
H065,2027-02-10,20,1150
H065,2027-02-11,20,1150
H065,2027-02-12,14,1300
H065,2027-02-13,15,1300
H065,2027-02-14,16,1150
H065,2027-02-15,16,1150
H065,2027-02-16,17,1150
H065,2027-02-17,16,1150
H065,2027-02-18,16,1150
H065,2027-02-19,15,1300
H065,2027-02-20,16,1300
H065,2027-02-21,15,1150
H065,2027-02-22,16,1150
H065,2027-02-23,18,1150
H065,2027-02-24,19,1150
H065,2027-02-25,17,1150
H065,2027-02-26,14,1300
H065,2027-02-27,11,1350
H065,2027-02-28,14,1200
H065,2027-03-01,16,1150
H065,2027-03-02,15,1150
H065,2027-03-03,17,1150
H065,2027-03-04,16,1150
H065,2027-03-05,14,1300
H065,2027-03-06,15,1300
H065,2027-03-07,19,1150
H065,2027-03-08,20,1150
H065,2027-03-09,14,1200
H065,2027-03-10,16,1150
H065,2027-03-11,15,1200
H065,2027-03-12,14,1300
H065,2027-03-13,16,1300
H065,2027-03-14,20,1150
H065,2027-03-15,14,1200
H065,2027-03-16,16,1150
H065,2027-03-17,16,1150
H065,2027-03-18,20,1150
H065,2027-03-19,13,1300
H065,2027-03-20,15,1300
H065,2027-03-21,17,1150
H065,2027-03-22,16,1150
H065,2027-03-23,20,1150
H065,2027-03-24,15,1200
H065,2027-03-25,19,1150
H065,2027-03-26,16,1300
H065,2027-03-27,13,1300
H065,2027-03-28,14,1200
H065,2027-03-29,18,1150
H065,2027-03-30,16,1150
H065,2027-03-31,17,1150
H066,2026-10-01,11,1200
H066,2026-10-02,9,1300
H066,2026-10-03,6,1350
H066,2026-10-04,14,1200
H066,2026-10-05,12,1200
H066,2026-10-06,9,1200
H066,2026-10-07,10,1200
H066,2026-10-08,13,1200
H066,2026-10-09,10,1300
H066,2026-10-10,4,1350
H066,2026-10-11,9,1200
H066,2026-10-12,8,1250
H066,2026-10-13,9,1200
H066,2026-10-14,14,1200
H066,2026-10-15,12,1200
H066,2026-10-16,8,1350
H066,2026-10-17,11,1300
H066,2026-10-18,9,1200
H066,2026-10-19,12,1200
H066,2026-10-20,10,1200
H066,2026-10-21,14,1200
H066,2026-10-22,12,1200
H066,2026-10-23,10,1300
H066,2026-10-24,6,1350
H066,2026-10-25,10,1200
H066,2026-10-26,9,1200
H066,2026-10-27,11,1200
H066,2026-10-28,13,1200
H066,2026-10-29,8,1250
H066,2026-10-30,9,1300
H066,2026-10-31,7,1350
H066,2026-11-01,15,1000
H066,2026-11-02,19,950
H066,2026-11-03,16,1000
H066,2026-11-04,15,1000
H066,2026-11-05,19,950
H066,2026-11-06,7,1300
H066,2026-11-07,7,1300
H066,2026-11-08,13,1150
H066,2026-11-09,13,1150
H066,2026-11-10,11,1200
H066,2026-11-11,16,1000
H066,2026-11-12,15,1000
H066,2026-11-13,11,1100
H066,2026-11-14,15,1100
H066,2026-11-15,20,950
H066,2026-11-16,16,950
H066,2026-11-17,17,950
H066,2026-11-18,15,1000
H066,2026-11-19,20,950
H066,2026-11-20,12,1100
H066,2026-11-21,13,1100
H066,2026-11-22,17,950
H066,2026-11-23,17,950
H066,2026-11-24,20,950
H066,2026-11-25,16,950
H066,2026-11-26,20,950
H066,2026-11-27,12,1100
H066,2026-11-28,15,1100
H066,2026-11-29,14,1000
H066,2026-11-30,19,950
H066,2026-12-01,15,1000
H066,2026-12-02,20,950
H066,2026-12-03,19,950
H066,2026-12-04,15,1100
H066,2026-12-05,13,1100
H066,2026-12-06,15,1000
H066,2026-12-07,14,1000
H066,2026-12-08,16,950
H066,2026-12-09,18,950
H066,2026-12-10,17,950
H066,2026-12-11,15,1100
H066,2026-12-12,12,1100
H066,2026-12-13,20,950
H066,2026-12-14,19,950
H066,2026-12-15,14,1000
H066,2026-12-16,18,950
H066,2026-12-17,18,950
H066,2026-12-18,14,1100
H066,2026-12-19,11,1100
H066,2026-12-20,12,1200
H066,2026-12-21,12,1200
H066,2026-12-22,14,1150
H066,2026-12-23,11,1200
H066,2026-12-24,14,1150
H066,2026-12-25,8,1300
H066,2026-12-26,11,1300
H066,2026-12-27,14,1150
H066,2026-12-28,13,1150
H066,2026-12-29,11,1200
H066,2026-12-30,13,1150
H066,2026-12-31,9,1200
H066,2027-01-01,11,1300
H066,2027-01-02,10,1300
H066,2027-01-03,20,950
H066,2027-01-04,18,950
H066,2027-01-05,17,950
H066,2027-01-06,16,950
H066,2027-01-07,18,950
H066,2027-01-08,12,1100
H066,2027-01-09,14,1100
H066,2027-01-10,15,1000
H066,2027-01-11,17,950
H066,2027-01-12,17,950
H066,2027-01-13,19,950
H066,2027-01-14,20,950
H066,2027-01-15,13,1100
H066,2027-01-16,17,1050
H066,2027-01-17,17,950
H066,2027-01-18,14,1000
H066,2027-01-19,14,1000
H066,2027-01-20,20,950
H066,2027-01-21,14,1000
H066,2027-01-22,15,1100
H066,2027-01-23,15,1100
H066,2027-01-24,20,950
H066,2027-01-25,15,1000
H066,2027-01-26,16,1000
H066,2027-01-27,19,950
H066,2027-01-28,18,950
H066,2027-01-29,17,1050
H066,2027-01-30,15,1100
H066,2027-01-31,19,950
H066,2027-02-01,17,950
H066,2027-02-02,15,1000
H066,2027-02-03,18,950
H066,2027-02-04,17,950
H066,2027-02-05,12,1100
H066,2027-02-06,15,1100
H066,2027-02-07,14,1000
H066,2027-02-08,19,950
H066,2027-02-09,16,950
H066,2027-02-10,16,1000
H066,2027-02-11,20,950
H066,2027-02-12,11,1100
H066,2027-02-13,11,1100
H066,2027-02-14,19,950
H066,2027-02-15,16,950
H066,2027-02-16,20,950
H066,2027-02-17,17,950
H066,2027-02-18,15,1000
H066,2027-02-19,13,1100
H066,2027-02-20,12,1100
H066,2027-02-21,18,950
H066,2027-02-22,16,1000
H066,2027-02-23,15,1000
H066,2027-02-24,18,950
H066,2027-02-25,16,950
H066,2027-02-26,12,1100
H066,2027-02-27,16,1050
H066,2027-02-28,18,950
H066,2027-03-01,17,950
H066,2027-03-02,14,1000
H066,2027-03-03,15,1000
H066,2027-03-04,14,1000
H066,2027-03-05,13,1100
H066,2027-03-06,11,1100
H066,2027-03-07,18,950
H066,2027-03-08,17,950
H066,2027-03-09,17,950
H066,2027-03-10,14,1000
H066,2027-03-11,17,950
H066,2027-03-12,12,1100
H066,2027-03-13,13,1100
H066,2027-03-14,18,950
H066,2027-03-15,16,950
H066,2027-03-16,15,1000
H066,2027-03-17,20,950
H066,2027-03-18,16,1000
H066,2027-03-19,13,1100
H066,2027-03-20,14,1100
H066,2027-03-21,20,950
H066,2027-03-22,17,950
H066,2027-03-23,17,950
H066,2027-03-24,19,950
H066,2027-03-25,14,1000
H066,2027-03-26,16,1050
H066,2027-03-27,15,1100
H066,2027-03-28,20,950
H066,2027-03-29,15,1000
H066,2027-03-30,16,950
H066,2027-03-31,20,950
H067,2026-10-01,21,3100
H067,2026-10-02,21,3350
H067,2026-10-03,16,3350
H067,2026-10-04,33,3000
H067,2026-10-05,26,3050
H067,2026-10-06,23,3050
H067,2026-10-07,30,3000
H067,2026-10-08,25,3050
H067,2026-10-09,29,3300
H067,2026-10-10,13,3350
H067,2026-10-11,27,3050
H067,2026-10-12,24,3050
H067,2026-10-13,31,3000
H067,2026-10-14,37,3000
H067,2026-10-15,21,3100
H067,2026-10-16,17,3350
H067,2026-10-17,27,3300
H067,2026-10-18,23,3050
H067,2026-10-19,29,3050
H067,2026-10-20,21,3100
H067,2026-10-21,28,3050
H067,2026-10-22,30,3050
H067,2026-10-23,19,3350
H067,2026-10-24,27,3300
H067,2026-10-25,25,3050
H067,2026-10-26,31,3000
H067,2026-10-27,38,2950
H067,2026-10-28,28,3050
H067,2026-10-29,35,3000
H067,2026-10-30,21,3350
H067,2026-10-31,27,3300
H067,2026-11-01,57,2350
H067,2026-11-02,44,2450
H067,2026-11-03,52,2400
H067,2026-11-04,57,2350
H067,2026-11-05,42,2450
H067,2026-11-06,25,3250
H067,2026-11-07,32,3200
H067,2026-11-08,35,2950
H067,2026-11-09,25,3000
H067,2026-11-10,27,3000
H067,2026-11-11,49,2400
H067,2026-11-12,40,2450
H067,2026-11-13,45,2700
H067,2026-11-14,45,2700
H067,2026-11-15,56,2350
H067,2026-11-16,47,2400
H067,2026-11-17,57,2350
H067,2026-11-18,58,2350
H067,2026-11-19,47,2400
H067,2026-11-20,38,2750
H067,2026-11-21,44,2700
H067,2026-11-22,46,2450
H067,2026-11-23,48,2400
H067,2026-11-24,39,2450
H067,2026-11-25,58,2350
H067,2026-11-26,45,2450
H067,2026-11-27,32,2750
H067,2026-11-28,36,2750
H067,2026-11-29,40,2450
H067,2026-11-30,43,2450
H067,2026-12-01,42,2450
H067,2026-12-02,43,2450
H067,2026-12-03,49,2400
H067,2026-12-04,41,2700
H067,2026-12-05,38,2750
H067,2026-12-06,50,2400
H067,2026-12-07,57,2350
H067,2026-12-08,49,2400
H067,2026-12-09,40,2450
H067,2026-12-10,49,2400
H067,2026-12-11,38,2700
H067,2026-12-12,35,2750
H067,2026-12-13,42,2450
H067,2026-12-14,55,2350
H067,2026-12-15,43,2450
H067,2026-12-16,42,2450
H067,2026-12-17,46,2450
H067,2026-12-18,34,2750
H067,2026-12-19,35,2750
H067,2026-12-20,28,3000
H067,2026-12-21,26,3000
H067,2026-12-22,35,2950
H067,2026-12-23,34,2950
H067,2026-12-24,40,2900
H067,2026-12-25,14,3300
H067,2026-12-26,23,3250
H067,2026-12-27,31,2950
H067,2026-12-28,34,2950
H067,2026-12-29,38,2900
H067,2026-12-30,24,3000
H067,2026-12-31,26,3000
H067,2027-01-01,29,3250
H067,2027-01-02,28,3250
H067,2027-01-03,48,2400
H067,2027-01-04,56,2350
H067,2027-01-05,44,2450
H067,2027-01-06,42,2450
H067,2027-01-07,57,2350
H067,2027-01-08,34,2750
H067,2027-01-09,40,2700
H067,2027-01-10,47,2450
H067,2027-01-11,50,2400
H067,2027-01-12,51,2400
H067,2027-01-13,53,2400
H067,2027-01-14,57,2350
H067,2027-01-15,36,2750
H067,2027-01-16,37,2750
H067,2027-01-17,43,2450
H067,2027-01-18,53,2400
H067,2027-01-19,45,2450
H067,2027-01-20,50,2400
H067,2027-01-21,42,2450
H067,2027-01-22,48,2650
H067,2027-01-23,49,2650
H067,2027-01-24,54,2400
H067,2027-01-25,56,2350
H067,2027-01-26,45,2450
H067,2027-01-27,42,2450
H067,2027-01-28,45,2450
H067,2027-01-29,32,2750
H067,2027-01-30,38,2700
H067,2027-01-31,53,2400
H067,2027-02-01,43,2450
H067,2027-02-02,43,2450
H067,2027-02-03,54,2400
H067,2027-02-04,41,2450
H067,2027-02-05,48,2650
H067,2027-02-06,41,2700
H067,2027-02-07,51,2400
H067,2027-02-08,47,2400
H067,2027-02-09,52,2400
H067,2027-02-10,46,2450
H067,2027-02-11,43,2450
H067,2027-02-12,49,2650
H067,2027-02-13,32,2750
H067,2027-02-14,43,2450
H067,2027-02-15,55,2400
H067,2027-02-16,50,2400
H067,2027-02-17,40,2450
H067,2027-02-18,52,2400
H067,2027-02-19,31,2750
H067,2027-02-20,31,2750
H067,2027-02-21,53,2400
H067,2027-02-22,55,2400
H067,2027-02-23,44,2450
H067,2027-02-24,46,2450
H067,2027-02-25,50,2400
H067,2027-02-26,45,2700
H067,2027-02-27,44,2700
H067,2027-02-28,44,2450
H067,2027-03-01,57,2350
H067,2027-03-02,50,2400
H067,2027-03-03,58,2350
H067,2027-03-04,41,2450
H067,2027-03-05,44,2700
H067,2027-03-06,38,2750
H067,2027-03-07,53,2400
H067,2027-03-08,42,2450
H067,2027-03-09,55,2400
H067,2027-03-10,47,2400
H067,2027-03-11,49,2400
H067,2027-03-12,45,2700
H067,2027-03-13,42,2700
H067,2027-03-14,41,2450
H067,2027-03-15,54,2400
H067,2027-03-16,45,2450
H067,2027-03-17,57,2350
H067,2027-03-18,54,2400
H067,2027-03-19,46,2700
H067,2027-03-20,31,2750
H067,2027-03-21,41,2450
H067,2027-03-22,54,2400
H067,2027-03-23,42,2450
H067,2027-03-24,43,2450
H067,2027-03-25,48,2400
H067,2027-03-26,35,2750
H067,2027-03-27,41,2700
H067,2027-03-28,54,2400
H067,2027-03-29,56,2350
H067,2027-03-30,55,2400
H067,2027-03-31,57,2350
H068,2026-10-01,22,2150
H068,2026-10-02,8,2400
H068,2026-10-03,11,2400
H068,2026-10-04,15,2200
H068,2026-10-05,18,2150
H068,2026-10-06,22,2150
H068,2026-10-07,16,2200
H068,2026-10-08,20,2150
H068,2026-10-09,8,2400
H068,2026-10-10,9,2400
H068,2026-10-11,17,2200
H068,2026-10-12,17,2200
H068,2026-10-13,13,2200
H068,2026-10-14,17,2200
H068,2026-10-15,18,2150
H068,2026-10-16,9,2400
H068,2026-10-17,10,2400
H068,2026-10-18,17,2200
H068,2026-10-19,15,2200
H068,2026-10-20,13,2200
H068,2026-10-21,22,2150
H068,2026-10-22,21,2150
H068,2026-10-23,15,2350
H068,2026-10-24,14,2400
H068,2026-10-25,12,2200
H068,2026-10-26,22,2150
H068,2026-10-27,14,2200
H068,2026-10-28,15,2200
H068,2026-10-29,13,2200
H068,2026-10-30,13,2400
H068,2026-10-31,14,2400
H068,2026-11-01,30,1750
H068,2026-11-02,28,1750
H068,2026-11-03,26,1750
H068,2026-11-04,26,1750
H068,2026-11-05,28,1750
H068,2026-11-06,14,2350
H068,2026-11-07,17,2300
H068,2026-11-08,18,2150
H068,2026-11-09,20,2100
H068,2026-11-10,14,2150
H068,2026-11-11,29,1750
H068,2026-11-12,32,1700
H068,2026-11-13,20,2000
H068,2026-11-14,19,2000
H068,2026-11-15,23,1750
H068,2026-11-16,23,1750
H068,2026-11-17,29,1750
H068,2026-11-18,29,1750
H068,2026-11-19,25,1750
H068,2026-11-20,25,1950
H068,2026-11-21,27,1950
H068,2026-11-22,26,1750
H068,2026-11-23,30,1750
H068,2026-11-24,26,1750
H068,2026-11-25,28,1750
H068,2026-11-26,31,1700
H068,2026-11-27,25,1950
H068,2026-11-28,26,1950
H068,2026-11-29,26,1750
H068,2026-11-30,24,1750
H068,2026-12-01,30,1750
H068,2026-12-02,30,1700
H068,2026-12-03,23,1750
H068,2026-12-04,22,1950
H068,2026-12-05,27,1950
H068,2026-12-06,24,1750
H068,2026-12-07,31,1700
H068,2026-12-08,28,1750
H068,2026-12-09,32,1700
H068,2026-12-10,28,1750
H068,2026-12-11,24,1950
H068,2026-12-12,18,2000
H068,2026-12-13,29,1750
H068,2026-12-14,23,1750
H068,2026-12-15,25,1750
H068,2026-12-16,31,1700
H068,2026-12-17,32,1700
H068,2026-12-18,21,1950
H068,2026-12-19,27,1900
H068,2026-12-20,23,2100
H068,2026-12-21,20,2100
H068,2026-12-22,16,2150
H068,2026-12-23,14,2150
H068,2026-12-24,17,2150
H068,2026-12-25,15,2350
H068,2026-12-26,13,2350
H068,2026-12-27,22,2100
H068,2026-12-28,19,2150
H068,2026-12-29,22,2100
H068,2026-12-30,15,2150
H068,2026-12-31,16,2150
H068,2027-01-01,16,2350
H068,2027-01-02,11,2350
H068,2027-01-03,32,1700
H068,2027-01-04,28,1750
H068,2027-01-05,26,1750
H068,2027-01-06,29,1750
H068,2027-01-07,23,1750
H068,2027-01-08,28,1900
H068,2027-01-09,26,1950
H068,2027-01-10,32,1700
H068,2027-01-11,30,1750
H068,2027-01-12,26,1750
H068,2027-01-13,29,1750
H068,2027-01-14,29,1750
H068,2027-01-15,21,1950
H068,2027-01-16,19,2000
H068,2027-01-17,23,1750
H068,2027-01-18,32,1700
H068,2027-01-19,25,1750
H068,2027-01-20,25,1750
H068,2027-01-21,29,1750
H068,2027-01-22,20,2000
H068,2027-01-23,25,1950
H068,2027-01-24,25,1750
H068,2027-01-25,26,1750
H068,2027-01-26,31,1700
H068,2027-01-27,26,1750
H068,2027-01-28,33,1700
H068,2027-01-29,19,2000
H068,2027-01-30,27,1900
H068,2027-01-31,28,1750
H068,2027-02-01,30,1750
H068,2027-02-02,26,1750
H068,2027-02-03,30,1700
H068,2027-02-04,29,1750
H068,2027-02-05,20,2000
H068,2027-02-06,27,1950
H068,2027-02-07,24,1750
H068,2027-02-08,27,1750
H068,2027-02-09,32,1700
H068,2027-02-10,29,1750
H068,2027-02-11,30,1750
H068,2027-02-12,25,1950
H068,2027-02-13,21,1950
H068,2027-02-14,30,1700
H068,2027-02-15,27,1750
H068,2027-02-16,27,1750
H068,2027-02-17,26,1750
H068,2027-02-18,29,1750
H068,2027-02-19,27,1900
H068,2027-02-20,22,1950
H068,2027-02-21,24,1750
H068,2027-02-22,29,1750
H068,2027-02-23,27,1750
H068,2027-02-24,30,1700
H068,2027-02-25,32,1700
H068,2027-02-26,21,1950
H068,2027-02-27,27,1900
H068,2027-02-28,30,1700
H068,2027-03-01,29,1750
H068,2027-03-02,26,1750
H068,2027-03-03,26,1750
H068,2027-03-04,24,1750
H068,2027-03-05,24,1950
H068,2027-03-06,19,2000
H068,2027-03-07,24,1750
H068,2027-03-08,26,1750
H068,2027-03-09,24,1750
H068,2027-03-10,29,1750
H068,2027-03-11,27,1750
H068,2027-03-12,26,1950
H068,2027-03-13,18,2000
H068,2027-03-14,29,1750
H068,2027-03-15,23,1750
H068,2027-03-16,27,1750
H068,2027-03-17,25,1750
H068,2027-03-18,32,1700
H068,2027-03-19,22,1950
H068,2027-03-20,26,1950
H068,2027-03-21,25,1750
H068,2027-03-22,26,1750
H068,2027-03-23,27,1750
H068,2027-03-24,32,1700
H068,2027-03-25,27,1750
H068,2027-03-26,23,1950
H068,2027-03-27,25,1950
H068,2027-03-28,23,1800
H068,2027-03-29,23,1750
H068,2027-03-30,26,1750
H068,2027-03-31,27,1750
H069,2026-10-01,16,2700
H069,2026-10-02,18,2900
H069,2026-10-03,9,2950
H069,2026-10-04,24,2600
H069,2026-10-05,15,2700
H069,2026-10-06,21,2650
H069,2026-10-07,14,2700
H069,2026-10-08,24,2600
H069,2026-10-09,16,2900
H069,2026-10-10,13,2950
H069,2026-10-11,20,2650
H069,2026-10-12,21,2650
H069,2026-10-13,19,2650
H069,2026-10-14,16,2700
H069,2026-10-15,17,2700
H069,2026-10-16,13,2950
H069,2026-10-17,11,2950
H069,2026-10-18,24,2600
H069,2026-10-19,18,2650
H069,2026-10-20,22,2650
H069,2026-10-21,16,2700
H069,2026-10-22,24,2600
H069,2026-10-23,16,2900
H069,2026-10-24,9,2950
H069,2026-10-25,21,2650
H069,2026-10-26,20,2650
H069,2026-10-27,20,2650
H069,2026-10-28,20,2650
H069,2026-10-29,14,2700
H069,2026-10-30,14,2950
H069,2026-10-31,19,2900
H069,2026-11-01,32,2100
H069,2026-11-02,25,2150
H069,2026-11-03,28,2150
H069,2026-11-04,25,2150
H069,2026-11-05,35,2100
H069,2026-11-06,15,2850
H069,2026-11-07,17,2850
H069,2026-11-08,15,2650
H069,2026-11-09,24,2600
H069,2026-11-10,15,2650
H069,2026-11-11,32,2100
H069,2026-11-12,30,2150
H069,2026-11-13,26,2400
H069,2026-11-14,27,2350
H069,2026-11-15,31,2150
H069,2026-11-16,31,2100
H069,2026-11-17,35,2100
H069,2026-11-18,26,2150
H069,2026-11-19,32,2100
H069,2026-11-20,28,2350
H069,2026-11-21,21,2400
H069,2026-11-22,31,2150
H069,2026-11-23,28,2150
H069,2026-11-24,30,2150
H069,2026-11-25,27,2150
H069,2026-11-26,36,2100
H069,2026-11-27,29,2350
H069,2026-11-28,30,2350
H069,2026-11-29,36,2100
H069,2026-11-30,35,2100
H069,2026-12-01,30,2150
H069,2026-12-02,30,2150
H069,2026-12-03,35,2100
H069,2026-12-04,29,2350
H069,2026-12-05,21,2400
H069,2026-12-06,25,2150
H069,2026-12-07,28,2150
H069,2026-12-08,27,2150
H069,2026-12-09,36,2100
H069,2026-12-10,32,2100
H069,2026-12-11,30,2350
H069,2026-12-12,27,2400
H069,2026-12-13,30,2150
H069,2026-12-14,28,2150
H069,2026-12-15,29,2150
H069,2026-12-16,32,2100
H069,2026-12-17,35,2100
H069,2026-12-18,20,2450
H069,2026-12-19,25,2400
H069,2026-12-20,24,2600
H069,2026-12-21,20,2600
H069,2026-12-22,21,2600
H069,2026-12-23,16,2650
H069,2026-12-24,15,2650
H069,2026-12-25,14,2900
H069,2026-12-26,10,2900
H069,2026-12-27,14,2650
H069,2026-12-28,20,2600
H069,2026-12-29,23,2600
H069,2026-12-30,21,2600
H069,2026-12-31,17,2650
H069,2027-01-01,12,2900
H069,2027-01-02,16,2850
H069,2027-01-03,36,2100
H069,2027-01-04,33,2100
H069,2027-01-05,30,2150
H069,2027-01-06,29,2150
H069,2027-01-07,32,2100
H069,2027-01-08,22,2400
H069,2027-01-09,20,2450
H069,2027-01-10,35,2100
H069,2027-01-11,31,2150
H069,2027-01-12,31,2150
H069,2027-01-13,30,2150
H069,2027-01-14,36,2100
H069,2027-01-15,31,2350
H069,2027-01-16,20,2450
H069,2027-01-17,27,2150
H069,2027-01-18,33,2100
H069,2027-01-19,32,2100
H069,2027-01-20,36,2100
H069,2027-01-21,30,2150
H069,2027-01-22,29,2350
H069,2027-01-23,21,2450
H069,2027-01-24,34,2100
H069,2027-01-25,32,2100
H069,2027-01-26,35,2100
H069,2027-01-27,27,2150
H069,2027-01-28,29,2150
H069,2027-01-29,22,2400
H069,2027-01-30,25,2400
H069,2027-01-31,30,2150
H069,2027-02-01,28,2150
H069,2027-02-02,31,2100
H069,2027-02-03,35,2100
H069,2027-02-04,28,2150
H069,2027-02-05,29,2350
H069,2027-02-06,26,2400
H069,2027-02-07,26,2150
H069,2027-02-08,31,2100
H069,2027-02-09,36,2100
H069,2027-02-10,25,2150
H069,2027-02-11,25,2150
H069,2027-02-12,26,2400
H069,2027-02-13,23,2400
H069,2027-02-14,36,2100
H069,2027-02-15,27,2150
H069,2027-02-16,31,2100
H069,2027-02-17,36,2100
H069,2027-02-18,34,2100
H069,2027-02-19,27,2400
H069,2027-02-20,20,2450
H069,2027-02-21,25,2150
H069,2027-02-22,31,2100
H069,2027-02-23,28,2150
H069,2027-02-24,30,2150
H069,2027-02-25,37,2100
H069,2027-02-26,20,2450
H069,2027-02-27,21,2400
H069,2027-02-28,36,2100
H069,2027-03-01,30,2150
H069,2027-03-02,31,2100
H069,2027-03-03,26,2150
H069,2027-03-04,25,2150
H069,2027-03-05,27,2400
H069,2027-03-06,27,2350
H069,2027-03-07,30,2150
H069,2027-03-08,25,2150
H069,2027-03-09,35,2100
H069,2027-03-10,36,2100
H069,2027-03-11,26,2150
H069,2027-03-12,30,2350
H069,2027-03-13,26,2400
H069,2027-03-14,31,2100
H069,2027-03-15,31,2150
H069,2027-03-16,35,2100
H069,2027-03-17,31,2100
H069,2027-03-18,25,2150
H069,2027-03-19,25,2400
H069,2027-03-20,22,2400
H069,2027-03-21,31,2150
H069,2027-03-22,29,2150
H069,2027-03-23,36,2100
H069,2027-03-24,29,2150
H069,2027-03-25,29,2150
H069,2027-03-26,21,2450
H069,2027-03-27,28,2350
H069,2027-03-28,32,2100
H069,2027-03-29,30,2150
H069,2027-03-30,36,2100
H069,2027-03-31,29,2150
H070,2026-10-01,36,2250
H070,2026-10-02,11,2550
H070,2026-10-03,24,2500
H070,2026-10-04,25,2300
H070,2026-10-05,34,2250
H070,2026-10-06,34,2250
H070,2026-10-07,27,2300
H070,2026-10-08,20,2350
H070,2026-10-09,17,2550
H070,2026-10-10,18,2550
H070,2026-10-11,36,2250
H070,2026-10-12,23,2300
H070,2026-10-13,34,2250
H070,2026-10-14,30,2300
H070,2026-10-15,36,2250
H070,2026-10-16,17,2550
H070,2026-10-17,28,2500
H070,2026-10-18,22,2350
H070,2026-10-19,29,2300
H070,2026-10-20,29,2300
H070,2026-10-21,20,2350
H070,2026-10-22,25,2300
H070,2026-10-23,13,2550
H070,2026-10-24,17,2550
H070,2026-10-25,22,2350
H070,2026-10-26,35,2250
H070,2026-10-27,33,2250
H070,2026-10-28,22,2300
H070,2026-10-29,25,2300
H070,2026-10-30,23,2500
H070,2026-10-31,16,2550
H070,2026-11-01,53,1800
H070,2026-11-02,38,1850
H070,2026-11-03,41,1850
H070,2026-11-04,42,1850
H070,2026-11-05,41,1850
H070,2026-11-06,16,2500
H070,2026-11-07,17,2500
H070,2026-11-08,37,2200
H070,2026-11-09,22,2300
H070,2026-11-10,25,2250
H070,2026-11-11,52,1800
H070,2026-11-12,43,1850
H070,2026-11-13,41,2050
H070,2026-11-14,37,2050
H070,2026-11-15,50,1800
H070,2026-11-16,37,1850
H070,2026-11-17,50,1800
H070,2026-11-18,52,1800
H070,2026-11-19,49,1800
H070,2026-11-20,28,2100
H070,2026-11-21,37,2050
H070,2026-11-22,42,1850
H070,2026-11-23,47,1850
H070,2026-11-24,52,1800
H070,2026-11-25,44,1850
H070,2026-11-26,40,1850
H070,2026-11-27,30,2100
H070,2026-11-28,30,2100
H070,2026-11-29,52,1800
H070,2026-11-30,44,1850
H070,2026-12-01,44,1850
H070,2026-12-02,43,1850
H070,2026-12-03,40,1850
H070,2026-12-04,37,2050
H070,2026-12-05,29,2100
H070,2026-12-06,43,1850
H070,2026-12-07,40,1850
H070,2026-12-08,43,1850
H070,2026-12-09,49,1800
H070,2026-12-10,37,1850
H070,2026-12-11,41,2050
H070,2026-12-12,40,2050
H070,2026-12-13,47,1850
H070,2026-12-14,52,1800
H070,2026-12-15,53,1800
H070,2026-12-16,46,1850
H070,2026-12-17,39,1850
H070,2026-12-18,38,2050
H070,2026-12-19,38,2050
H070,2026-12-20,32,2250
H070,2026-12-21,34,2250
H070,2026-12-22,32,2250
H070,2026-12-23,29,2250
H070,2026-12-24,33,2250
H070,2026-12-25,15,2500
H070,2026-12-26,17,2500
H070,2026-12-27,24,2300
H070,2026-12-28,38,2200
H070,2026-12-29,27,2250
H070,2026-12-30,35,2200
H070,2026-12-31,24,2300
H070,2027-01-01,26,2450
H070,2027-01-02,17,2500
H070,2027-01-03,47,1850
H070,2027-01-04,52,1800
H070,2027-01-05,37,1850
H070,2027-01-06,37,1850
H070,2027-01-07,52,1800
H070,2027-01-08,35,2050
H070,2027-01-09,39,2050
H070,2027-01-10,52,1800
H070,2027-01-11,48,1800
H070,2027-01-12,40,1850
H070,2027-01-13,44,1850
H070,2027-01-14,45,1850
H070,2027-01-15,43,2050
H070,2027-01-16,40,2050
H070,2027-01-17,43,1850
H070,2027-01-18,43,1850
H070,2027-01-19,38,1850
H070,2027-01-20,44,1850
H070,2027-01-21,41,1850
H070,2027-01-22,40,2050
H070,2027-01-23,44,2050
H070,2027-01-24,41,1850
H070,2027-01-25,46,1850
H070,2027-01-26,38,1850
H070,2027-01-27,49,1800
H070,2027-01-28,53,1800
H070,2027-01-29,28,2100
H070,2027-01-30,31,2100
H070,2027-01-31,44,1850
H070,2027-02-01,41,1850
H070,2027-02-02,52,1800
H070,2027-02-03,48,1800
H070,2027-02-04,53,1800
H070,2027-02-05,30,2100
H070,2027-02-06,40,2050
H070,2027-02-07,44,1850
H070,2027-02-08,44,1850
H070,2027-02-09,39,1850
H070,2027-02-10,46,1850
H070,2027-02-11,42,1850
H070,2027-02-12,41,2050
H070,2027-02-13,35,2050
H070,2027-02-14,44,1850
H070,2027-02-15,46,1850
H070,2027-02-16,46,1850
H070,2027-02-17,41,1850
H070,2027-02-18,39,1850
H070,2027-02-19,37,2050
H070,2027-02-20,34,2100
H070,2027-02-21,40,1850
H070,2027-02-22,52,1800
H070,2027-02-23,43,1850
H070,2027-02-24,51,1800
H070,2027-02-25,47,1850
H070,2027-02-26,44,2050
H070,2027-02-27,32,2100
H070,2027-02-28,46,1850
H070,2027-03-01,48,1800
H070,2027-03-02,47,1850
H070,2027-03-03,53,1800
H070,2027-03-04,44,1850
H070,2027-03-05,36,2050
H070,2027-03-06,39,2050
H070,2027-03-07,46,1850
H070,2027-03-08,44,1850
H070,2027-03-09,46,1850
H070,2027-03-10,50,1800
H070,2027-03-11,54,1800
H070,2027-03-12,45,2000
H070,2027-03-13,43,2050
H070,2027-03-14,51,1800
H070,2027-03-15,40,1850
H070,2027-03-16,38,1850
H070,2027-03-17,49,1800
H070,2027-03-18,43,1850
H070,2027-03-19,35,2100
H070,2027-03-20,40,2050
H070,2027-03-21,48,1800
H070,2027-03-22,52,1800
H070,2027-03-23,41,1850
H070,2027-03-24,47,1800
H070,2027-03-25,38,1850
H070,2027-03-26,42,2050
H070,2027-03-27,32,2100
H070,2027-03-28,37,1850
H070,2027-03-29,45,1850
H070,2027-03-30,45,1850
H070,2027-03-31,43,1850
H071,2026-10-01,65,8950
H071,2026-10-02,21,10150
H071,2026-10-03,31,10050
H071,2026-10-04,61,9000
H071,2026-10-05,46,9150
H071,2026-10-06,63,8950
H071,2026-10-07,59,9000
H071,2026-10-08,51,9100
H071,2026-10-09,43,9900
H071,2026-10-10,51,9850
H071,2026-10-11,42,9150
H071,2026-10-12,68,8900
H071,2026-10-13,66,8950
H071,2026-10-14,63,8950
H071,2026-10-15,37,9250
H071,2026-10-16,25,10100
H071,2026-10-17,37,10000
H071,2026-10-18,46,9150
H071,2026-10-19,61,9000
H071,2026-10-20,66,8950
H071,2026-10-21,47,9150
H071,2026-10-22,42,9200
H071,2026-10-23,37,9950
H071,2026-10-24,53,9800
H071,2026-10-25,49,9100
H071,2026-10-26,42,9200
H071,2026-10-27,53,9050
H071,2026-10-28,43,9150
H071,2026-10-29,49,9100
H071,2026-10-30,53,9800
H071,2026-10-31,47,9900
H071,2026-11-01,72,7350
H071,2026-11-02,98,7100
H071,2026-11-03,85,7250
H071,2026-11-04,88,7200
H071,2026-11-05,72,7400
H071,2026-11-06,32,9850
H071,2026-11-07,35,9850
H071,2026-11-08,71,8750
H071,2026-11-09,45,9000
H071,2026-11-10,45,9000
H071,2026-11-11,73,7350
H071,2026-11-12,80,7300
H071,2026-11-13,61,8250
H071,2026-11-14,70,8150
H071,2026-11-15,95,7150
H071,2026-11-16,71,7400
H071,2026-11-17,77,7300
H071,2026-11-18,71,7400
H071,2026-11-19,73,7350
H071,2026-11-20,57,8300
H071,2026-11-21,54,8300
H071,2026-11-22,101,7100
H071,2026-11-23,95,7150
H071,2026-11-24,86,7250
H071,2026-11-25,88,7200
H071,2026-11-26,69,7400
H071,2026-11-27,63,8200
H071,2026-11-28,69,8150
H071,2026-11-29,89,7200
H071,2026-11-30,93,7150
H071,2026-12-01,87,7200
H071,2026-12-02,72,7350
H071,2026-12-03,76,7350
H071,2026-12-04,77,8100
H071,2026-12-05,64,8200
H071,2026-12-06,79,7300
H071,2026-12-07,82,7250
H071,2026-12-08,82,7250
H071,2026-12-09,98,7100
H071,2026-12-10,98,7100
H071,2026-12-11,61,8250
H071,2026-12-12,78,8050
H071,2026-12-13,75,7350
H071,2026-12-14,88,7200
H071,2026-12-15,98,7100
H071,2026-12-16,78,7300
H071,2026-12-17,93,7150
H071,2026-12-18,61,8250
H071,2026-12-19,73,8100
H071,2026-12-20,40,9050
H071,2026-12-21,67,8800
H071,2026-12-22,55,8900
H071,2026-12-23,50,8950
H071,2026-12-24,43,9000
H071,2026-12-25,48,9700
H071,2026-12-26,35,9850
H071,2026-12-27,54,8900
H071,2026-12-28,39,9050
H071,2026-12-29,68,8750
H071,2026-12-30,63,8800
H071,2026-12-31,42,9050
H071,2027-01-01,42,9800
H071,2027-01-02,39,9800
H071,2027-01-03,75,7350
H071,2027-01-04,97,7100
H071,2027-01-05,78,7300
H071,2027-01-06,77,7300
H071,2027-01-07,69,7400
H071,2027-01-08,61,8250
H071,2027-01-09,60,8250
H071,2027-01-10,84,7250
H071,2027-01-11,94,7150
H071,2027-01-12,76,7350
H071,2027-01-13,97,7100
H071,2027-01-14,72,7400
H071,2027-01-15,67,8200
H071,2027-01-16,66,8200
H071,2027-01-17,94,7150
H071,2027-01-18,77,7300
H071,2027-01-19,99,7100
H071,2027-01-20,97,7150
H071,2027-01-21,101,7100
H071,2027-01-22,64,8200
H071,2027-01-23,56,8300
H071,2027-01-24,99,7100
H071,2027-01-25,101,7100
H071,2027-01-26,73,7350
H071,2027-01-27,92,7150
H071,2027-01-28,71,7400
H071,2027-01-29,62,8250
H071,2027-01-30,63,8200
H071,2027-01-31,78,7300
H071,2027-02-01,82,7250
H071,2027-02-02,78,7300
H071,2027-02-03,72,7350
H071,2027-02-04,85,7250
H071,2027-02-05,82,8050
H071,2027-02-06,63,8200
H071,2027-02-07,86,7250
H071,2027-02-08,92,7150
H071,2027-02-09,80,7300
H071,2027-02-10,73,7350
H071,2027-02-11,71,7400
H071,2027-02-12,71,8150
H071,2027-02-13,59,8250
H071,2027-02-14,74,7350
H071,2027-02-15,84,7250
H071,2027-02-16,73,7350
H071,2027-02-17,94,7150
H071,2027-02-18,82,7300
H071,2027-02-19,66,8200
H071,2027-02-20,84,8000
H071,2027-02-21,80,7300
H071,2027-02-22,90,7200
H071,2027-02-23,85,7250
H071,2027-02-24,86,7250
H071,2027-02-25,84,7250
H071,2027-02-26,58,8250
H071,2027-02-27,60,8250
H071,2027-02-28,85,7250
H071,2027-03-01,88,7200
H071,2027-03-02,93,7150
H071,2027-03-03,99,7100
H071,2027-03-04,71,7400
H071,2027-03-05,66,8200
H071,2027-03-06,86,8000
H071,2027-03-07,86,7250
H071,2027-03-08,89,7200
H071,2027-03-09,101,7100
H071,2027-03-10,100,7100
H071,2027-03-11,90,7200
H071,2027-03-12,78,8050
H071,2027-03-13,77,8050
H071,2027-03-14,75,7350
H071,2027-03-15,80,7300
H071,2027-03-16,69,7400
H071,2027-03-17,88,7200
H071,2027-03-18,91,7200
H071,2027-03-19,78,8050
H071,2027-03-20,58,8250
H071,2027-03-21,97,7150
H071,2027-03-22,92,7150
H071,2027-03-23,89,7200
H071,2027-03-24,74,7350
H071,2027-03-25,101,7100
H071,2027-03-26,64,8200
H071,2027-03-27,72,8150
H071,2027-03-28,93,7150
H071,2027-03-29,96,7150
H071,2027-03-30,101,7100
H071,2027-03-31,73,7350
H072,2026-10-01,29,5750
H072,2026-10-02,23,6300
H072,2026-10-03,14,6450
H072,2026-10-04,21,5850
H072,2026-10-05,27,5800
H072,2026-10-06,27,5800
H072,2026-10-07,27,5800
H072,2026-10-08,30,5750
H072,2026-10-09,23,6300
H072,2026-10-10,16,6400
H072,2026-10-11,33,5700
H072,2026-10-12,29,5750
H072,2026-10-13,30,5750
H072,2026-10-14,20,5900
H072,2026-10-15,30,5750
H072,2026-10-16,12,6450
H072,2026-10-17,14,6450
H072,2026-10-18,24,5850
H072,2026-10-19,23,5850
H072,2026-10-20,22,5850
H072,2026-10-21,20,5900
H072,2026-10-22,23,5850
H072,2026-10-23,18,6400
H072,2026-10-24,20,6350
H072,2026-10-25,26,5800
H072,2026-10-26,25,5800
H072,2026-10-27,27,5800
H072,2026-10-28,25,5800
H072,2026-10-29,25,5800
H072,2026-10-30,20,6350
H072,2026-10-31,21,6350
H072,2026-11-01,37,4700
H072,2026-11-02,42,4650
H072,2026-11-03,40,4650
H072,2026-11-04,43,4600
H072,2026-11-05,43,4600
H072,2026-11-06,21,6250
H072,2026-11-07,20,6250
H072,2026-11-08,27,5700
H072,2026-11-09,35,5600
H072,2026-11-10,26,5700
H072,2026-11-11,44,4600
H072,2026-11-12,41,4650
H072,2026-11-13,40,5150
H072,2026-11-14,41,5150
H072,2026-11-15,45,4600
H072,2026-11-16,42,4650
H072,2026-11-17,44,4600
H072,2026-11-18,40,4650
H072,2026-11-19,41,4650
H072,2026-11-20,38,5150
H072,2026-11-21,34,5200
H072,2026-11-22,39,4650
H072,2026-11-23,46,4550
H072,2026-11-24,34,4750
H072,2026-11-25,47,4550
H072,2026-11-26,43,4600
H072,2026-11-27,31,5250
H072,2026-11-28,35,5200
H072,2026-11-29,39,4650
H072,2026-11-30,37,4700
H072,2026-12-01,50,4550
H072,2026-12-02,39,4650
H072,2026-12-03,38,4700
H072,2026-12-04,38,5150
H072,2026-12-05,39,5150
H072,2026-12-06,48,4550
H072,2026-12-07,47,4550
H072,2026-12-08,38,4700
H072,2026-12-09,46,4600
H072,2026-12-10,47,4550
H072,2026-12-11,42,5100
H072,2026-12-12,42,5100
H072,2026-12-13,41,4650
H072,2026-12-14,48,4550
H072,2026-12-15,42,4650
H072,2026-12-16,41,4650
H072,2026-12-17,45,4600
H072,2026-12-18,36,5200
H072,2026-12-19,37,5150
H072,2026-12-20,20,5800
H072,2026-12-21,35,5600
H072,2026-12-22,23,5750
H072,2026-12-23,23,5750
H072,2026-12-24,30,5650
H072,2026-12-25,14,6350
H072,2026-12-26,22,6250
H072,2026-12-27,30,5650
H072,2026-12-28,27,5700
H072,2026-12-29,31,5650
H072,2026-12-30,31,5650
H072,2026-12-31,27,5700
H072,2027-01-01,22,6250
H072,2027-01-02,27,6150
H072,2027-01-03,40,4650
H072,2027-01-04,34,4750
H072,2027-01-05,37,4700
H072,2027-01-06,38,4700
H072,2027-01-07,40,4650
H072,2027-01-08,38,5150
H072,2027-01-09,29,5300
H072,2027-01-10,35,4700
H072,2027-01-11,37,4700
H072,2027-01-12,37,4700
H072,2027-01-13,49,4550
H072,2027-01-14,48,4550
H072,2027-01-15,27,5300
H072,2027-01-16,39,5150
H072,2027-01-17,36,4700
H072,2027-01-18,48,4550
H072,2027-01-19,47,4550
H072,2027-01-20,35,4750
H072,2027-01-21,46,4550
H072,2027-01-22,39,5150
H072,2027-01-23,35,5200
H072,2027-01-24,43,4600
H072,2027-01-25,37,4700
H072,2027-01-26,37,4700
H072,2027-01-27,45,4600
H072,2027-01-28,35,4700
H072,2027-01-29,28,5300
H072,2027-01-30,36,5200
H072,2027-01-31,35,4750
H072,2027-02-01,46,4600
H072,2027-02-02,38,4700
H072,2027-02-03,43,4600
H072,2027-02-04,41,4650
H072,2027-02-05,41,5100
H072,2027-02-06,40,5150
H072,2027-02-07,48,4550
H072,2027-02-08,38,4700
H072,2027-02-09,46,4600
H072,2027-02-10,36,4700
H072,2027-02-11,34,4750
H072,2027-02-12,40,5150
H072,2027-02-13,31,5250
H072,2027-02-14,46,4600
H072,2027-02-15,40,4650
H072,2027-02-16,46,4600
H072,2027-02-17,43,4600
H072,2027-02-18,37,4700
H072,2027-02-19,35,5200
H072,2027-02-20,27,5300
H072,2027-02-21,47,4550
H072,2027-02-22,37,4700
H072,2027-02-23,44,4600
H072,2027-02-24,46,4600
H072,2027-02-25,45,4600
H072,2027-02-26,39,5150
H072,2027-02-27,35,5200
H072,2027-02-28,37,4700
H072,2027-03-01,41,4650
H072,2027-03-02,38,4700
H072,2027-03-03,40,4650
H072,2027-03-04,40,4650
H072,2027-03-05,30,5250
H072,2027-03-06,38,5150
H072,2027-03-07,38,4700
H072,2027-03-08,45,4600
H072,2027-03-09,38,4700
H072,2027-03-10,45,4600
H072,2027-03-11,44,4600
H072,2027-03-12,27,5300
H072,2027-03-13,37,5150
H072,2027-03-14,43,4600
H072,2027-03-15,41,4650
H072,2027-03-16,42,4650
H072,2027-03-17,39,4650
H072,2027-03-18,44,4600
H072,2027-03-19,29,5300
H072,2027-03-20,39,5150
H072,2027-03-21,49,4550
H072,2027-03-22,35,4750
H072,2027-03-23,40,4650
H072,2027-03-24,36,4700
H072,2027-03-25,39,4650
H072,2027-03-26,38,5150
H072,2027-03-27,33,5250
H072,2027-03-28,38,4700
H072,2027-03-29,37,4700
H072,2027-03-30,47,4550
H072,2027-03-31,48,4550
H073,2026-10-01,12,750
H073,2026-10-02,7,900
H073,2026-10-03,11,850
H073,2026-10-04,12,750
H073,2026-10-05,9,800
H073,2026-10-06,10,800
H073,2026-10-07,9,800
H073,2026-10-08,9,800
H073,2026-10-09,10,850
H073,2026-10-10,10,850
H073,2026-10-11,10,800
H073,2026-10-12,11,750
H073,2026-10-13,10,800
H073,2026-10-14,11,750
H073,2026-10-15,10,800
H073,2026-10-16,9,850
H073,2026-10-17,11,850
H073,2026-10-18,11,750
H073,2026-10-19,12,750
H073,2026-10-20,10,800
H073,2026-10-21,9,800
H073,2026-10-22,12,750
H073,2026-10-23,10,850
H073,2026-10-24,9,850
H073,2026-10-25,9,800
H073,2026-10-26,12,750
H073,2026-10-27,10,800
H073,2026-10-28,12,750
H073,2026-10-29,9,800
H073,2026-10-30,9,850
H073,2026-10-31,9,850
H073,2026-11-01,9,800
H073,2026-11-02,11,750
H073,2026-11-03,10,800
H073,2026-11-04,9,800
H073,2026-11-05,9,800
H073,2026-11-06,4,1050
H073,2026-11-07,6,1050
H073,2026-11-08,7,950
H073,2026-11-09,8,950
H073,2026-11-10,7,950
H073,2026-11-11,9,800
H073,2026-11-12,11,750
H073,2026-11-13,11,850
H073,2026-11-14,10,850
H073,2026-11-15,10,800
H073,2026-11-16,10,800
H073,2026-11-17,9,800
H073,2026-11-18,12,750
H073,2026-11-19,9,800
H073,2026-11-20,9,850
H073,2026-11-21,9,850
H073,2026-11-22,11,750
H073,2026-11-23,12,750
H073,2026-11-24,10,800
H073,2026-11-25,11,750
H073,2026-11-26,12,750
H073,2026-11-27,8,900
H073,2026-11-28,8,850
H073,2026-11-29,11,750
H073,2026-11-30,13,750
H073,2026-12-01,8,950
H073,2026-12-02,7,950
H073,2026-12-03,7,950
H073,2026-12-04,6,1050
H073,2026-12-05,3,1100
H073,2026-12-06,7,950
H073,2026-12-07,5,1000
H073,2026-12-08,8,950
H073,2026-12-09,5,1000
H073,2026-12-10,5,1000
H073,2026-12-11,5,1050
H073,2026-12-12,5,1050
H073,2026-12-13,5,1000
H073,2026-12-14,6,950
H073,2026-12-15,5,1000
H073,2026-12-16,8,950
H073,2026-12-17,8,950
H073,2026-12-18,4,1050
H073,2026-12-19,6,1050
H073,2026-12-20,5,1150
H073,2026-12-21,4,1150
H073,2026-12-22,3,1150
H073,2026-12-23,2,1150
H073,2026-12-24,2,1150
H073,2026-12-25,2,1250
H073,2026-12-26,2,1250
H073,2026-12-27,4,1150
H073,2026-12-28,1,1150
H073,2026-12-29,1,1150
H073,2026-12-30,2,1150
H073,2026-12-31,1,1150
H073,2027-01-01,3,1200
H073,2027-01-02,1,1250
H073,2027-01-03,7,950
H073,2027-01-04,8,950
H073,2027-01-05,5,1000
H073,2027-01-06,5,1000
H073,2027-01-07,6,1000
H073,2027-01-08,6,1050
H073,2027-01-09,6,1050
H073,2027-01-10,8,950
H073,2027-01-11,5,1000
H073,2027-01-12,8,950
H073,2027-01-13,7,950
H073,2027-01-14,8,950
H073,2027-01-15,3,1100
H073,2027-01-16,5,1050
H073,2027-01-17,6,950
H073,2027-01-18,9,950
H073,2027-01-19,6,950
H073,2027-01-20,7,950
H073,2027-01-21,8,950
H073,2027-01-22,3,1100
H073,2027-01-23,6,1050
H073,2027-01-24,6,950
H073,2027-01-25,9,950
H073,2027-01-26,7,950
H073,2027-01-27,7,950
H073,2027-01-28,5,1000
H073,2027-01-29,5,1050
H073,2027-01-30,6,1050
H073,2027-01-31,9,950
H073,2027-02-01,12,750
H073,2027-02-02,11,800
H073,2027-02-03,9,800
H073,2027-02-04,12,750
H073,2027-02-05,8,900
H073,2027-02-06,7,900
H073,2027-02-07,9,800
H073,2027-02-08,9,800
H073,2027-02-09,12,750
H073,2027-02-10,11,750
H073,2027-02-11,11,750
H073,2027-02-12,9,850
H073,2027-02-13,8,850
H073,2027-02-14,9,800
H073,2027-02-15,11,750
H073,2027-02-16,13,750
H073,2027-02-17,12,750
H073,2027-02-18,9,800
H073,2027-02-19,8,850
H073,2027-02-20,10,850
H073,2027-02-21,13,750
H073,2027-02-22,12,750
H073,2027-02-23,12,750
H073,2027-02-24,11,750
H073,2027-02-25,13,750
H073,2027-02-26,10,850
H073,2027-02-27,10,850
H073,2027-02-28,11,800
H073,2027-03-01,10,800
H073,2027-03-02,11,750
H073,2027-03-03,10,800
H073,2027-03-04,12,750
H073,2027-03-05,10,850
H073,2027-03-06,8,900
H073,2027-03-07,12,750
H073,2027-03-08,9,800
H073,2027-03-09,10,800
H073,2027-03-10,12,750
H073,2027-03-11,9,800
H073,2027-03-12,8,900
H073,2027-03-13,8,900
H073,2027-03-14,11,750
H073,2027-03-15,11,750
H073,2027-03-16,10,800
H073,2027-03-17,10,800
H073,2027-03-18,12,750
H073,2027-03-19,11,850
H073,2027-03-20,11,850
H073,2027-03-21,11,750
H073,2027-03-22,9,800
H073,2027-03-23,10,800
H073,2027-03-24,9,800
H073,2027-03-25,11,750
H073,2027-03-26,10,850
H073,2027-03-27,7,900
H073,2027-03-28,9,800
H073,2027-03-29,11,750
H073,2027-03-30,13,750
H073,2027-03-31,11,750
H074,2026-10-01,10,1350
H074,2026-10-02,11,1500
H074,2026-10-03,9,1500
H074,2026-10-04,12,1350
H074,2026-10-05,10,1350
H074,2026-10-06,10,1350
H074,2026-10-07,12,1350
H074,2026-10-08,10,1350
H074,2026-10-09,9,1500
H074,2026-10-10,11,1500
H074,2026-10-11,10,1350
H074,2026-10-12,11,1350
H074,2026-10-13,11,1350
H074,2026-10-14,9,1400
H074,2026-10-15,13,1300
H074,2026-10-16,11,1500
H074,2026-10-17,8,1550
H074,2026-10-18,10,1350
H074,2026-10-19,13,1350
H074,2026-10-20,9,1400
H074,2026-10-21,10,1350
H074,2026-10-22,13,1300
H074,2026-10-23,11,1500
H074,2026-10-24,8,1550
H074,2026-10-25,9,1400
H074,2026-10-26,12,1350
H074,2026-10-27,12,1350
H074,2026-10-28,10,1350
H074,2026-10-29,10,1350
H074,2026-10-30,10,1500
H074,2026-10-31,8,1550
H074,2026-11-01,11,1350
H074,2026-11-02,12,1350
H074,2026-11-03,9,1400
H074,2026-11-04,12,1350
H074,2026-11-05,12,1350
H074,2026-11-06,7,1800
H074,2026-11-07,4,1850
H074,2026-11-08,7,1650
H074,2026-11-09,8,1650
H074,2026-11-10,6,1700
H074,2026-11-11,10,1350
H074,2026-11-12,11,1350
H074,2026-11-13,8,1550
H074,2026-11-14,8,1550
H074,2026-11-15,13,1350
H074,2026-11-16,10,1350
H074,2026-11-17,12,1350
H074,2026-11-18,12,1350
H074,2026-11-19,10,1350
H074,2026-11-20,9,1500
H074,2026-11-21,10,1500
H074,2026-11-22,10,1350
H074,2026-11-23,13,1300
H074,2026-11-24,13,1300
H074,2026-11-25,12,1350
H074,2026-11-26,12,1350
H074,2026-11-27,9,1500
H074,2026-11-28,8,1550
H074,2026-11-29,12,1350
H074,2026-11-30,12,1350
H074,2026-12-01,7,1700
H074,2026-12-02,8,1650
H074,2026-12-03,5,1700
H074,2026-12-04,4,1850
H074,2026-12-05,5,1850
H074,2026-12-06,8,1700
H074,2026-12-07,8,1700
H074,2026-12-08,7,1700
H074,2026-12-09,7,1700
H074,2026-12-10,7,1700
H074,2026-12-11,3,1900
H074,2026-12-12,5,1850
H074,2026-12-13,5,1700
H074,2026-12-14,6,1700
H074,2026-12-15,9,1650
H074,2026-12-16,8,1650
H074,2026-12-17,6,1700
H074,2026-12-18,4,1850
H074,2026-12-19,6,1850
H074,2026-12-20,3,2000
H074,2026-12-21,1,2000
H074,2026-12-22,2,2000
H074,2026-12-23,3,2000
H074,2026-12-24,3,2000
H074,2026-12-25,1,2200
H074,2026-12-26,1,2200
H074,2026-12-27,4,2000
H074,2026-12-28,2,2000
H074,2026-12-29,1,2050
H074,2026-12-30,1,2050
H074,2026-12-31,4,2000
H074,2027-01-01,1,2150
H074,2027-01-02,2,2150
H074,2027-01-03,9,1650
H074,2027-01-04,6,1700
H074,2027-01-05,8,1650
H074,2027-01-06,5,1700
H074,2027-01-07,8,1650
H074,2027-01-08,6,1850
H074,2027-01-09,3,1900
H074,2027-01-10,6,1700
H074,2027-01-11,6,1700
H074,2027-01-12,5,1700
H074,2027-01-13,8,1650
H074,2027-01-14,5,1700
H074,2027-01-15,6,1850
H074,2027-01-16,5,1850
H074,2027-01-17,7,1700
H074,2027-01-18,7,1700
H074,2027-01-19,6,1700
H074,2027-01-20,6,1700
H074,2027-01-21,5,1700
H074,2027-01-22,5,1850
H074,2027-01-23,6,1850
H074,2027-01-24,7,1700
H074,2027-01-25,9,1650
H074,2027-01-26,5,1700
H074,2027-01-27,6,1700
H074,2027-01-28,8,1700
H074,2027-01-29,4,1850
H074,2027-01-30,4,1900
H074,2027-01-31,6,1700
H074,2027-02-01,11,1350
H074,2027-02-02,13,1350
H074,2027-02-03,11,1350
H074,2027-02-04,13,1350
H074,2027-02-05,10,1500
H074,2027-02-06,10,1500
H074,2027-02-07,12,1350
H074,2027-02-08,13,1350
H074,2027-02-09,12,1350
H074,2027-02-10,9,1400
H074,2027-02-11,12,1350
H074,2027-02-12,8,1550
H074,2027-02-13,10,1500
H074,2027-02-14,12,1350
H074,2027-02-15,11,1350
H074,2027-02-16,11,1350
H074,2027-02-17,11,1350
H074,2027-02-18,10,1350
H074,2027-02-19,9,1500
H074,2027-02-20,10,1500
H074,2027-02-21,12,1350
H074,2027-02-22,13,1300
H074,2027-02-23,12,1350
H074,2027-02-24,10,1350
H074,2027-02-25,12,1350
H074,2027-02-26,9,1500
H074,2027-02-27,11,1500
H074,2027-02-28,9,1400
H074,2027-03-01,9,1350
H074,2027-03-02,10,1350
H074,2027-03-03,12,1350
H074,2027-03-04,10,1350
H074,2027-03-05,11,1500
H074,2027-03-06,8,1550
H074,2027-03-07,11,1350
H074,2027-03-08,11,1350
H074,2027-03-09,10,1350
H074,2027-03-10,11,1350
H074,2027-03-11,13,1350
H074,2027-03-12,7,1550
H074,2027-03-13,8,1550
H074,2027-03-14,13,1350
H074,2027-03-15,10,1350
H074,2027-03-16,12,1350
H074,2027-03-17,12,1350
H074,2027-03-18,12,1350
H074,2027-03-19,9,1500
H074,2027-03-20,9,1500
H074,2027-03-21,12,1350
H074,2027-03-22,13,1300
H074,2027-03-23,10,1350
H074,2027-03-24,10,1350
H074,2027-03-25,12,1350
H074,2027-03-26,10,1500
H074,2027-03-27,10,1500
H074,2027-03-28,13,1350
H074,2027-03-29,12,1350
H074,2027-03-30,13,1300
H074,2027-03-31,12,1350
H075,2026-10-01,9,950
H075,2026-10-02,7,1100
H075,2026-10-03,6,1100
H075,2026-10-04,7,950
H075,2026-10-05,9,950
H075,2026-10-06,9,950
H075,2026-10-07,9,950
H075,2026-10-08,8,950
H075,2026-10-09,6,1100
H075,2026-10-10,7,1100
H075,2026-10-11,7,1000
H075,2026-10-12,7,950
H075,2026-10-13,8,950
H075,2026-10-14,8,950
H075,2026-10-15,8,950
H075,2026-10-16,7,1100
H075,2026-10-17,6,1100
H075,2026-10-18,8,950
H075,2026-10-19,7,1000
H075,2026-10-20,7,1000
H075,2026-10-21,7,1000
H075,2026-10-22,9,950
H075,2026-10-23,6,1100
H075,2026-10-24,7,1100
H075,2026-10-25,7,1000
H075,2026-10-26,9,950
H075,2026-10-27,7,1000
H075,2026-10-28,8,950
H075,2026-10-29,9,950
H075,2026-10-30,7,1100
H075,2026-10-31,8,1050
H075,2026-11-01,7,1000
H075,2026-11-02,8,950
H075,2026-11-03,7,1000
H075,2026-11-04,6,1000
H075,2026-11-05,7,1000
H075,2026-11-06,3,1300
H075,2026-11-07,4,1300
H075,2026-11-08,6,1200
H075,2026-11-09,6,1150
H075,2026-11-10,6,1150
H075,2026-11-11,9,950
H075,2026-11-12,9,950
H075,2026-11-13,7,1050
H075,2026-11-14,8,1050
H075,2026-11-15,9,950
H075,2026-11-16,9,950
H075,2026-11-17,9,950
H075,2026-11-18,9,950
H075,2026-11-19,7,1000
H075,2026-11-20,6,1100
H075,2026-11-21,7,1100
H075,2026-11-22,8,950
H075,2026-11-23,7,950
H075,2026-11-24,9,950
H075,2026-11-25,7,1000
H075,2026-11-26,9,950
H075,2026-11-27,8,1050
H075,2026-11-28,6,1100
H075,2026-11-29,9,950
H075,2026-11-30,9,950
H075,2026-12-01,6,1200
H075,2026-12-02,5,1200
H075,2026-12-03,4,1250
H075,2026-12-04,4,1300
H075,2026-12-05,3,1350
H075,2026-12-06,4,1200
H075,2026-12-07,4,1200
H075,2026-12-08,6,1200
H075,2026-12-09,5,1200
H075,2026-12-10,5,1200
H075,2026-12-11,2,1350
H075,2026-12-12,4,1350
H075,2026-12-13,4,1200
H075,2026-12-14,4,1250
H075,2026-12-15,3,1250
H075,2026-12-16,4,1200
H075,2026-12-17,6,1200
H075,2026-12-18,4,1300
H075,2026-12-19,3,1350
H075,2026-12-20,1,1450
H075,2026-12-21,3,1400
H075,2026-12-22,2,1450
H075,2026-12-23,1,1450
H075,2026-12-24,3,1400
H075,2026-12-25,1,1550
H075,2026-12-26,0,1550
H075,2026-12-27,2,1450
H075,2026-12-28,3,1400
H075,2026-12-29,1,1450
H075,2026-12-30,3,1400
H075,2026-12-31,2,1450
H075,2027-01-01,0,1550
H075,2027-01-02,2,1550
H075,2027-01-03,5,1200
H075,2027-01-04,5,1200
H075,2027-01-05,6,1200
H075,2027-01-06,5,1200
H075,2027-01-07,6,1200
H075,2027-01-08,4,1300
H075,2027-01-09,3,1350
H075,2027-01-10,6,1200
H075,2027-01-11,4,1250
H075,2027-01-12,5,1200
H075,2027-01-13,6,1200
H075,2027-01-14,4,1250
H075,2027-01-15,3,1350
H075,2027-01-16,2,1350
H075,2027-01-17,3,1250
H075,2027-01-18,5,1200
H075,2027-01-19,6,1200
H075,2027-01-20,5,1200
H075,2027-01-21,5,1200
H075,2027-01-22,3,1350
H075,2027-01-23,3,1350
H075,2027-01-24,5,1200
H075,2027-01-25,5,1200
H075,2027-01-26,3,1250
H075,2027-01-27,6,1200
H075,2027-01-28,6,1200
H075,2027-01-29,3,1350
H075,2027-01-30,4,1300
H075,2027-01-31,5,1200
H075,2027-02-01,8,950
H075,2027-02-02,8,950
H075,2027-02-03,7,1000
H075,2027-02-04,8,950
H075,2027-02-05,8,1050
H075,2027-02-06,7,1100
H075,2027-02-07,7,1000
H075,2027-02-08,7,1000
H075,2027-02-09,9,950
H075,2027-02-10,7,1000
H075,2027-02-11,9,950
H075,2027-02-12,6,1100
H075,2027-02-13,7,1100
H075,2027-02-14,8,950
H075,2027-02-15,8,950
H075,2027-02-16,7,1000
H075,2027-02-17,9,950
H075,2027-02-18,7,950
H075,2027-02-19,7,1100
H075,2027-02-20,6,1100
H075,2027-02-21,9,950
H075,2027-02-22,9,950
H075,2027-02-23,8,950
H075,2027-02-24,9,950
H075,2027-02-25,7,1000
H075,2027-02-26,7,1100
H075,2027-02-27,8,1050
H075,2027-02-28,8,950
H075,2027-03-01,9,950
H075,2027-03-02,9,950
H075,2027-03-03,8,950
H075,2027-03-04,8,950
H075,2027-03-05,8,1050
H075,2027-03-06,5,1100
H075,2027-03-07,7,1000
H075,2027-03-08,8,950
H075,2027-03-09,9,950
H075,2027-03-10,9,950
H075,2027-03-11,8,950
H075,2027-03-12,7,1100
H075,2027-03-13,5,1100
H075,2027-03-14,9,950
H075,2027-03-15,7,1000
H075,2027-03-16,9,950
H075,2027-03-17,8,950
H075,2027-03-18,7,1000
H075,2027-03-19,7,1100
H075,2027-03-20,8,1050
H075,2027-03-21,8,950
H075,2027-03-22,8,950
H075,2027-03-23,7,950
H075,2027-03-24,9,950
H075,2027-03-25,7,1000
H075,2027-03-26,5,1100
H075,2027-03-27,6,1100
H075,2027-03-28,8,950
H075,2027-03-29,8,950
H075,2027-03-30,7,950
H075,2027-03-31,8,950
H076,2026-10-01,26,2700
H076,2026-10-02,26,3000
H076,2026-10-03,24,3000
H076,2026-10-04,32,2650
H076,2026-10-05,29,2700
H076,2026-10-06,32,2650
H076,2026-10-07,25,2750
H076,2026-10-08,25,2750
H076,2026-10-09,17,3100
H076,2026-10-10,26,3000
H076,2026-10-11,29,2700
H076,2026-10-12,22,2750
H076,2026-10-13,31,2650
H076,2026-10-14,23,2750
H076,2026-10-15,29,2700
H076,2026-10-16,27,3000
H076,2026-10-17,20,3050
H076,2026-10-18,31,2650
H076,2026-10-19,28,2700
H076,2026-10-20,23,2750
H076,2026-10-21,29,2700
H076,2026-10-22,28,2700
H076,2026-10-23,26,3000
H076,2026-10-24,22,3050
H076,2026-10-25,26,2700
H076,2026-10-26,29,2700
H076,2026-10-27,27,2700
H076,2026-10-28,24,2750
H076,2026-10-29,25,2750
H076,2026-10-30,22,3050
H076,2026-10-31,20,3050
H076,2026-11-01,29,2700
H076,2026-11-02,27,2700
H076,2026-11-03,31,2650
H076,2026-11-04,28,2700
H076,2026-11-05,30,2650
H076,2026-11-06,9,3700
H076,2026-11-07,11,3700
H076,2026-11-08,17,3350
H076,2026-11-09,21,3300
H076,2026-11-10,22,3250
H076,2026-11-11,30,2700
H076,2026-11-12,32,2650
H076,2026-11-13,20,3050
H076,2026-11-14,18,3100
H076,2026-11-15,26,2700
H076,2026-11-16,30,2700
H076,2026-11-17,29,2700
H076,2026-11-18,32,2650
H076,2026-11-19,25,2750
H076,2026-11-20,24,3000
H076,2026-11-21,21,3050
H076,2026-11-22,24,2750
H076,2026-11-23,33,2650
H076,2026-11-24,32,2650
H076,2026-11-25,30,2700
H076,2026-11-26,31,2650
H076,2026-11-27,18,3100
H076,2026-11-28,22,3050
H076,2026-11-29,26,2700
H076,2026-11-30,28,2700
H076,2026-12-01,19,3350
H076,2026-12-02,15,3400
H076,2026-12-03,17,3400
H076,2026-12-04,12,3700
H076,2026-12-05,12,3750
H076,2026-12-06,19,3350
H076,2026-12-07,20,3350
H076,2026-12-08,21,3350
H076,2026-12-09,21,3350
H076,2026-12-10,22,3350
H076,2026-12-11,11,3750
H076,2026-12-12,8,3750
H076,2026-12-13,18,3400
H076,2026-12-14,12,3450
H076,2026-12-15,18,3400
H076,2026-12-16,16,3400
H076,2026-12-17,13,3450
H076,2026-12-18,15,3700
H076,2026-12-19,12,3750
H076,2026-12-20,5,4050
H076,2026-12-21,11,3950
H076,2026-12-22,7,4000
H076,2026-12-23,7,4000
H076,2026-12-24,12,3950
H076,2026-12-25,8,4300
H076,2026-12-26,5,4300
H076,2026-12-27,8,4000
H076,2026-12-28,8,4000
H076,2026-12-29,7,4000
H076,2026-12-30,5,4050
H076,2026-12-31,5,4050
H076,2027-01-01,1,4350
H076,2027-01-02,3,4350
H076,2027-01-03,19,3350
H076,2027-01-04,13,3450
H076,2027-01-05,13,3450
H076,2027-01-06,20,3350
H076,2027-01-07,22,3350
H076,2027-01-08,7,3800
H076,2027-01-09,7,3800
H076,2027-01-10,19,3350
H076,2027-01-11,15,3400
H076,2027-01-12,12,3450
H076,2027-01-13,17,3400
H076,2027-01-14,22,3350
H076,2027-01-15,15,3700
H076,2027-01-16,10,3750
H076,2027-01-17,14,3400
H076,2027-01-18,12,3450
H076,2027-01-19,21,3350
H076,2027-01-20,21,3350
H076,2027-01-21,17,3400
H076,2027-01-22,7,3800
H076,2027-01-23,12,3750
H076,2027-01-24,21,3350
H076,2027-01-25,16,3400
H076,2027-01-26,12,3450
H076,2027-01-27,13,3450
H076,2027-01-28,17,3400
H076,2027-01-29,8,3750
H076,2027-01-30,11,3750
H076,2027-01-31,15,3400
H076,2027-02-01,30,2650
H076,2027-02-02,28,2700
H076,2027-02-03,28,2700
H076,2027-02-04,32,2650
H076,2027-02-05,25,3000
H076,2027-02-06,20,3050
H076,2027-02-07,32,2650
H076,2027-02-08,22,2750
H076,2027-02-09,30,2700
H076,2027-02-10,23,2750
H076,2027-02-11,29,2700
H076,2027-02-12,18,3100
H076,2027-02-13,25,3000
H076,2027-02-14,23,2750
H076,2027-02-15,26,2700
H076,2027-02-16,25,2750
H076,2027-02-17,22,2750
H076,2027-02-18,27,2700
H076,2027-02-19,23,3050
H076,2027-02-20,27,3000
H076,2027-02-21,32,2650
H076,2027-02-22,27,2700
H076,2027-02-23,27,2700
H076,2027-02-24,28,2700
H076,2027-02-25,28,2700
H076,2027-02-26,21,3050
H076,2027-02-27,28,3000
H076,2027-02-28,27,2700
H076,2027-03-01,25,2750
H076,2027-03-02,31,2650
H076,2027-03-03,25,2750
H076,2027-03-04,28,2700
H076,2027-03-05,18,3100
H076,2027-03-06,23,3050
H076,2027-03-07,25,2750
H076,2027-03-08,25,2750
H076,2027-03-09,25,2750
H076,2027-03-10,32,2650
H076,2027-03-11,29,2700
H076,2027-03-12,19,3100
H076,2027-03-13,24,3000
H076,2027-03-14,32,2650
H076,2027-03-15,29,2700
H076,2027-03-16,28,2700
H076,2027-03-17,27,2700
H076,2027-03-18,28,2700
H076,2027-03-19,18,3100
H076,2027-03-20,17,3100
H076,2027-03-21,31,2650
H076,2027-03-22,22,2750
H076,2027-03-23,30,2700
H076,2027-03-24,29,2700
H076,2027-03-25,30,2650
H076,2027-03-26,25,3000
H076,2027-03-27,26,3000
H076,2027-03-28,31,2650
H076,2027-03-29,28,2700
H076,2027-03-30,33,2650
H076,2027-03-31,24,2750
H077,2026-10-01,33,2200
H077,2026-10-02,25,2500
H077,2026-10-03,31,2450
H077,2026-10-04,33,2200
H077,2026-10-05,29,2250
H077,2026-10-06,29,2250
H077,2026-10-07,36,2200
H077,2026-10-08,33,2200
H077,2026-10-09,26,2500
H077,2026-10-10,30,2450
H077,2026-10-11,37,2150
H077,2026-10-12,25,2250
H077,2026-10-13,30,2250
H077,2026-10-14,28,2250
H077,2026-10-15,27,2250
H077,2026-10-16,21,2550
H077,2026-10-17,29,2450
H077,2026-10-18,28,2250
H077,2026-10-19,34,2200
H077,2026-10-20,36,2200
H077,2026-10-21,30,2250
H077,2026-10-22,29,2250
H077,2026-10-23,31,2450
H077,2026-10-24,22,2550
H077,2026-10-25,26,2250
H077,2026-10-26,26,2250
H077,2026-10-27,28,2250
H077,2026-10-28,29,2250
H077,2026-10-29,28,2250
H077,2026-10-30,22,2550
H077,2026-10-31,30,2450
H077,2026-11-01,32,2200
H077,2026-11-02,34,2200
H077,2026-11-03,31,2200
H077,2026-11-04,35,2200
H077,2026-11-05,37,2150
H077,2026-11-06,17,3000
H077,2026-11-07,20,2950
H077,2026-11-08,20,2750
H077,2026-11-09,20,2750
H077,2026-11-10,18,2750
H077,2026-11-11,28,2250
H077,2026-11-12,33,2200
H077,2026-11-13,21,2550
H077,2026-11-14,21,2550
H077,2026-11-15,33,2200
H077,2026-11-16,37,2150
H077,2026-11-17,35,2200
H077,2026-11-18,37,2200
H077,2026-11-19,28,2250
H077,2026-11-20,31,2450
H077,2026-11-21,31,2450
H077,2026-11-22,34,2200
H077,2026-11-23,27,2250
H077,2026-11-24,32,2200
H077,2026-11-25,28,2250
H077,2026-11-26,29,2250
H077,2026-11-27,22,2550
H077,2026-11-28,24,2500
H077,2026-11-29,29,2250
H077,2026-11-30,36,2200
H077,2026-12-01,24,2750
H077,2026-12-02,21,2750
H077,2026-12-03,22,2750
H077,2026-12-04,16,3050
H077,2026-12-05,19,3000
H077,2026-12-06,20,2750
H077,2026-12-07,25,2750
H077,2026-12-08,21,2750
H077,2026-12-09,20,2800
H077,2026-12-10,17,2800
H077,2026-12-11,9,3100
H077,2026-12-12,17,3050
H077,2026-12-13,14,2850
H077,2026-12-14,24,2750
H077,2026-12-15,17,2800
H077,2026-12-16,18,2800
H077,2026-12-17,18,2800
H077,2026-12-18,10,3100
H077,2026-12-19,12,3100
H077,2026-12-20,8,3300
H077,2026-12-21,2,3350
H077,2026-12-22,4,3300
H077,2026-12-23,11,3250
H077,2026-12-24,12,3250
H077,2026-12-25,4,3550
H077,2026-12-26,2,3550
H077,2026-12-27,7,3300
H077,2026-12-28,13,3250
H077,2026-12-29,4,3300
H077,2026-12-30,5,3300
H077,2026-12-31,14,3250
H077,2027-01-01,2,3550
H077,2027-01-02,3,3550
H077,2027-01-03,20,2800
H077,2027-01-04,15,2800
H077,2027-01-05,15,2800
H077,2027-01-06,22,2750
H077,2027-01-07,20,2750
H077,2027-01-08,17,3050
H077,2027-01-09,11,3100
H077,2027-01-10,15,2800
H077,2027-01-11,22,2750
H077,2027-01-12,24,2750
H077,2027-01-13,17,2800
H077,2027-01-14,14,2850
H077,2027-01-15,8,3100
H077,2027-01-16,9,3100
H077,2027-01-17,23,2750
H077,2027-01-18,17,2800
H077,2027-01-19,13,2850
H077,2027-01-20,21,2750
H077,2027-01-21,14,2800
H077,2027-01-22,13,3050
H077,2027-01-23,17,3050
H077,2027-01-24,23,2750
H077,2027-01-25,13,2850
H077,2027-01-26,18,2800
H077,2027-01-27,24,2750
H077,2027-01-28,15,2800
H077,2027-01-29,12,3100
H077,2027-01-30,8,3100
H077,2027-01-31,15,2800
H077,2027-02-01,33,2200
H077,2027-02-02,37,2150
H077,2027-02-03,29,2250
H077,2027-02-04,33,2200
H077,2027-02-05,25,2500
H077,2027-02-06,31,2450
H077,2027-02-07,28,2250
H077,2027-02-08,26,2250
H077,2027-02-09,37,2200
H077,2027-02-10,29,2250
H077,2027-02-11,27,2250
H077,2027-02-12,31,2450
H077,2027-02-13,25,2500
H077,2027-02-14,25,2250
H077,2027-02-15,34,2200
H077,2027-02-16,30,2250
H077,2027-02-17,31,2200
H077,2027-02-18,32,2200
H077,2027-02-19,32,2450
H077,2027-02-20,24,2500
H077,2027-02-21,37,2200
H077,2027-02-22,27,2250
H077,2027-02-23,32,2200
H077,2027-02-24,34,2200
H077,2027-02-25,27,2250
H077,2027-02-26,23,2500
H077,2027-02-27,29,2450
H077,2027-02-28,30,2250
H077,2027-03-01,34,2200
H077,2027-03-02,32,2200
H077,2027-03-03,35,2200
H077,2027-03-04,28,2250
H077,2027-03-05,28,2500
H077,2027-03-06,22,2550
H077,2027-03-07,34,2200
H077,2027-03-08,33,2200
H077,2027-03-09,33,2200
H077,2027-03-10,33,2200
H077,2027-03-11,36,2200
H077,2027-03-12,29,2450
H077,2027-03-13,20,2550
H077,2027-03-14,26,2250
H077,2027-03-15,30,2250
H077,2027-03-16,27,2250
H077,2027-03-17,37,2150
H077,2027-03-18,35,2200
H077,2027-03-19,27,2500
H077,2027-03-20,26,2500
H077,2027-03-21,30,2250
H077,2027-03-22,35,2200
H077,2027-03-23,32,2200
H077,2027-03-24,25,2250
H077,2027-03-25,37,2150
H077,2027-03-26,26,2500
H077,2027-03-27,22,2550
H077,2027-03-28,31,2200
H077,2027-03-29,37,2200
H077,2027-03-30,26,2250
H077,2027-03-31,32,2200
H078,2026-10-01,25,2150
H078,2026-10-02,21,2400
H078,2026-10-03,26,2350
H078,2026-10-04,27,2100
H078,2026-10-05,26,2150
H078,2026-10-06,30,2100
H078,2026-10-07,22,2150
H078,2026-10-08,22,2150
H078,2026-10-09,18,2400
H078,2026-10-10,18,2450
H078,2026-10-11,31,2100
H078,2026-10-12,27,2100
H078,2026-10-13,28,2100
H078,2026-10-14,23,2150
H078,2026-10-15,30,2100
H078,2026-10-16,25,2350
H078,2026-10-17,18,2450
H078,2026-10-18,26,2150
H078,2026-10-19,25,2150
H078,2026-10-20,27,2100
H078,2026-10-21,25,2150
H078,2026-10-22,22,2150
H078,2026-10-23,23,2400
H078,2026-10-24,17,2450
H078,2026-10-25,29,2100
H078,2026-10-26,31,2100
H078,2026-10-27,29,2100
H078,2026-10-28,31,2100
H078,2026-10-29,27,2100
H078,2026-10-30,18,2450
H078,2026-10-31,24,2350
H078,2026-11-01,23,2150
H078,2026-11-02,23,2150
H078,2026-11-03,30,2100
H078,2026-11-04,27,2100
H078,2026-11-05,31,2100
H078,2026-11-06,17,2850
H078,2026-11-07,13,2850
H078,2026-11-08,20,2600
H078,2026-11-09,22,2550
H078,2026-11-10,18,2600
H078,2026-11-11,23,2150
H078,2026-11-12,24,2150
H078,2026-11-13,20,2400
H078,2026-11-14,25,2350
H078,2026-11-15,23,2150
H078,2026-11-16,29,2100
H078,2026-11-17,22,2150
H078,2026-11-18,23,2150
H078,2026-11-19,26,2150
H078,2026-11-20,21,2400
H078,2026-11-21,18,2400
H078,2026-11-22,27,2100
H078,2026-11-23,24,2150
H078,2026-11-24,21,2150
H078,2026-11-25,29,2100
H078,2026-11-26,30,2100
H078,2026-11-27,18,2400
H078,2026-11-28,18,2450
H078,2026-11-29,27,2100
H078,2026-11-30,30,2100
H078,2026-12-01,18,2650
H078,2026-12-02,13,2700
H078,2026-12-03,13,2700
H078,2026-12-04,10,2950
H078,2026-12-05,11,2950
H078,2026-12-06,16,2650
H078,2026-12-07,13,2700
H078,2026-12-08,15,2650
H078,2026-12-09,12,2700
H078,2026-12-10,19,2650
H078,2026-12-11,11,2950
H078,2026-12-12,14,2900
H078,2026-12-13,16,2650
H078,2026-12-14,13,2700
H078,2026-12-15,12,2700
H078,2026-12-16,20,2650
H078,2026-12-17,18,2650
H078,2026-12-18,16,2900
H078,2026-12-19,11,2950
H078,2026-12-20,7,3150
H078,2026-12-21,10,3100
H078,2026-12-22,5,3150
H078,2026-12-23,2,3200
H078,2026-12-24,3,3200
H078,2026-12-25,2,3400
H078,2026-12-26,4,3400
H078,2026-12-27,3,3200
H078,2026-12-28,2,3200
H078,2026-12-29,4,3150
H078,2026-12-30,6,3150
H078,2026-12-31,11,3100
H078,2027-01-01,4,3400
H078,2027-01-02,6,3400
H078,2027-01-03,19,2650
H078,2027-01-04,11,2700
H078,2027-01-05,11,2700
H078,2027-01-06,17,2650
H078,2027-01-07,21,2600
H078,2027-01-08,10,2950
H078,2027-01-09,7,2950
H078,2027-01-10,20,2600
H078,2027-01-11,20,2600
H078,2027-01-12,15,2700
H078,2027-01-13,17,2650
H078,2027-01-14,14,2700
H078,2027-01-15,9,2950
H078,2027-01-16,14,2900
H078,2027-01-17,14,2700
H078,2027-01-18,19,2650
H078,2027-01-19,19,2650
H078,2027-01-20,16,2650
H078,2027-01-21,20,2650
H078,2027-01-22,11,2950
H078,2027-01-23,16,2900
H078,2027-01-24,18,2650
H078,2027-01-25,13,2700
H078,2027-01-26,14,2700
H078,2027-01-27,13,2700
H078,2027-01-28,12,2700
H078,2027-01-29,13,2900
H078,2027-01-30,12,2900
H078,2027-01-31,14,2700
H078,2027-02-01,22,2150
H078,2027-02-02,31,2100
H078,2027-02-03,27,2100
H078,2027-02-04,29,2100
H078,2027-02-05,25,2350
H078,2027-02-06,21,2400
H078,2027-02-07,26,2150
H078,2027-02-08,26,2150
H078,2027-02-09,29,2100
H078,2027-02-10,27,2100
H078,2027-02-11,22,2150
H078,2027-02-12,27,2350
H078,2027-02-13,22,2400
H078,2027-02-14,27,2100
H078,2027-02-15,29,2100
H078,2027-02-16,23,2150
H078,2027-02-17,22,2150
H078,2027-02-18,26,2100
H078,2027-02-19,22,2400
H078,2027-02-20,26,2350
H078,2027-02-21,27,2100
H078,2027-02-22,26,2150
H078,2027-02-23,27,2100
H078,2027-02-24,24,2150
H078,2027-02-25,25,2150
H078,2027-02-26,20,2400
H078,2027-02-27,20,2400
H078,2027-02-28,29,2100
H078,2027-03-01,27,2100
H078,2027-03-02,26,2150
H078,2027-03-03,22,2150
H078,2027-03-04,30,2100
H078,2027-03-05,17,2450
H078,2027-03-06,20,2400
H078,2027-03-07,22,2150
H078,2027-03-08,25,2150
H078,2027-03-09,28,2100
H078,2027-03-10,23,2150
H078,2027-03-11,25,2150
H078,2027-03-12,22,2400
H078,2027-03-13,24,2350
H078,2027-03-14,30,2100
H078,2027-03-15,31,2100
H078,2027-03-16,22,2150
H078,2027-03-17,22,2150
H078,2027-03-18,25,2150
H078,2027-03-19,23,2400
H078,2027-03-20,17,2450
H078,2027-03-21,22,2150
H078,2027-03-22,25,2150
H078,2027-03-23,28,2100
H078,2027-03-24,29,2100
H078,2027-03-25,22,2150
H078,2027-03-26,24,2350
H078,2027-03-27,22,2400
H078,2027-03-28,25,2150
H078,2027-03-29,27,2100
H078,2027-03-30,29,2100
H078,2027-03-31,24,2150
H079,2026-10-01,34,1650
H079,2026-10-02,32,1800
H079,2026-10-03,22,1900
H079,2026-10-04,28,1650
H079,2026-10-05,39,1600
H079,2026-10-06,35,1650
H079,2026-10-07,33,1650
H079,2026-10-08,32,1650
H079,2026-10-09,29,1850
H079,2026-10-10,22,1900
H079,2026-10-11,32,1650
H079,2026-10-12,38,1600
H079,2026-10-13,27,1700
H079,2026-10-14,32,1650
H079,2026-10-15,28,1650
H079,2026-10-16,29,1850
H079,2026-10-17,31,1800
H079,2026-10-18,29,1650
H079,2026-10-19,39,1600
H079,2026-10-20,31,1650
H079,2026-10-21,29,1650
H079,2026-10-22,39,1600
H079,2026-10-23,23,1850
H079,2026-10-24,29,1850
H079,2026-10-25,32,1650
H079,2026-10-26,27,1700
H079,2026-10-27,27,1700
H079,2026-10-28,37,1600
H079,2026-10-29,28,1650
H079,2026-10-30,27,1850
H079,2026-10-31,23,1850
H079,2026-11-01,33,1650
H079,2026-11-02,28,1650
H079,2026-11-03,27,1700
H079,2026-11-04,35,1650
H079,2026-11-05,38,1600
H079,2026-11-06,16,2200
H079,2026-11-07,20,2200
H079,2026-11-08,22,2000
H079,2026-11-09,20,2000
H079,2026-11-10,17,2050
H079,2026-11-11,32,1650
H079,2026-11-12,33,1650
H079,2026-11-13,22,1850
H079,2026-11-14,31,1850
H079,2026-11-15,38,1600
H079,2026-11-16,32,1650
H079,2026-11-17,31,1650
H079,2026-11-18,28,1650
H079,2026-11-19,33,1650
H079,2026-11-20,29,1850
H079,2026-11-21,29,1850
H079,2026-11-22,36,1650
H079,2026-11-23,39,1600
H079,2026-11-24,36,1600
H079,2026-11-25,36,1600
H079,2026-11-26,28,1650
H079,2026-11-27,31,1800
H079,2026-11-28,24,1850
H079,2026-11-29,36,1600
H079,2026-11-30,32,1650
H079,2026-12-01,22,2050
H079,2026-12-02,23,2050
H079,2026-12-03,14,2100
H079,2026-12-04,11,2300
H079,2026-12-05,15,2250
H079,2026-12-06,26,2050
H079,2026-12-07,18,2050
H079,2026-12-08,15,2100
H079,2026-12-09,24,2050
H079,2026-12-10,21,2050
H079,2026-12-11,10,2300
H079,2026-12-12,11,2300
H079,2026-12-13,17,2100
H079,2026-12-14,22,2050
H079,2026-12-15,22,2050
H079,2026-12-16,24,2050
H079,2026-12-17,20,2050
H079,2026-12-18,11,2300
H079,2026-12-19,9,2300
H079,2026-12-20,10,2400
H079,2026-12-21,9,2450
H079,2026-12-22,15,2400
H079,2026-12-23,3,2450
H079,2026-12-24,14,2400
H079,2026-12-25,4,2650
H079,2026-12-26,9,2600
H079,2026-12-27,6,2450
H079,2026-12-28,14,2400
H079,2026-12-29,2,2450
H079,2026-12-30,12,2400
H079,2026-12-31,4,2450
H079,2027-01-01,6,2600
H079,2027-01-02,3,2650
H079,2027-01-03,25,2050
H079,2027-01-04,26,2000
H079,2027-01-05,26,2050
H079,2027-01-06,14,2100
H079,2027-01-07,16,2100
H079,2027-01-08,20,2250
H079,2027-01-09,18,2250
H079,2027-01-10,24,2050
H079,2027-01-11,21,2050
H079,2027-01-12,24,2050
H079,2027-01-13,19,2050
H079,2027-01-14,23,2050
H079,2027-01-15,13,2250
H079,2027-01-16,11,2300
H079,2027-01-17,21,2050
H079,2027-01-18,26,2000
H079,2027-01-19,24,2050
H079,2027-01-20,20,2050
H079,2027-01-21,16,2100
H079,2027-01-22,12,2300
H079,2027-01-23,21,2200
H079,2027-01-24,16,2100
H079,2027-01-25,20,2050
H079,2027-01-26,23,2050
H079,2027-01-27,20,2050
H079,2027-01-28,15,2100
H079,2027-01-29,12,2300
H079,2027-01-30,20,2250
H079,2027-01-31,24,2050
H079,2027-02-01,27,1650
H079,2027-02-02,37,1600
H079,2027-02-03,32,1650
H079,2027-02-04,35,1650
H079,2027-02-05,22,1850
H079,2027-02-06,28,1850
H079,2027-02-07,33,1650
H079,2027-02-08,38,1600
H079,2027-02-09,34,1650
H079,2027-02-10,29,1650
H079,2027-02-11,34,1650
H079,2027-02-12,32,1800
H079,2027-02-13,29,1850
H079,2027-02-14,27,1700
H079,2027-02-15,32,1650
H079,2027-02-16,28,1650
H079,2027-02-17,35,1650
H079,2027-02-18,30,1650
H079,2027-02-19,25,1850
H079,2027-02-20,25,1850
H079,2027-02-21,29,1650
H079,2027-02-22,34,1650
H079,2027-02-23,34,1650
H079,2027-02-24,27,1700
H079,2027-02-25,35,1650
H079,2027-02-26,30,1850
H079,2027-02-27,23,1850
H079,2027-02-28,37,1600
H079,2027-03-01,32,1650
H079,2027-03-02,37,1600
H079,2027-03-03,29,1650
H079,2027-03-04,31,1650
H079,2027-03-05,23,1850
H079,2027-03-06,29,1850
H079,2027-03-07,39,1600
H079,2027-03-08,29,1650
H079,2027-03-09,37,1600
H079,2027-03-10,35,1650
H079,2027-03-11,35,1650
H079,2027-03-12,28,1850
H079,2027-03-13,24,1850
H079,2027-03-14,36,1600
H079,2027-03-15,34,1650
H079,2027-03-16,29,1650
H079,2027-03-17,39,1600
H079,2027-03-18,29,1650
H079,2027-03-19,30,1850
H079,2027-03-20,33,1800
H079,2027-03-21,33,1650
H079,2027-03-22,33,1650
H079,2027-03-23,29,1650
H079,2027-03-24,30,1650
H079,2027-03-25,33,1650
H079,2027-03-26,27,1850
H079,2027-03-27,23,1850
H079,2027-03-28,27,1700
H079,2027-03-29,30,1650
H079,2027-03-30,32,1650
H079,2027-03-31,36,1600
H080,2026-10-01,82,4900
H080,2026-10-02,72,5500
H080,2026-10-03,73,5500
H080,2026-10-04,76,4950
H080,2026-10-05,84,4900
H080,2026-10-06,95,4850
H080,2026-10-07,67,5050
H080,2026-10-08,76,4950
H080,2026-10-09,71,5500
H080,2026-10-10,67,5550
H080,2026-10-11,70,5000
H080,2026-10-12,96,4800
H080,2026-10-13,74,5000
H080,2026-10-14,86,4900
H080,2026-10-15,88,4900
H080,2026-10-16,60,5600
H080,2026-10-17,68,5550
H080,2026-10-18,87,4900
H080,2026-10-19,87,4900
H080,2026-10-20,68,5000
H080,2026-10-21,83,4900
H080,2026-10-22,83,4900
H080,2026-10-23,80,5450
H080,2026-10-24,77,5450
H080,2026-10-25,72,5000
H080,2026-10-26,86,4900
H080,2026-10-27,95,4800
H080,2026-10-28,79,4950
H080,2026-10-29,74,5000
H080,2026-10-30,54,5650
H080,2026-10-31,54,5650
H080,2026-11-01,74,5000
H080,2026-11-02,79,4950
H080,2026-11-03,87,4900
H080,2026-11-04,71,5000
H080,2026-11-05,76,4950
H080,2026-11-06,49,6600
H080,2026-11-07,34,6700
H080,2026-11-08,53,6050
H080,2026-11-09,54,6050
H080,2026-11-10,43,6100
H080,2026-11-11,86,4900
H080,2026-11-12,81,4950
H080,2026-11-13,67,5550
H080,2026-11-14,73,5500
H080,2026-11-15,74,5000
H080,2026-11-16,79,4950
H080,2026-11-17,85,4900
H080,2026-11-18,83,4900
H080,2026-11-19,68,5000
H080,2026-11-20,64,5550
H080,2026-11-21,71,5500
H080,2026-11-22,85,4900
H080,2026-11-23,88,4900
H080,2026-11-24,77,4950
H080,2026-11-25,74,5000
H080,2026-11-26,79,4950
H080,2026-11-27,64,5550
H080,2026-11-28,76,5450
H080,2026-11-29,87,4900
H080,2026-11-30,96,4800
H080,2026-12-01,44,6200
H080,2026-12-02,56,6150
H080,2026-12-03,35,6300
H080,2026-12-04,36,6800
H080,2026-12-05,46,6700
H080,2026-12-06,37,6250
H080,2026-12-07,58,6100
H080,2026-12-08,61,6100
H080,2026-12-09,38,6250
H080,2026-12-10,64,6050
H080,2026-12-11,42,6750
H080,2026-12-12,37,6750
H080,2026-12-13,42,6250
H080,2026-12-14,55,6150
H080,2026-12-15,51,6150
H080,2026-12-16,37,6250
H080,2026-12-17,61,6100
H080,2026-12-18,46,6700
H080,2026-12-19,23,6850
H080,2026-12-20,9,7400
H080,2026-12-21,10,7400
H080,2026-12-22,25,7250
H080,2026-12-23,30,7250
H080,2026-12-24,10,7350
H080,2026-12-25,4,7950
H080,2026-12-26,4,7950
H080,2026-12-27,23,7300
H080,2026-12-28,11,7350
H080,2026-12-29,36,7200
H080,2026-12-30,30,7250
H080,2026-12-31,25,7250
H080,2027-01-01,4,7950
H080,2027-01-02,19,7800
H080,2027-01-03,38,6250
H080,2027-01-04,40,6250
H080,2027-01-05,48,6200
H080,2027-01-06,51,6150
H080,2027-01-07,54,6150
H080,2027-01-08,21,6900
H080,2027-01-09,24,6850
H080,2027-01-10,38,6250
H080,2027-01-11,48,6200
H080,2027-01-12,46,6200
H080,2027-01-13,50,6150
H080,2027-01-14,54,6150
H080,2027-01-15,35,6800
H080,2027-01-16,39,6750
H080,2027-01-17,62,6100
H080,2027-01-18,40,6250
H080,2027-01-19,61,6100
H080,2027-01-20,53,6150
H080,2027-01-21,51,6150
H080,2027-01-22,21,6900
H080,2027-01-23,35,6800
H080,2027-01-24,39,6250
H080,2027-01-25,48,6200
H080,2027-01-26,53,6150
H080,2027-01-27,56,6100
H080,2027-01-28,62,6100
H080,2027-01-29,33,6800
H080,2027-01-30,33,6800
H080,2027-01-31,35,6250
H080,2027-02-01,96,4800
H080,2027-02-02,73,5000
H080,2027-02-03,76,4950
H080,2027-02-04,67,5050
H080,2027-02-05,61,5600
H080,2027-02-06,64,5550
H080,2027-02-07,92,4850
H080,2027-02-08,76,4950
H080,2027-02-09,75,4950
H080,2027-02-10,79,4950
H080,2027-02-11,94,4850
H080,2027-02-12,76,5450
H080,2027-02-13,64,5550
H080,2027-02-14,74,5000
H080,2027-02-15,95,4850
H080,2027-02-16,81,4950
H080,2027-02-17,66,5050
H080,2027-02-18,81,4900
H080,2027-02-19,55,5600
H080,2027-02-20,60,5600
H080,2027-02-21,74,5000
H080,2027-02-22,89,4850
H080,2027-02-23,79,4950
H080,2027-02-24,71,5000
H080,2027-02-25,96,4800
H080,2027-02-26,73,5500
H080,2027-02-27,60,5600
H080,2027-02-28,70,5000
H080,2027-03-01,74,5000
H080,2027-03-02,84,4900
H080,2027-03-03,79,4950
H080,2027-03-04,78,4950
H080,2027-03-05,69,5500
H080,2027-03-06,75,5500
H080,2027-03-07,88,4900
H080,2027-03-08,92,4850
H080,2027-03-09,80,4950
H080,2027-03-10,86,4900
H080,2027-03-11,69,5000
H080,2027-03-12,80,5450
H080,2027-03-13,72,5500
H080,2027-03-14,66,5050
H080,2027-03-15,71,5000
H080,2027-03-16,94,4850
H080,2027-03-17,95,4800
H080,2027-03-18,94,4850
H080,2027-03-19,72,5500
H080,2027-03-20,64,5550
H080,2027-03-21,66,5050
H080,2027-03-22,93,4850
H080,2027-03-23,86,4900
H080,2027-03-24,83,4900
H080,2027-03-25,93,4850
H080,2027-03-26,75,5500
H080,2027-03-27,55,5650
H080,2027-03-28,80,4950
H080,2027-03-29,95,4850
H080,2027-03-30,83,4900
H080,2027-03-31,93,4850
H081,2026-10-01,32,6750
H081,2026-10-02,24,7600
H081,2026-10-03,35,7400
H081,2026-10-04,30,6800
H081,2026-10-05,36,6650
H081,2026-10-06,35,6700
H081,2026-10-07,37,6650
H081,2026-10-08,41,6550
H081,2026-10-09,34,7400
H081,2026-10-10,36,7350
H081,2026-10-11,40,6550
H081,2026-10-12,32,6750
H081,2026-10-13,38,6600
H081,2026-10-14,34,6700
H081,2026-10-15,40,6600
H081,2026-10-16,30,7500
H081,2026-10-17,30,7500
H081,2026-10-18,42,6550
H081,2026-10-19,41,6550
H081,2026-10-20,32,6750
H081,2026-10-21,35,6700
H081,2026-10-22,29,6800
H081,2026-10-23,25,7600
H081,2026-10-24,25,7600
H081,2026-10-25,40,6600
H081,2026-10-26,39,6600
H081,2026-10-27,38,6650
H081,2026-10-28,29,6800
H081,2026-10-29,32,6750
H081,2026-10-30,36,7350
H081,2026-10-31,36,7350
H081,2026-11-01,30,6800
H081,2026-11-02,36,6650
H081,2026-11-03,31,6800
H081,2026-11-04,31,6800
H081,2026-11-05,42,6550
H081,2026-11-06,14,9100
H081,2026-11-07,23,8900
H081,2026-11-08,23,8200
H081,2026-11-09,29,8050
H081,2026-11-10,21,8250
H081,2026-11-11,36,6650
H081,2026-11-12,37,6650
H081,2026-11-13,36,7350
H081,2026-11-14,35,7350
H081,2026-11-15,34,6700
H081,2026-11-16,33,6750
H081,2026-11-17,41,6550
H081,2026-11-18,31,6750
H081,2026-11-19,42,6550
H081,2026-11-20,31,7450
H081,2026-11-21,31,7450
H081,2026-11-22,35,6650
H081,2026-11-23,31,6750
H081,2026-11-24,39,6600
H081,2026-11-25,31,6750
H081,2026-11-26,30,6800
H081,2026-11-27,25,7600
H081,2026-11-28,31,7450
H081,2026-11-29,32,6750
H081,2026-11-30,32,6750
H081,2026-12-01,19,8400
H081,2026-12-02,26,8250
H081,2026-12-03,21,8350
H081,2026-12-04,17,9150
H081,2026-12-05,10,9300
H081,2026-12-06,28,8250
H081,2026-12-07,25,8300
H081,2026-12-08,17,8450
H081,2026-12-09,24,8300
H081,2026-12-10,20,8400
H081,2026-12-11,9,9300
H081,2026-12-12,16,9200
H081,2026-12-13,19,8400
H081,2026-12-14,21,8350
H081,2026-12-15,20,8400
H081,2026-12-16,16,8500
H081,2026-12-17,19,8400
H081,2026-12-18,20,9100
H081,2026-12-19,21,9050
H081,2026-12-20,3,10000
H081,2026-12-21,14,9750
H081,2026-12-22,5,9950
H081,2026-12-23,16,9750
H081,2026-12-24,9,9900
H081,2026-12-25,9,10550
H081,2026-12-26,4,10700
H081,2026-12-27,12,9800
H081,2026-12-28,16,9750
H081,2026-12-29,3,10000
H081,2026-12-30,8,9900
H081,2026-12-31,5,9950
H081,2027-01-01,6,10650
H081,2027-01-02,10,10550
H081,2027-01-03,20,8400
H081,2027-01-04,22,8350
H081,2027-01-05,24,8300
H081,2027-01-06,29,8200
H081,2027-01-07,21,8350
H081,2027-01-08,14,9200
H081,2027-01-09,21,9050
H081,2027-01-10,26,8250
H081,2027-01-11,26,8250
H081,2027-01-12,27,8250
H081,2027-01-13,20,8400
H081,2027-01-14,21,8350
H081,2027-01-15,18,9150
H081,2027-01-16,14,9200
H081,2027-01-17,19,8400
H081,2027-01-18,17,8450
H081,2027-01-19,29,8200
H081,2027-01-20,17,8450
H081,2027-01-21,17,8450
H081,2027-01-22,11,9300
H081,2027-01-23,22,9050
H081,2027-01-24,19,8400
H081,2027-01-25,18,8450
H081,2027-01-26,27,8250
H081,2027-01-27,17,8450
H081,2027-01-28,19,8400
H081,2027-01-29,21,9050
H081,2027-01-30,16,9150
H081,2027-01-31,27,8250
H081,2027-02-01,39,6600
H081,2027-02-02,33,6750
H081,2027-02-03,40,6550
H081,2027-02-04,39,6600
H081,2027-02-05,29,7500
H081,2027-02-06,26,7550
H081,2027-02-07,40,6550
H081,2027-02-08,43,6500
H081,2027-02-09,39,6600
H081,2027-02-10,41,6550
H081,2027-02-11,35,6700
H081,2027-02-12,35,7400
H081,2027-02-13,35,7350
H081,2027-02-14,33,6750
H081,2027-02-15,40,6550
H081,2027-02-16,38,6600
H081,2027-02-17,31,6750
H081,2027-02-18,39,6600
H081,2027-02-19,24,7600
H081,2027-02-20,31,7450
H081,2027-02-21,33,6750
H081,2027-02-22,43,6500
H081,2027-02-23,40,6600
H081,2027-02-24,35,6700
H081,2027-02-25,35,6700
H081,2027-02-26,26,7600
H081,2027-02-27,33,7400
H081,2027-02-28,37,6650
H081,2027-03-01,41,6550
H081,2027-03-02,40,6600
H081,2027-03-03,41,6550
H081,2027-03-04,31,6800
H081,2027-03-05,30,7500
H081,2027-03-06,35,7400
H081,2027-03-07,30,6800
H081,2027-03-08,35,6700
H081,2027-03-09,36,6650
H081,2027-03-10,41,6550
H081,2027-03-11,38,6600
H081,2027-03-12,36,7350
H081,2027-03-13,36,7350
H081,2027-03-14,30,6800
H081,2027-03-15,38,6600
H081,2027-03-16,41,6550
H081,2027-03-17,43,6500
H081,2027-03-18,40,6600
H081,2027-03-19,23,7650
H081,2027-03-20,28,7550
H081,2027-03-21,34,6700
H081,2027-03-22,29,6800
H081,2027-03-23,36,6650
H081,2027-03-24,39,6600
H081,2027-03-25,38,6600
H081,2027-03-26,24,7650
H081,2027-03-27,31,7450
H081,2027-03-28,36,6650
H081,2027-03-29,30,6800
H081,2027-03-30,37,6650
H081,2027-03-31,33,6700
H082,2026-10-01,10,3050
H082,2026-10-02,10,3350
H082,2026-10-03,11,3300
H082,2026-10-04,13,2950
H082,2026-10-05,12,3000
H082,2026-10-06,14,2950
H082,2026-10-07,12,3000
H082,2026-10-08,12,3000
H082,2026-10-09,9,3400
H082,2026-10-10,10,3350
H082,2026-10-11,10,3050
H082,2026-10-12,14,2950
H082,2026-10-13,10,3050
H082,2026-10-14,11,3000
H082,2026-10-15,11,3050
H082,2026-10-16,11,3350
H082,2026-10-17,12,3300
H082,2026-10-18,14,2950
H082,2026-10-19,14,2950
H082,2026-10-20,13,2950
H082,2026-10-21,12,3000
H082,2026-10-22,11,3000
H082,2026-10-23,9,3400
H082,2026-10-24,8,3400
H082,2026-10-25,13,2950
H082,2026-10-26,12,3000
H082,2026-10-27,11,3000
H082,2026-10-28,11,3000
H082,2026-10-29,12,3000
H082,2026-10-30,10,3350
H082,2026-10-31,8,3400
H082,2026-11-01,12,3000
H082,2026-11-02,12,3000
H082,2026-11-03,10,3050
H082,2026-11-04,10,3050
H082,2026-11-05,14,2950
H082,2026-11-06,5,4050
H082,2026-11-07,7,4000
H082,2026-11-08,6,3750
H082,2026-11-09,8,3650
H082,2026-11-10,7,3700
H082,2026-11-11,12,3000
H082,2026-11-12,10,3050
H082,2026-11-13,11,3350
H082,2026-11-14,11,3350
H082,2026-11-15,11,3000
H082,2026-11-16,14,2950
H082,2026-11-17,11,3000
H082,2026-11-18,12,3000
H082,2026-11-19,10,3050
H082,2026-11-20,10,3350
H082,2026-11-21,8,3450
H082,2026-11-22,14,2950
H082,2026-11-23,13,2950
H082,2026-11-24,11,3050
H082,2026-11-25,10,3050
H082,2026-11-26,12,3000
H082,2026-11-27,10,3350
H082,2026-11-28,9,3400
H082,2026-11-29,11,3050
H082,2026-11-30,11,3000
H082,2026-12-01,13,2950
H082,2026-12-02,11,3000
H082,2026-12-03,11,3000
H082,2026-12-04,8,3450
H082,2026-12-05,9,3400
H082,2026-12-06,14,2950
H082,2026-12-07,10,3050
H082,2026-12-08,11,3000
H082,2026-12-09,11,3000
H082,2026-12-10,13,2950
H082,2026-12-11,11,3300
H082,2026-12-12,9,3400
H082,2026-12-13,13,2950
H082,2026-12-14,14,2950
H082,2026-12-15,12,3000
H082,2026-12-16,13,2950
H082,2026-12-17,14,2950
H082,2026-12-18,12,3300
H082,2026-12-19,11,3350
H082,2026-12-20,10,3600
H082,2026-12-21,8,3650
H082,2026-12-22,8,3650
H082,2026-12-23,6,3750
H082,2026-12-24,7,3700
H082,2026-12-25,6,4050
H082,2026-12-26,6,4050
H082,2026-12-27,7,3700
H082,2026-12-28,6,3700
H082,2026-12-29,9,3650
H082,2026-12-30,7,3700
H082,2026-12-31,8,3650
H082,2027-01-01,4,4100
H082,2027-01-02,4,4100
H082,2027-01-03,11,3000
H082,2027-01-04,11,3000
H082,2027-01-05,10,3050
H082,2027-01-06,12,3000
H082,2027-01-07,11,3050
H082,2027-01-08,12,3300
H082,2027-01-09,11,3350
H082,2027-01-10,12,3000
H082,2027-01-11,14,2950
H082,2027-01-12,13,3000
H082,2027-01-13,10,3050
H082,2027-01-14,11,3050
H082,2027-01-15,12,3300
H082,2027-01-16,11,3350
H082,2027-01-17,12,3000
H082,2027-01-18,14,2950
H082,2027-01-19,10,3050
H082,2027-01-20,12,3000
H082,2027-01-21,10,3050
H082,2027-01-22,9,3400
H082,2027-01-23,12,3300
H082,2027-01-24,12,3000
H082,2027-01-25,11,3000
H082,2027-01-26,10,3050
H082,2027-01-27,12,3000
H082,2027-01-28,13,2950
H082,2027-01-29,9,3400
H082,2027-01-30,8,3400
H082,2027-01-31,10,3050
H082,2027-02-01,11,3000
H082,2027-02-02,12,3000
H082,2027-02-03,12,3000
H082,2027-02-04,13,2950
H082,2027-02-05,11,3350
H082,2027-02-06,11,3350
H082,2027-02-07,10,3050
H082,2027-02-08,12,3000
H082,2027-02-09,14,2950
H082,2027-02-10,11,3000
H082,2027-02-11,13,2950
H082,2027-02-12,8,3450
H082,2027-02-13,11,3300
H082,2027-02-14,12,3000
H082,2027-02-15,11,3050
H082,2027-02-16,13,2950
H082,2027-02-17,10,3050
H082,2027-02-18,14,2950
H082,2027-02-19,8,3450
H082,2027-02-20,9,3400
H082,2027-02-21,13,2950
H082,2027-02-22,12,3000
H082,2027-02-23,11,3000
H082,2027-02-24,11,3000
H082,2027-02-25,10,3050
H082,2027-02-26,12,3300
H082,2027-02-27,11,3350
H082,2027-02-28,12,3000
H082,2027-03-01,11,3000
H082,2027-03-02,12,3000
H082,2027-03-03,11,3000
H082,2027-03-04,10,3050
H082,2027-03-05,12,3300
H082,2027-03-06,11,3350
H082,2027-03-07,14,2950
H082,2027-03-08,11,3000
H082,2027-03-09,10,3050
H082,2027-03-10,12,3000
H082,2027-03-11,10,3050
H082,2027-03-12,11,3350
H082,2027-03-13,8,3400
H082,2027-03-14,10,3050
H082,2027-03-15,10,3050
H082,2027-03-16,14,2950
H082,2027-03-17,12,3000
H082,2027-03-18,12,3000
H082,2027-03-19,12,3300
H082,2027-03-20,8,3400
H082,2027-03-21,14,2950
H082,2027-03-22,10,3050
H082,2027-03-23,12,3000
H082,2027-03-24,11,3050
H082,2027-03-25,14,2950
H082,2027-03-26,12,3300
H082,2027-03-27,9,3400
H082,2027-03-28,12,3000
H082,2027-03-29,10,3050
H082,2027-03-30,13,3000
H082,2027-03-31,14,2950
H083,2026-10-01,16,4600
H083,2026-10-02,13,5250
H083,2026-10-03,10,5300
H083,2026-10-04,18,4550
H083,2026-10-05,19,4550
H083,2026-10-06,14,4700
H083,2026-10-07,14,4700
H083,2026-10-08,16,4650
H083,2026-10-09,13,5200
H083,2026-10-10,12,5250
H083,2026-10-11,17,4600
H083,2026-10-12,17,4600
H083,2026-10-13,15,4700
H083,2026-10-14,18,4550
H083,2026-10-15,18,4550
H083,2026-10-16,16,5100
H083,2026-10-17,14,5200
H083,2026-10-18,17,4600
H083,2026-10-19,14,4700
H083,2026-10-20,16,4650
H083,2026-10-21,14,4700
H083,2026-10-22,14,4700
H083,2026-10-23,16,5100
H083,2026-10-24,13,5200
H083,2026-10-25,14,4700
H083,2026-10-26,16,4650
H083,2026-10-27,14,4700
H083,2026-10-28,19,4550
H083,2026-10-29,16,4650
H083,2026-10-30,11,5300
H083,2026-10-31,11,5300
H083,2026-11-01,18,4550
H083,2026-11-02,15,4650
H083,2026-11-03,14,4700
H083,2026-11-04,14,4700
H083,2026-11-05,15,4650
H083,2026-11-06,10,6200
H083,2026-11-07,6,6300
H083,2026-11-08,7,5800
H083,2026-11-09,11,5650
H083,2026-11-10,13,5600
H083,2026-11-11,15,4650
H083,2026-11-12,18,4600
H083,2026-11-13,16,5100
H083,2026-11-14,10,5300
H083,2026-11-15,14,4700
H083,2026-11-16,15,4650
H083,2026-11-17,13,4750
H083,2026-11-18,16,4650
H083,2026-11-19,13,4750
H083,2026-11-20,14,5200
H083,2026-11-21,16,5100
H083,2026-11-22,14,4700
H083,2026-11-23,14,4700
H083,2026-11-24,19,4550
H083,2026-11-25,14,4700
H083,2026-11-26,15,4650
H083,2026-11-27,13,5250
H083,2026-11-28,13,5250
H083,2026-11-29,13,4750
H083,2026-11-30,16,4650
H083,2026-12-01,15,4650
H083,2026-12-02,13,4750
H083,2026-12-03,15,4700
H083,2026-12-04,11,5300
H083,2026-12-05,14,5150
H083,2026-12-06,14,4700
H083,2026-12-07,15,4650
H083,2026-12-08,13,4750
H083,2026-12-09,15,4700
H083,2026-12-10,16,4650
H083,2026-12-11,11,5300
H083,2026-12-12,11,5300
H083,2026-12-13,15,4650
H083,2026-12-14,18,4550
H083,2026-12-15,16,4650
H083,2026-12-16,16,4600
H083,2026-12-17,18,4550
H083,2026-12-18,16,5100
H083,2026-12-19,13,5200
H083,2026-12-20,8,5750
H083,2026-12-21,11,5650
H083,2026-12-22,8,5750
H083,2026-12-23,9,5750
H083,2026-12-24,12,5650
H083,2026-12-25,8,6250
H083,2026-12-26,5,6350
H083,2026-12-27,12,5650
H083,2026-12-28,12,5600
H083,2026-12-29,10,5700
H083,2026-12-30,12,5650
H083,2026-12-31,13,5600
H083,2027-01-01,8,6250
H083,2027-01-02,7,6250
H083,2027-01-03,15,4650
H083,2027-01-04,17,4600
H083,2027-01-05,18,4550
H083,2027-01-06,16,4650
H083,2027-01-07,14,4700
H083,2027-01-08,12,5250
H083,2027-01-09,14,5200
H083,2027-01-10,13,4750
H083,2027-01-11,19,4550
H083,2027-01-12,15,4650
H083,2027-01-13,19,4550
H083,2027-01-14,18,4550
H083,2027-01-15,12,5250
H083,2027-01-16,16,5100
H083,2027-01-17,15,4650
H083,2027-01-18,14,4700
H083,2027-01-19,14,4700
H083,2027-01-20,15,4650
H083,2027-01-21,14,4700
H083,2027-01-22,12,5250
H083,2027-01-23,11,5300
H083,2027-01-24,17,4600
H083,2027-01-25,17,4600
H083,2027-01-26,17,4600
H083,2027-01-27,19,4550
H083,2027-01-28,14,4700
H083,2027-01-29,15,5150
H083,2027-01-30,14,5200
H083,2027-01-31,16,4650
H083,2027-02-01,14,4700
H083,2027-02-02,14,4700
H083,2027-02-03,13,4750
H083,2027-02-04,17,4600
H083,2027-02-05,11,5250
H083,2027-02-06,12,5250
H083,2027-02-07,15,4700
H083,2027-02-08,18,4600
H083,2027-02-09,14,4700
H083,2027-02-10,13,4750
H083,2027-02-11,14,4700
H083,2027-02-12,12,5250
H083,2027-02-13,13,5200
H083,2027-02-14,18,4550
H083,2027-02-15,16,4650
H083,2027-02-16,19,4550
H083,2027-02-17,18,4550
H083,2027-02-18,19,4550
H083,2027-02-19,12,5250
H083,2027-02-20,15,5150
H083,2027-02-21,15,4650
H083,2027-02-22,13,4700
H083,2027-02-23,16,4650
H083,2027-02-24,18,4550
H083,2027-02-25,18,4600
H083,2027-02-26,16,5100
H083,2027-02-27,16,5150
H083,2027-02-28,18,4550
H083,2027-03-01,17,4600
H083,2027-03-02,19,4550
H083,2027-03-03,19,4550
H083,2027-03-04,15,4700
H083,2027-03-05,11,5300
H083,2027-03-06,12,5250
H083,2027-03-07,18,4550
H083,2027-03-08,19,4550
H083,2027-03-09,17,4600
H083,2027-03-10,17,4600
H083,2027-03-11,15,4650
H083,2027-03-12,14,5200
H083,2027-03-13,15,5150
H083,2027-03-14,17,4600
H083,2027-03-15,13,4700
H083,2027-03-16,18,4550
H083,2027-03-17,15,4650
H083,2027-03-18,13,4750
H083,2027-03-19,10,5300
H083,2027-03-20,12,5250
H083,2027-03-21,13,4750
H083,2027-03-22,14,4700
H083,2027-03-23,16,4650
H083,2027-03-24,14,4700
H083,2027-03-25,19,4550
H083,2027-03-26,16,5150
H083,2027-03-27,13,5250
H083,2027-03-28,18,4550
H083,2027-03-29,19,4550
H083,2027-03-30,18,4550
H083,2027-03-31,15,4650
H084,2026-10-01,12,4700
H084,2026-10-02,7,5400
H084,2026-10-03,8,5350
H084,2026-10-04,11,4750
H084,2026-10-05,11,4750
H084,2026-10-06,9,4800
H084,2026-10-07,10,4750
H084,2026-10-08,9,4850
H084,2026-10-09,8,5350
H084,2026-10-10,11,5200
H084,2026-10-11,11,4700
H084,2026-10-12,11,4700
H084,2026-10-13,11,4750
H084,2026-10-14,11,4700
H084,2026-10-15,10,4750
H084,2026-10-16,8,5350
H084,2026-10-17,10,5250
H084,2026-10-18,11,4700
H084,2026-10-19,10,4800
H084,2026-10-20,12,4650
H084,2026-10-21,12,4700
H084,2026-10-22,11,4750
H084,2026-10-23,8,5350
H084,2026-10-24,10,5250
H084,2026-10-25,12,4700
H084,2026-10-26,12,4650
H084,2026-10-27,13,4650
H084,2026-10-28,12,4650
H084,2026-10-29,9,4800
H084,2026-10-30,8,5400
H084,2026-10-31,10,5300
H084,2026-11-01,13,4650
H084,2026-11-02,11,4750
H084,2026-11-03,11,4750
H084,2026-11-04,10,4750
H084,2026-11-05,12,4700
H084,2026-11-06,4,6500
H084,2026-11-07,7,6300
H084,2026-11-08,8,5750
H084,2026-11-09,9,5700
H084,2026-11-10,6,5850
H084,2026-11-11,12,4650
H084,2026-11-12,12,4650
H084,2026-11-13,11,5250
H084,2026-11-14,8,5400
H084,2026-11-15,13,4650
H084,2026-11-16,12,4650
H084,2026-11-17,12,4650
H084,2026-11-18,11,4700
H084,2026-11-19,12,4650
H084,2026-11-20,11,5250
H084,2026-11-21,8,5350
H084,2026-11-22,12,4650
H084,2026-11-23,13,4650
H084,2026-11-24,12,4650
H084,2026-11-25,12,4700
H084,2026-11-26,9,4800
H084,2026-11-27,7,5450
H084,2026-11-28,10,5300
H084,2026-11-29,11,4700
H084,2026-11-30,11,4700
H084,2026-12-01,11,4700
H084,2026-12-02,13,4650
H084,2026-12-03,12,4700
H084,2026-12-04,7,5450
H084,2026-12-05,10,5300
H084,2026-12-06,12,4650
H084,2026-12-07,13,4650
H084,2026-12-08,10,4750
H084,2026-12-09,10,4800
H084,2026-12-10,10,4800
H084,2026-12-11,8,5400
H084,2026-12-12,10,5300
H084,2026-12-13,12,4650
H084,2026-12-14,10,4800
H084,2026-12-15,12,4650
H084,2026-12-16,11,4750
H084,2026-12-17,10,4800
H084,2026-12-18,11,5200
H084,2026-12-19,10,5250
H084,2026-12-20,6,5850
H084,2026-12-21,6,5850
H084,2026-12-22,9,5750
H084,2026-12-23,8,5750
H084,2026-12-24,8,5750
H084,2026-12-25,7,6300
H084,2026-12-26,7,6300
H084,2026-12-27,9,5750
H084,2026-12-28,9,5750
H084,2026-12-29,9,5700
H084,2026-12-30,9,5700
H084,2026-12-31,9,5750
H084,2027-01-01,3,6500
H084,2027-01-02,4,6450
H084,2027-01-03,10,4800
H084,2027-01-04,12,4700
H084,2027-01-05,12,4650
H084,2027-01-06,12,4700
H084,2027-01-07,10,4800
H084,2027-01-08,9,5300
H084,2027-01-09,11,5250
H084,2027-01-10,9,4800
H084,2027-01-11,9,4850
H084,2027-01-12,12,4650
H084,2027-01-13,10,4750
H084,2027-01-14,10,4800
H084,2027-01-15,9,5350
H084,2027-01-16,10,5250
H084,2027-01-17,11,4750
H084,2027-01-18,9,4800
H084,2027-01-19,12,4650
H084,2027-01-20,10,4750
H084,2027-01-21,10,4750
H084,2027-01-22,10,5250
H084,2027-01-23,8,5350
H084,2027-01-24,11,4700
H084,2027-01-25,12,4650
H084,2027-01-26,12,4700
H084,2027-01-27,12,4650
H084,2027-01-28,13,4650
H084,2027-01-29,7,5450
H084,2027-01-30,11,5200
H084,2027-01-31,10,4800
H084,2027-02-01,11,4750
H084,2027-02-02,12,4650
H084,2027-02-03,9,4850
H084,2027-02-04,12,4700
H084,2027-02-05,9,5300
H084,2027-02-06,8,5400
H084,2027-02-07,11,4700
H084,2027-02-08,11,4700
H084,2027-02-09,11,4750
H084,2027-02-10,12,4650
H084,2027-02-11,11,4700
H084,2027-02-12,8,5400
H084,2027-02-13,11,5200
H084,2027-02-14,12,4700
H084,2027-02-15,9,4800
H084,2027-02-16,10,4750
H084,2027-02-17,13,4650
H084,2027-02-18,10,4800
H084,2027-02-19,11,5200
H084,2027-02-20,9,5350
H084,2027-02-21,9,4800
H084,2027-02-22,11,4700
H084,2027-02-23,11,4750
H084,2027-02-24,10,4750
H084,2027-02-25,12,4650
H084,2027-02-26,11,5200
H084,2027-02-27,7,5400
H084,2027-02-28,10,4750
H084,2027-03-01,10,4750
H084,2027-03-02,12,4700
H084,2027-03-03,12,4700
H084,2027-03-04,10,4750
H084,2027-03-05,10,5250
H084,2027-03-06,10,5250
H084,2027-03-07,10,4800
H084,2027-03-08,13,4650
H084,2027-03-09,13,4650
H084,2027-03-10,12,4700
H084,2027-03-11,12,4700
H084,2027-03-12,11,5250
H084,2027-03-13,11,5200
H084,2027-03-14,11,4700
H084,2027-03-15,12,4650
H084,2027-03-16,12,4700
H084,2027-03-17,11,4750
H084,2027-03-18,9,4800
H084,2027-03-19,10,5250
H084,2027-03-20,9,5300
H084,2027-03-21,11,4750
H084,2027-03-22,12,4650
H084,2027-03-23,12,4700
H084,2027-03-24,10,4800
H084,2027-03-25,10,4800
H084,2027-03-26,9,5350
H084,2027-03-27,8,5350
H084,2027-03-28,11,4750
H084,2027-03-29,13,4650
H084,2027-03-30,11,4700
H084,2027-03-31,11,4700
H085,2026-10-01,21,9850
H085,2026-10-02,23,10800
H085,2026-10-03,16,11150
H085,2026-10-04,24,9700
H085,2026-10-05,20,9950
H085,2026-10-06,23,9750
H085,2026-10-07,23,9750
H085,2026-10-08,26,9600
H085,2026-10-09,23,10800
H085,2026-10-10,23,10800
H085,2026-10-11,24,9750
H085,2026-10-12,24,9750
H085,2026-10-13,20,9950
H085,2026-10-14,25,9700
H085,2026-10-15,23,9750
H085,2026-10-16,21,10900
H085,2026-10-17,19,10950
H085,2026-10-18,20,9900
H085,2026-10-19,19,9950
H085,2026-10-20,24,9700
H085,2026-10-21,27,9550
H085,2026-10-22,25,9650
H085,2026-10-23,22,10800
H085,2026-10-24,21,10850
H085,2026-10-25,24,9750
H085,2026-10-26,26,9650
H085,2026-10-27,27,9600
H085,2026-10-28,22,9800
H085,2026-10-29,27,9600
H085,2026-10-30,20,10900
H085,2026-10-31,17,11050
H085,2026-11-01,26,9600
H085,2026-11-02,23,9800
H085,2026-11-03,23,9800
H085,2026-11-04,19,9950
H085,2026-11-05,21,9900
H085,2026-11-06,8,13350
H085,2026-11-07,12,13150
H085,2026-11-08,16,11950
H085,2026-11-09,19,11800
H085,2026-11-10,14,12050
H085,2026-11-11,23,9800
H085,2026-11-12,28,9550
H085,2026-11-13,15,11200
H085,2026-11-14,22,10850
H085,2026-11-15,27,9600
H085,2026-11-16,23,9750
H085,2026-11-17,25,9700
H085,2026-11-18,20,9900
H085,2026-11-19,19,9950
H085,2026-11-20,16,11100
H085,2026-11-21,21,10850
H085,2026-11-22,20,9900
H085,2026-11-23,24,9700
H085,2026-11-24,26,9600
H085,2026-11-25,20,9900
H085,2026-11-26,24,9700
H085,2026-11-27,18,11050
H085,2026-11-28,23,10800
H085,2026-11-29,24,9700
H085,2026-11-30,22,9850
H085,2026-12-01,24,9750
H085,2026-12-02,23,9800
H085,2026-12-03,23,9750
H085,2026-12-04,23,10800
H085,2026-12-05,22,10800
H085,2026-12-06,25,9700
H085,2026-12-07,25,9700
H085,2026-12-08,26,9650
H085,2026-12-09,20,9900
H085,2026-12-10,21,9900
H085,2026-12-11,24,10750
H085,2026-12-12,19,10950
H085,2026-12-13,25,9650
H085,2026-12-14,23,9750
H085,2026-12-15,27,9550
H085,2026-12-16,22,9850
H085,2026-12-17,21,9900
H085,2026-12-18,16,11150
H085,2026-12-19,19,11000
H085,2026-12-20,14,12000
H085,2026-12-21,19,11800
H085,2026-12-22,20,11750
H085,2026-12-23,12,12150
H085,2026-12-24,18,11850
H085,2026-12-25,11,13200
H085,2026-12-26,9,13300
H085,2026-12-27,17,11850
H085,2026-12-28,16,11900
H085,2026-12-29,14,12050
H085,2026-12-30,19,11800
H085,2026-12-31,17,11900
H085,2027-01-01,14,13050
H085,2027-01-02,8,13300
H085,2027-01-03,24,9750
H085,2027-01-04,21,9850
H085,2027-01-05,23,9750
H085,2027-01-06,25,9650
H085,2027-01-07,28,9550
H085,2027-01-08,17,11050
H085,2027-01-09,16,11100
H085,2027-01-10,20,9900
H085,2027-01-11,26,9600
H085,2027-01-12,21,9900
H085,2027-01-13,20,9900
H085,2027-01-14,26,9650
H085,2027-01-15,18,11000
H085,2027-01-16,23,10800
H085,2027-01-17,24,9750
H085,2027-01-18,22,9800
H085,2027-01-19,20,9900
H085,2027-01-20,20,9900
H085,2027-01-21,27,9600
H085,2027-01-22,17,11050
H085,2027-01-23,15,11200
H085,2027-01-24,19,9950
H085,2027-01-25,26,9600
H085,2027-01-26,27,9550
H085,2027-01-27,21,9850
H085,2027-01-28,24,9700
H085,2027-01-29,15,11200
H085,2027-01-30,19,11000
H085,2027-01-31,23,9800
H085,2027-02-01,19,9950
H085,2027-02-02,22,9850
H085,2027-02-03,27,9550
H085,2027-02-04,26,9650
H085,2027-02-05,22,10850
H085,2027-02-06,23,10800
H085,2027-02-07,21,9900
H085,2027-02-08,27,9550
H085,2027-02-09,24,9700
H085,2027-02-10,21,9850
H085,2027-02-11,22,9850
H085,2027-02-12,22,10850
H085,2027-02-13,18,11050
H085,2027-02-14,19,9950
H085,2027-02-15,26,9600
H085,2027-02-16,25,9650
H085,2027-02-17,24,9700
H085,2027-02-18,25,9700
H085,2027-02-19,17,11100
H085,2027-02-20,17,11100
H085,2027-02-21,21,9850
H085,2027-02-22,20,9900
H085,2027-02-23,24,9700
H085,2027-02-24,24,9750
H085,2027-02-25,25,9650
H085,2027-02-26,20,10900
H085,2027-02-27,20,10900
H085,2027-02-28,26,9600
H085,2027-03-01,23,9750
H085,2027-03-02,22,9850
H085,2027-03-03,24,9700
H085,2027-03-04,26,9600
H085,2027-03-05,22,10850
H085,2027-03-06,21,10900
H085,2027-03-07,25,9650
H085,2027-03-08,26,9650
H085,2027-03-09,20,9900
H085,2027-03-10,26,9600
H085,2027-03-11,21,9900
H085,2027-03-12,18,11050
H085,2027-03-13,15,11200
H085,2027-03-14,23,9750
H085,2027-03-15,20,9900
H085,2027-03-16,26,9650
H085,2027-03-17,21,9850
H085,2027-03-18,20,9950
H085,2027-03-19,16,11100
H085,2027-03-20,21,10850
H085,2027-03-21,21,9850
H085,2027-03-22,20,9950
H085,2027-03-23,27,9600
H085,2027-03-24,27,9550
H085,2027-03-25,25,9700
H085,2027-03-26,22,10850
H085,2027-03-27,23,10750
H085,2027-03-28,23,9750
H085,2027-03-29,19,9950
H085,2027-03-30,26,9600
H085,2027-03-31,21,9900
H086,2026-10-01,47,9800
H086,2026-10-02,44,10950
H086,2026-10-03,38,11100
H086,2026-10-04,49,9800
H086,2026-10-05,54,9650
H086,2026-10-06,52,9700
H086,2026-10-07,53,9650
H086,2026-10-08,52,9700
H086,2026-10-09,39,11050
H086,2026-10-10,35,11150
H086,2026-10-11,54,9650
H086,2026-10-12,50,9750
H086,2026-10-13,47,9850
H086,2026-10-14,48,9800
H086,2026-10-15,44,9900
H086,2026-10-16,41,11000
H086,2026-10-17,45,10900
H086,2026-10-18,55,9650
H086,2026-10-19,51,9700
H086,2026-10-20,49,9800
H086,2026-10-21,42,9950
H086,2026-10-22,51,9700
H086,2026-10-23,45,10900
H086,2026-10-24,39,11050
H086,2026-10-25,54,9650
H086,2026-10-26,47,9800
H086,2026-10-27,53,9650
H086,2026-10-28,54,9650
H086,2026-10-29,43,9950
H086,2026-10-30,31,11250
H086,2026-10-31,47,10850
H086,2026-11-01,54,9650
H086,2026-11-02,39,10000
H086,2026-11-03,52,9700
H086,2026-11-04,40,10000
H086,2026-11-05,47,9850
H086,2026-11-06,30,13100
H086,2026-11-07,21,13350
H086,2026-11-08,25,12200
H086,2026-11-09,24,12250
H086,2026-11-10,24,12250
H086,2026-11-11,51,9750
H086,2026-11-12,46,9850
H086,2026-11-13,44,10900
H086,2026-11-14,40,11050
H086,2026-11-15,39,10050
H086,2026-11-16,44,9900
H086,2026-11-17,55,9650
H086,2026-11-18,52,9700
H086,2026-11-19,37,10050
H086,2026-11-20,44,10950
H086,2026-11-21,36,11150
H086,2026-11-22,39,10050
H086,2026-11-23,47,9800
H086,2026-11-24,47,9850
H086,2026-11-25,41,10000
H086,2026-11-26,40,10000
H086,2026-11-27,32,11250
H086,2026-11-28,43,10950
H086,2026-11-29,43,9950
H086,2026-11-30,46,9850
H086,2026-12-01,53,9700
H086,2026-12-02,44,9900
H086,2026-12-03,50,9750
H086,2026-12-04,30,11300
H086,2026-12-05,32,11250
H086,2026-12-06,53,9700
H086,2026-12-07,45,9900
H086,2026-12-08,52,9700
H086,2026-12-09,44,9900
H086,2026-12-10,37,10050
H086,2026-12-11,31,11250
H086,2026-12-12,35,11150
H086,2026-12-13,49,9800
H086,2026-12-14,44,9900
H086,2026-12-15,51,9750
H086,2026-12-16,41,10000
H086,2026-12-17,48,9800
H086,2026-12-18,31,11250
H086,2026-12-19,33,11200
H086,2026-12-20,28,12150
H086,2026-12-21,27,12150
H086,2026-12-22,21,12300
H086,2026-12-23,27,12200
H086,2026-12-24,34,12000
H086,2026-12-25,15,13500
H086,2026-12-26,18,13450
H086,2026-12-27,32,12050
H086,2026-12-28,34,12000
H086,2026-12-29,36,11950
H086,2026-12-30,33,12050
H086,2026-12-31,22,12300
H086,2027-01-01,23,13300
H086,2027-01-02,23,13300
H086,2027-01-03,48,9800
H086,2027-01-04,42,9950
H086,2027-01-05,46,9850
H086,2027-01-06,49,9800
H086,2027-01-07,48,9800
H086,2027-01-08,36,11150
H086,2027-01-09,36,11100
H086,2027-01-10,52,9700
H086,2027-01-11,43,9950
H086,2027-01-12,47,9850
H086,2027-01-13,54,9650
H086,2027-01-14,38,10050
H086,2027-01-15,32,11200
H086,2027-01-16,38,11100
H086,2027-01-17,38,10050
H086,2027-01-18,44,9900
H086,2027-01-19,40,10000
H086,2027-01-20,54,9650
H086,2027-01-21,42,9950
H086,2027-01-22,40,11050
H086,2027-01-23,43,10950
H086,2027-01-24,45,9900
H086,2027-01-25,41,10000
H086,2027-01-26,42,9950
H086,2027-01-27,44,9900
H086,2027-01-28,48,9800
H086,2027-01-29,34,11200
H086,2027-01-30,32,11250
H086,2027-01-31,48,9800
H086,2027-02-01,47,9850
H086,2027-02-02,54,9650
H086,2027-02-03,46,9850
H086,2027-02-04,53,9650
H086,2027-02-05,30,11250
H086,2027-02-06,34,11200
H086,2027-02-07,54,9650
H086,2027-02-08,39,10050
H086,2027-02-09,54,9650
H086,2027-02-10,52,9700
H086,2027-02-11,43,9900
H086,2027-02-12,42,10950
H086,2027-02-13,45,10900
H086,2027-02-14,51,9750
H086,2027-02-15,53,9700
H086,2027-02-16,49,9800
H086,2027-02-17,51,9750
H086,2027-02-18,53,9650
H086,2027-02-19,45,10900
H086,2027-02-20,45,10900
H086,2027-02-21,49,9800
H086,2027-02-22,52,9700
H086,2027-02-23,53,9700
H086,2027-02-24,47,9850
H086,2027-02-25,51,9700
H086,2027-02-26,39,11050
H086,2027-02-27,35,11150
H086,2027-02-28,49,9750
H086,2027-03-01,38,10050
H086,2027-03-02,41,10000
H086,2027-03-03,44,9900
H086,2027-03-04,54,9650
H086,2027-03-05,36,11100
H086,2027-03-06,44,10900
H086,2027-03-07,51,9700
H086,2027-03-08,48,9800
H086,2027-03-09,52,9700
H086,2027-03-10,39,10050
H086,2027-03-11,39,10050
H086,2027-03-12,34,11200
H086,2027-03-13,42,11000
H086,2027-03-14,52,9700
H086,2027-03-15,44,9900
H086,2027-03-16,43,9950
H086,2027-03-17,44,9900
H086,2027-03-18,44,9900
H086,2027-03-19,38,11100
H086,2027-03-20,40,11050
H086,2027-03-21,45,9900
H086,2027-03-22,48,9800
H086,2027-03-23,37,10100
H086,2027-03-24,50,9750
H086,2027-03-25,43,9950
H086,2027-03-26,41,11000
H086,2027-03-27,40,11000
H086,2027-03-28,44,9900
H086,2027-03-29,55,9650
H086,2027-03-30,49,9800
H086,2027-03-31,53,9700
H087,2026-10-01,35,10750
H087,2026-10-02,30,12000
H087,2026-10-03,35,11850
H087,2026-10-04,40,10600
H087,2026-10-05,37,10700
H087,2026-10-06,47,10400
H087,2026-10-07,36,10750
H087,2026-10-08,43,10550
H087,2026-10-09,35,11850
H087,2026-10-10,42,11650
H087,2026-10-11,38,10650
H087,2026-10-12,46,10400
H087,2026-10-13,39,10650
H087,2026-10-14,42,10550
H087,2026-10-15,36,10700
H087,2026-10-16,41,11650
H087,2026-10-17,35,11850
H087,2026-10-18,45,10450
H087,2026-10-19,35,10750
H087,2026-10-20,49,10350
H087,2026-10-21,42,10550
H087,2026-10-22,42,10550
H087,2026-10-23,38,11750
H087,2026-10-24,37,11800
H087,2026-10-25,46,10450
H087,2026-10-26,38,10650
H087,2026-10-27,43,10500
H087,2026-10-28,47,10400
H087,2026-10-29,46,10450
H087,2026-10-30,28,12050
H087,2026-10-31,40,11700
H087,2026-11-01,38,10650
H087,2026-11-02,48,10350
H087,2026-11-03,49,10350
H087,2026-11-04,39,10650
H087,2026-11-05,45,10450
H087,2026-11-06,13,14450
H087,2026-11-07,17,14300
H087,2026-11-08,28,12950
H087,2026-11-09,22,13100
H087,2026-11-10,22,13100
H087,2026-11-11,35,10750
H087,2026-11-12,50,10300
H087,2026-11-13,42,11650
H087,2026-11-14,38,11750
H087,2026-11-15,35,10750
H087,2026-11-16,42,10550
H087,2026-11-17,46,10450
H087,2026-11-18,35,10750
H087,2026-11-19,39,10650
H087,2026-11-20,30,12000
H087,2026-11-21,31,11950
H087,2026-11-22,43,10550
H087,2026-11-23,41,10600
H087,2026-11-24,36,10700
H087,2026-11-25,40,10600
H087,2026-11-26,39,10650
H087,2026-11-27,32,11900
H087,2026-11-28,38,11750
H087,2026-11-29,48,10350
H087,2026-11-30,49,10350
H087,2026-12-01,50,10300
H087,2026-12-02,42,10550
H087,2026-12-03,35,10750
H087,2026-12-04,42,11650
H087,2026-12-05,37,11800
H087,2026-12-06,41,10600
H087,2026-12-07,49,10350
H087,2026-12-08,35,10750
H087,2026-12-09,49,10350
H087,2026-12-10,36,10700
H087,2026-12-11,36,11800
H087,2026-12-12,42,11650
H087,2026-12-13,35,10750
H087,2026-12-14,45,10450
H087,2026-12-15,45,10450
H087,2026-12-16,42,10550
H087,2026-12-17,42,10550
H087,2026-12-18,40,11700
H087,2026-12-19,34,11850
H087,2026-12-20,29,12900
H087,2026-12-21,30,12850
H087,2026-12-22,32,12800
H087,2026-12-23,35,12700
H087,2026-12-24,24,13050
H087,2026-12-25,28,14000
H087,2026-12-26,22,14200
H087,2026-12-27,22,13100
H087,2026-12-28,24,13050
H087,2026-12-29,21,13150
H087,2026-12-30,35,12700
H087,2026-12-31,22,13100
H087,2027-01-01,13,14450
H087,2027-01-02,22,14200
H087,2027-01-03,45,10450
H087,2027-01-04,40,10600
H087,2027-01-05,35,10750
H087,2027-01-06,43,10500
H087,2027-01-07,39,10650
H087,2027-01-08,36,11800
H087,2027-01-09,43,11600
H087,2027-01-10,49,10350
H087,2027-01-11,42,10550
H087,2027-01-12,44,10500
H087,2027-01-13,49,10350
H087,2027-01-14,35,10750
H087,2027-01-15,31,11950
H087,2027-01-16,38,11750
H087,2027-01-17,39,10650
H087,2027-01-18,35,10750
H087,2027-01-19,39,10650
H087,2027-01-20,51,10300
H087,2027-01-21,49,10350
H087,2027-01-22,30,12000
H087,2027-01-23,34,11850
H087,2027-01-24,35,10750
H087,2027-01-25,38,10650
H087,2027-01-26,42,10550
H087,2027-01-27,38,10650
H087,2027-01-28,48,10400
H087,2027-01-29,27,12050
H087,2027-01-30,38,11750
H087,2027-01-31,36,10750
H087,2027-02-01,50,10300
H087,2027-02-02,46,10450
H087,2027-02-03,35,10750
H087,2027-02-04,46,10450
H087,2027-02-05,33,11900
H087,2027-02-06,36,11850
H087,2027-02-07,44,10500
H087,2027-02-08,41,10600
H087,2027-02-09,38,10650
H087,2027-02-10,43,10500
H087,2027-02-11,47,10400
H087,2027-02-12,28,12050
H087,2027-02-13,27,12050
H087,2027-02-14,45,10450
H087,2027-02-15,41,10600
H087,2027-02-16,45,10450
H087,2027-02-17,48,10350
H087,2027-02-18,39,10650
H087,2027-02-19,28,12050
H087,2027-02-20,34,11850
H087,2027-02-21,40,10600
H087,2027-02-22,48,10350
H087,2027-02-23,37,10700
H087,2027-02-24,35,10750
H087,2027-02-25,40,10600
H087,2027-02-26,29,12000
H087,2027-02-27,31,11950
H087,2027-02-28,49,10350
H087,2027-03-01,38,10650
H087,2027-03-02,42,10550
H087,2027-03-03,48,10400
H087,2027-03-04,38,10650
H087,2027-03-05,37,11800
H087,2027-03-06,29,12050
H087,2027-03-07,46,10450
H087,2027-03-08,46,10450
H087,2027-03-09,51,10300
H087,2027-03-10,48,10400
H087,2027-03-11,37,10700
H087,2027-03-12,29,12000
H087,2027-03-13,41,11650
H087,2027-03-14,49,10350
H087,2027-03-15,41,10600
H087,2027-03-16,39,10650
H087,2027-03-17,47,10400
H087,2027-03-18,39,10650
H087,2027-03-19,42,11650
H087,2027-03-20,29,12050
H087,2027-03-21,37,10700
H087,2027-03-22,38,10650
H087,2027-03-23,49,10350
H087,2027-03-24,41,10550
H087,2027-03-25,51,10300
H087,2027-03-26,37,11800
H087,2027-03-27,29,12050
H087,2027-03-28,36,10700
H087,2027-03-29,51,10300
H087,2027-03-30,38,10650
H087,2027-03-31,48,10350
H088,2026-10-01,42,8750
H088,2026-10-02,30,10000
H088,2026-10-03,31,9950
H088,2026-10-04,34,8950
H088,2026-10-05,45,8700
H088,2026-10-06,45,8700
H088,2026-10-07,35,8950
H088,2026-10-08,39,8850
H088,2026-10-09,33,9900
H088,2026-10-10,26,10050
H088,2026-10-11,40,8800
H088,2026-10-12,48,8600
H088,2026-10-13,40,8800
H088,2026-10-14,38,8850
H088,2026-10-15,39,8800
H088,2026-10-16,30,9950
H088,2026-10-17,29,10000
H088,2026-10-18,46,8650
H088,2026-10-19,33,9000
H088,2026-10-20,37,8850
H088,2026-10-21,33,9000
H088,2026-10-22,48,8600
H088,2026-10-23,27,10050
H088,2026-10-24,30,10000
H088,2026-10-25,48,8600
H088,2026-10-26,33,8950
H088,2026-10-27,40,8800
H088,2026-10-28,35,8950
H088,2026-10-29,39,8850
H088,2026-10-30,26,10050
H088,2026-10-31,38,9750
H088,2026-11-01,36,8900
H088,2026-11-02,38,8850
H088,2026-11-03,42,8750
H088,2026-11-04,45,8700
H088,2026-11-05,48,8600
H088,2026-11-06,16,11950
H088,2026-11-07,23,11800
H088,2026-11-08,23,10900
H088,2026-11-09,23,10900
H088,2026-11-10,31,10650
H088,2026-11-11,38,8850
H088,2026-11-12,36,8900
H088,2026-11-13,36,9850
H088,2026-11-14,27,10050
H088,2026-11-15,35,8950
H088,2026-11-16,47,8600
H088,2026-11-17,41,8750
H088,2026-11-18,41,8800
H088,2026-11-19,39,8850
H088,2026-11-20,33,9900
H088,2026-11-21,37,9800
H088,2026-11-22,33,9000
H088,2026-11-23,42,8750
H088,2026-11-24,41,8800
H088,2026-11-25,40,8800
H088,2026-11-26,46,8650
H088,2026-11-27,31,9950
H088,2026-11-28,27,10050
H088,2026-11-29,45,8650
H088,2026-11-30,37,8900
H088,2026-12-01,40,8800
H088,2026-12-02,35,8950
H088,2026-12-03,35,8900
H088,2026-12-04,37,9800
H088,2026-12-05,33,9900
H088,2026-12-06,33,9000
H088,2026-12-07,35,8900
H088,2026-12-08,38,8850
H088,2026-12-09,42,8750
H088,2026-12-10,36,8900
H088,2026-12-11,26,10100
H088,2026-12-12,40,9700
H088,2026-12-13,46,8650
H088,2026-12-14,47,8600
H088,2026-12-15,34,8950
H088,2026-12-16,36,8900
H088,2026-12-17,45,8700
H088,2026-12-18,32,9950
H088,2026-12-19,32,9900
H088,2026-12-20,23,10900
H088,2026-12-21,28,10750
H088,2026-12-22,33,10600
H088,2026-12-23,21,10950
H088,2026-12-24,19,11000
H088,2026-12-25,25,11750
H088,2026-12-26,18,11900
H088,2026-12-27,21,10900
H088,2026-12-28,34,10600
H088,2026-12-29,30,10700
H088,2026-12-30,32,10650
H088,2026-12-31,19,10950
H088,2027-01-01,21,11850
H088,2027-01-02,13,12050
H088,2027-01-03,47,8650
H088,2027-01-04,41,8750
H088,2027-01-05,39,8850
H088,2027-01-06,44,8700
H088,2027-01-07,35,8900
H088,2027-01-08,31,9950
H088,2027-01-09,38,9750
H088,2027-01-10,48,8600
H088,2027-01-11,35,8950
H088,2027-01-12,37,8900
H088,2027-01-13,43,8700
H088,2027-01-14,33,9000
H088,2027-01-15,32,9900
H088,2027-01-16,36,9800
H088,2027-01-17,36,8900
H088,2027-01-18,48,8600
H088,2027-01-19,40,8800
H088,2027-01-20,48,8600
H088,2027-01-21,37,8900
H088,2027-01-22,41,9700
H088,2027-01-23,31,9950
H088,2027-01-24,47,8650
H088,2027-01-25,48,8600
H088,2027-01-26,36,8900
H088,2027-01-27,40,8800
H088,2027-01-28,33,9000
H088,2027-01-29,28,10000
H088,2027-01-30,36,9800
H088,2027-01-31,38,8850
H088,2027-02-01,41,8750
H088,2027-02-02,42,8750
H088,2027-02-03,43,8700
H088,2027-02-04,37,8850
H088,2027-02-05,32,9900
H088,2027-02-06,38,9750
H088,2027-02-07,43,8700
H088,2027-02-08,38,8850
H088,2027-02-09,40,8800
H088,2027-02-10,33,8950
H088,2027-02-11,34,8950
H088,2027-02-12,31,9950
H088,2027-02-13,34,9850
H088,2027-02-14,35,8950
H088,2027-02-15,37,8850
H088,2027-02-16,38,8850
H088,2027-02-17,39,8850
H088,2027-02-18,46,8650
H088,2027-02-19,41,9700
H088,2027-02-20,36,9800
H088,2027-02-21,39,8800
H088,2027-02-22,44,8700
H088,2027-02-23,38,8850
H088,2027-02-24,43,8750
H088,2027-02-25,34,8950
H088,2027-02-26,33,9900
H088,2027-02-27,26,10050
H088,2027-02-28,43,8750
H088,2027-03-01,42,8750
H088,2027-03-02,38,8850
H088,2027-03-03,46,8650
H088,2027-03-04,40,8800
H088,2027-03-05,33,9900
H088,2027-03-06,34,9850
H088,2027-03-07,40,8800
H088,2027-03-08,44,8700
H088,2027-03-09,33,9000
H088,2027-03-10,41,8750
H088,2027-03-11,35,8950
H088,2027-03-12,34,9850
H088,2027-03-13,39,9750
H088,2027-03-14,39,8850
H088,2027-03-15,45,8650
H088,2027-03-16,36,8900
H088,2027-03-17,40,8800
H088,2027-03-18,42,8750
H088,2027-03-19,26,10100
H088,2027-03-20,29,10000
H088,2027-03-21,35,8950
H088,2027-03-22,33,8950
H088,2027-03-23,46,8650
H088,2027-03-24,38,8850
H088,2027-03-25,41,8750
H088,2027-03-26,39,9750
H088,2027-03-27,31,9950
H088,2027-03-28,41,8800
H088,2027-03-29,47,8600
H088,2027-03-30,41,8800
H088,2027-03-31,36,8900
H089,2026-10-01,40,33650
H089,2026-10-02,35,37700
H089,2026-10-03,33,37900
H089,2026-10-04,34,34300
H089,2026-10-05,45,33200
H089,2026-10-06,35,34200
H089,2026-10-07,34,34250
H089,2026-10-08,45,33150
H089,2026-10-09,27,38500
H089,2026-10-10,27,38450
H089,2026-10-11,34,34300
H089,2026-10-12,46,33050
H089,2026-10-13,39,33800
H089,2026-10-14,44,33250
H089,2026-10-15,34,34300
H089,2026-10-16,32,38000
H089,2026-10-17,33,37900
H089,2026-10-18,41,33600
H089,2026-10-19,40,33650
H089,2026-10-20,38,33850
H089,2026-10-21,34,34300
H089,2026-10-22,42,33500
H089,2026-10-23,25,38700
H089,2026-10-24,29,38350
H089,2026-10-25,32,34550
H089,2026-10-26,37,34050
H089,2026-10-27,42,33450
H089,2026-10-28,39,33800
H089,2026-10-29,45,33150
H089,2026-10-30,26,38650
H089,2026-10-31,39,37300
H089,2026-11-01,41,33550
H089,2026-11-02,45,33150
H089,2026-11-03,41,33550
H089,2026-11-04,45,33150
H089,2026-11-05,45,33150
H089,2026-11-06,12,46350
H089,2026-11-07,13,46300
H089,2026-11-08,31,40900
H089,2026-11-09,31,40950
H089,2026-11-10,33,40750
H089,2026-11-11,32,34550
H089,2026-11-12,46,33100
H089,2026-11-13,34,37800
H089,2026-11-14,38,37350
H089,2026-11-15,43,33350
H089,2026-11-16,40,33700
H089,2026-11-17,40,33650
H089,2026-11-18,43,33350
H089,2026-11-19,35,34150
H089,2026-11-20,35,37700
H089,2026-11-21,33,37850
H089,2026-11-22,34,34300
H089,2026-11-23,39,33800
H089,2026-11-24,33,34400
H089,2026-11-25,46,33050
H089,2026-11-26,33,34400
H089,2026-11-27,28,38400
H089,2026-11-28,34,37750
H089,2026-11-29,32,34550
H089,2026-11-30,44,33250
H089,2026-12-01,42,33450
H089,2026-12-02,36,34150
H089,2026-12-03,42,33450
H089,2026-12-04,26,38650
H089,2026-12-05,26,38550
H089,2026-12-06,33,34400
H089,2026-12-07,37,34050
H089,2026-12-08,44,33250
H089,2026-12-09,38,33900
H089,2026-12-10,40,33650
H089,2026-12-11,25,38750
H089,2026-12-12,26,38600
H089,2026-12-13,36,34050
H089,2026-12-14,33,34350
H089,2026-12-15,43,33350
H089,2026-12-16,37,33950
H089,2026-12-17,36,34100
H089,2026-12-18,37,37500
H089,2026-12-19,30,38250
H089,2026-12-20,29,41150
H089,2026-12-21,23,41700
H089,2026-12-22,20,42000
H089,2026-12-23,21,41900
H089,2026-12-24,31,40950
H089,2026-12-25,15,46100
H089,2026-12-26,20,45550
H089,2026-12-27,26,41450
H089,2026-12-28,25,41500
H089,2026-12-29,24,41600
H089,2026-12-30,29,41050
H089,2026-12-31,28,41200
H089,2027-01-01,12,46350
H089,2027-01-02,14,46150
H089,2027-01-03,41,33650
H089,2027-01-04,32,34550
H089,2027-01-05,39,33800
H089,2027-01-06,40,33650
H089,2027-01-07,44,33250
H089,2027-01-08,38,37400
H089,2027-01-09,31,38100
H089,2027-01-10,43,33350
H089,2027-01-11,38,33850
H089,2027-01-12,33,34400
H089,2027-01-13,44,33300
H089,2027-01-14,38,33900
H089,2027-01-15,26,38600
H089,2027-01-16,36,37600
H089,2027-01-17,33,34400
H089,2027-01-18,42,33450
H089,2027-01-19,40,33750
H089,2027-01-20,39,33750
H089,2027-01-21,33,34400
H089,2027-01-22,39,37300
H089,2027-01-23,33,37900
H089,2027-01-24,42,33450
H089,2027-01-25,42,33450
H089,2027-01-26,39,33800
H089,2027-01-27,43,33350
H089,2027-01-28,43,33350
H089,2027-01-29,35,37750
H089,2027-01-30,39,37300
H089,2027-01-31,42,33450
H089,2027-02-01,44,33300
H089,2027-02-02,36,34150
H089,2027-02-03,33,34450
H089,2027-02-04,34,34300
H089,2027-02-05,26,38600
H089,2027-02-06,29,38300
H089,2027-02-07,40,33700
H089,2027-02-08,46,33100
H089,2027-02-09,33,34400
H089,2027-02-10,38,33850
H089,2027-02-11,36,34150
H089,2027-02-12,35,37750
H089,2027-02-13,28,38450
H089,2027-02-14,36,34100
H089,2027-02-15,38,33900
H089,2027-02-16,35,34200
H089,2027-02-17,45,33150
H089,2027-02-18,33,34400
H089,2027-02-19,29,38300
H089,2027-02-20,28,38400
H089,2027-02-21,43,33350
H089,2027-02-22,31,34550
H089,2027-02-23,39,33750
H089,2027-02-24,41,33550
H089,2027-02-25,38,33900
H089,2027-02-26,39,37300
H089,2027-02-27,36,37600
H089,2027-02-28,42,33500
H089,2027-03-01,36,34050
H089,2027-03-02,32,34450
H089,2027-03-03,32,34450
H089,2027-03-04,34,34300
H089,2027-03-05,26,38600
H089,2027-03-06,30,38250
H089,2027-03-07,40,33700
H089,2027-03-08,43,33400
H089,2027-03-09,36,34100
H089,2027-03-10,41,33600
H089,2027-03-11,31,34550
H089,2027-03-12,37,37500
H089,2027-03-13,33,37900
H089,2027-03-14,37,34000
H089,2027-03-15,42,33450
H089,2027-03-16,41,33550
H089,2027-03-17,46,33100
H089,2027-03-18,36,34100
H089,2027-03-19,31,38050
H089,2027-03-20,35,37700
H089,2027-03-21,42,33500
H089,2027-03-22,32,34500
H089,2027-03-23,37,33950
H089,2027-03-24,39,33800
H089,2027-03-25,36,34050
H089,2027-03-26,34,37850
H089,2027-03-27,39,37250
H089,2027-03-28,35,34150
H089,2027-03-29,38,33850
H089,2027-03-30,45,33150
H089,2027-03-31,38,33850
H090,2026-10-01,47,27250
H090,2026-10-02,37,30850
H090,2026-10-03,40,30600
H090,2026-10-04,47,27300
H090,2026-10-05,41,27700
H090,2026-10-06,39,27850
H090,2026-10-07,50,27050
H090,2026-10-08,39,27800
H090,2026-10-09,47,30150
H090,2026-10-10,34,31000
H090,2026-10-11,50,27050
H090,2026-10-12,48,27200
H090,2026-10-13,50,27050
H090,2026-10-14,42,27650
H090,2026-10-15,51,27000
H090,2026-10-16,30,31300
H090,2026-10-17,38,30750
H090,2026-10-18,50,27050
H090,2026-10-19,46,27350
H090,2026-10-20,53,26900
H090,2026-10-21,42,27600
H090,2026-10-22,42,27650
H090,2026-10-23,32,31150
H090,2026-10-24,45,30200
H090,2026-10-25,50,27050
H090,2026-10-26,44,27500
H090,2026-10-27,53,26850
H090,2026-10-28,51,27000
H090,2026-10-29,49,27100
H090,2026-10-30,37,30800
H090,2026-10-31,42,30450
H090,2026-11-01,50,27100
H090,2026-11-02,46,27300
H090,2026-11-03,50,27100
H090,2026-11-04,47,27300
H090,2026-11-05,44,27500
H090,2026-11-06,20,37050
H090,2026-11-07,14,37550
H090,2026-11-08,34,33300
H090,2026-11-09,30,33550
H090,2026-11-10,28,33650
H090,2026-11-11,40,27800
H090,2026-11-12,45,27400
H090,2026-11-13,43,30350
H090,2026-11-14,30,31300
H090,2026-11-15,39,27800
H090,2026-11-16,37,27950
H090,2026-11-17,40,27750
H090,2026-11-18,51,27000
H090,2026-11-19,38,27900
H090,2026-11-20,33,31050
H090,2026-11-21,30,31300
H090,2026-11-22,44,27500
H090,2026-11-23,51,27000
H090,2026-11-24,47,27300
H090,2026-11-25,37,27950
H090,2026-11-26,52,26950
H090,2026-11-27,41,30500
H090,2026-11-28,40,30600
H090,2026-11-29,54,26800
H090,2026-11-30,45,27450
H090,2026-12-01,48,27250
H090,2026-12-02,40,27800
H090,2026-12-03,40,27800
H090,2026-12-04,33,31050
H090,2026-12-05,31,31200
H090,2026-12-06,40,27800
H090,2026-12-07,51,27000
H090,2026-12-08,42,27650
H090,2026-12-09,53,26900
H090,2026-12-10,37,27950
H090,2026-12-11,33,31050
H090,2026-12-12,36,30850
H090,2026-12-13,45,27450
H090,2026-12-14,48,27200
H090,2026-12-15,54,26800
H090,2026-12-16,42,27600
H090,2026-12-17,52,26950
H090,2026-12-18,42,30450
H090,2026-12-19,42,30500
H090,2026-12-20,39,32950
H090,2026-12-21,37,33050
H090,2026-12-22,26,33850
H090,2026-12-23,29,33600
H090,2026-12-24,24,33950
H090,2026-12-25,23,36850
H090,2026-12-26,29,36450
H090,2026-12-27,31,33500
H090,2026-12-28,35,33250
H090,2026-12-29,37,33100
H090,2026-12-30,26,33850
H090,2026-12-31,38,33000
H090,2027-01-01,30,36400
H090,2027-01-02,16,37400
H090,2027-01-03,54,26800
H090,2027-01-04,52,26950
H090,2027-01-05,51,27050
H090,2027-01-06,49,27150
H090,2027-01-07,46,27350
H090,2027-01-08,41,30500
H090,2027-01-09,33,31100
H090,2027-01-10,38,27900
H090,2027-01-11,46,27350
H090,2027-01-12,49,27150
H090,2027-01-13,47,27300
H090,2027-01-14,45,27400
H090,2027-01-15,33,31100
H090,2027-01-16,31,31250
H090,2027-01-17,42,27650
H090,2027-01-18,52,26950
H090,2027-01-19,55,26750
H090,2027-01-20,48,27250
H090,2027-01-21,50,27100
H090,2027-01-22,33,31050
H090,2027-01-23,42,30450
H090,2027-01-24,38,27950
H090,2027-01-25,45,27400
H090,2027-01-26,47,27250
H090,2027-01-27,37,27950
H090,2027-01-28,55,26750
H090,2027-01-29,36,30900
H090,2027-01-30,45,30250
H090,2027-01-31,47,27250
H090,2027-02-01,46,27350
H090,2027-02-02,53,26900
H090,2027-02-03,44,27450
H090,2027-02-04,43,27550
H090,2027-02-05,34,31000
H090,2027-02-06,37,30800
H090,2027-02-07,55,26750
H090,2027-02-08,53,26850
H090,2027-02-09,38,27900
H090,2027-02-10,53,26850
H090,2027-02-11,44,27500
H090,2027-02-12,47,30100
H090,2027-02-13,44,30300
H090,2027-02-14,55,26750
H090,2027-02-15,43,27550
H090,2027-02-16,44,27500
H090,2027-02-17,43,27550
H090,2027-02-18,41,27700
H090,2027-02-19,43,30400
H090,2027-02-20,44,30350
H090,2027-02-21,43,27550
H090,2027-02-22,48,27250
H090,2027-02-23,50,27050
H090,2027-02-24,44,27450
H090,2027-02-25,47,27250
H090,2027-02-26,39,30650
H090,2027-02-27,45,30200
H090,2027-02-28,38,27950
H090,2027-03-01,50,27050
H090,2027-03-02,41,27700
H090,2027-03-03,47,27300
H090,2027-03-04,41,27700
H090,2027-03-05,34,31000
H090,2027-03-06,42,30450
H090,2027-03-07,43,27600
H090,2027-03-08,44,27500
H090,2027-03-09,40,27750
H090,2027-03-10,52,26950
H090,2027-03-11,48,27250
H090,2027-03-12,35,30950
H090,2027-03-13,35,30950
H090,2027-03-14,53,26850
H090,2027-03-15,45,27400
H090,2027-03-16,38,27900
H090,2027-03-17,38,27900
H090,2027-03-18,44,27500
H090,2027-03-19,32,31150
H090,2027-03-20,37,30800
H090,2027-03-21,46,27350
H090,2027-03-22,54,26800
H090,2027-03-23,47,27300
H090,2027-03-24,55,26750
H090,2027-03-25,53,26900
H090,2027-03-26,39,30650
H090,2027-03-27,42,30500
H090,2027-03-28,40,27750
H090,2027-03-29,44,27450
H090,2027-03-30,42,27650
H090,2027-03-31,51,27000
H091,2026-10-01,12,3800
H091,2026-10-02,9,4350
H091,2026-10-03,10,4300
H091,2026-10-04,12,3850
H091,2026-10-05,12,3800
H091,2026-10-06,13,3800
H091,2026-10-07,12,3800
H091,2026-10-08,12,3800
H091,2026-10-09,8,4400
H091,2026-10-10,11,4250
H091,2026-10-11,11,3850
H091,2026-10-12,11,3850
H091,2026-10-13,11,3850
H091,2026-10-14,13,3800
H091,2026-10-15,11,3850
H091,2026-10-16,9,4350
H091,2026-10-17,8,4400
H091,2026-10-18,11,3850
H091,2026-10-19,11,3850
H091,2026-10-20,10,3900
H091,2026-10-21,9,3950
H091,2026-10-22,11,3900
H091,2026-10-23,10,4300
H091,2026-10-24,8,4400
H091,2026-10-25,11,3850
H091,2026-10-26,9,3900
H091,2026-10-27,12,3850
H091,2026-10-28,13,3800
H091,2026-10-29,12,3850
H091,2026-10-30,7,4400
H091,2026-10-31,9,4350
H091,2026-11-01,8,4800
H091,2026-11-02,6,4900
H091,2026-11-03,6,4850
H091,2026-11-04,6,4850
H091,2026-11-05,7,4850
H091,2026-11-06,2,6150
H091,2026-11-07,3,6150
H091,2026-11-08,3,5750
H091,2026-11-09,4,5700
H091,2026-11-10,3,5700
H091,2026-11-11,9,4750
H091,2026-11-12,6,4850
H091,2026-11-13,3,5400
H091,2026-11-14,5,5300
H091,2026-11-15,5,4900
H091,2026-11-16,6,4850
H091,2026-11-17,7,4850
H091,2026-11-18,7,4850
H091,2026-11-19,6,4850
H091,2026-11-20,5,5300
H091,2026-11-21,5,5300
H091,2026-11-22,5,4900
H091,2026-11-23,7,4850
H091,2026-11-24,8,4750
H091,2026-11-25,6,4850
H091,2026-11-26,8,4800
H091,2026-11-27,5,5300
H091,2026-11-28,5,5300
H091,2026-11-29,7,4850
H091,2026-11-30,5,4900
H091,2026-12-01,7,4800
H091,2026-12-02,6,4900
H091,2026-12-03,6,4850
H091,2026-12-04,7,5250
H091,2026-12-05,6,5300
H091,2026-12-06,5,4900
H091,2026-12-07,5,4900
H091,2026-12-08,6,4900
H091,2026-12-09,5,4900
H091,2026-12-10,6,4900
H091,2026-12-11,7,5250
H091,2026-12-12,7,5250
H091,2026-12-13,6,4900
H091,2026-12-14,6,4850
H091,2026-12-15,5,4900
H091,2026-12-16,9,4750
H091,2026-12-17,7,4850
H091,2026-12-18,4,5350
H091,2026-12-19,3,5400
H091,2026-12-20,1,5800
H091,2026-12-21,3,5700
H091,2026-12-22,2,5750
H091,2026-12-23,2,5750
H091,2026-12-24,3,5700
H091,2026-12-25,2,6150
H091,2026-12-26,1,6200
H091,2026-12-27,3,5700
H091,2026-12-28,2,5750
H091,2026-12-29,2,5750
H091,2026-12-30,4,5650
H091,2026-12-31,1,5800
H091,2027-01-01,1,6200
H091,2027-01-02,1,6200
H091,2027-01-03,5,4900
H091,2027-01-04,8,4800
H091,2027-01-05,7,4850
H091,2027-01-06,6,4850
H091,2027-01-07,5,4900
H091,2027-01-08,6,5250
H091,2027-01-09,3,5400
H091,2027-01-10,9,4750
H091,2027-01-11,5,4900
H091,2027-01-12,5,4900
H091,2027-01-13,7,4850
H091,2027-01-14,6,4900
H091,2027-01-15,3,5350
H091,2027-01-16,4,5350
H091,2027-01-17,6,4850
H091,2027-01-18,6,4850
H091,2027-01-19,8,4800
H091,2027-01-20,8,4750
H091,2027-01-21,6,4900
H091,2027-01-22,5,5300
H091,2027-01-23,5,5300
H091,2027-01-24,5,4900
H091,2027-01-25,5,4900
H091,2027-01-26,7,4800
H091,2027-01-27,8,4800
H091,2027-01-28,6,4900
H091,2027-01-29,3,5400
H091,2027-01-30,4,5350
H091,2027-01-31,5,4900
H091,2027-02-01,5,4900
H091,2027-02-02,6,4850
H091,2027-02-03,7,4800
H091,2027-02-04,6,4900
H091,2027-02-05,5,5300
H091,2027-02-06,6,5250
H091,2027-02-07,5,4900
H091,2027-02-08,9,4750
H091,2027-02-09,8,4800
H091,2027-02-10,5,4900
H091,2027-02-11,8,4800
H091,2027-02-12,6,5250
H091,2027-02-13,5,5300
H091,2027-02-14,5,4900
H091,2027-02-15,5,4900
H091,2027-02-16,8,4750
H091,2027-02-17,7,4800
H091,2027-02-18,6,4850
H091,2027-02-19,3,5400
H091,2027-02-20,6,5250
H091,2027-02-21,8,4800
H091,2027-02-22,6,4850
H091,2027-02-23,7,4800
H091,2027-02-24,8,4800
H091,2027-02-25,6,4850
H091,2027-02-26,4,5350
H091,2027-02-27,5,5300
H091,2027-02-28,7,4850
H091,2027-03-01,7,4850
H091,2027-03-02,6,4850
H091,2027-03-03,5,4900
H091,2027-03-04,5,4900
H091,2027-03-05,5,5300
H091,2027-03-06,6,5250
H091,2027-03-07,5,4900
H091,2027-03-08,8,4800
H091,2027-03-09,6,4850
H091,2027-03-10,6,4850
H091,2027-03-11,7,4850
H091,2027-03-12,5,5300
H091,2027-03-13,4,5350
H091,2027-03-14,8,4750
H091,2027-03-15,6,4850
H091,2027-03-16,7,4850
H091,2027-03-17,9,4750
H091,2027-03-18,8,4800
H091,2027-03-19,6,5300
H091,2027-03-20,4,5350
H091,2027-03-21,6,4900
H091,2027-03-22,8,4800
H091,2027-03-23,8,4750
H091,2027-03-24,8,4800
H091,2027-03-25,6,4900
H091,2027-03-26,5,5350
H091,2027-03-27,3,5400
H091,2027-03-28,7,4850
H091,2027-03-29,8,4750
H091,2027-03-30,8,4750
H091,2027-03-31,6,4900
H092,2026-10-01,14,3000
H092,2026-10-02,14,3350
H092,2026-10-03,13,3350
H092,2026-10-04,16,2950
H092,2026-10-05,13,3050
H092,2026-10-06,17,2950
H092,2026-10-07,12,3050
H092,2026-10-08,14,3000
H092,2026-10-09,15,3300
H092,2026-10-10,13,3350
H092,2026-10-11,14,3000
H092,2026-10-12,15,3000
H092,2026-10-13,17,2950
H092,2026-10-14,17,2950
H092,2026-10-15,16,2950
H092,2026-10-16,12,3400
H092,2026-10-17,11,3400
H092,2026-10-18,13,3050
H092,2026-10-19,17,2950
H092,2026-10-20,14,3000
H092,2026-10-21,16,2950
H092,2026-10-22,17,2950
H092,2026-10-23,15,3300
H092,2026-10-24,13,3350
H092,2026-10-25,14,3000
H092,2026-10-26,13,3050
H092,2026-10-27,17,2950
H092,2026-10-28,12,3050
H092,2026-10-29,13,3050
H092,2026-10-30,9,3450
H092,2026-10-31,15,3300
H092,2026-11-01,11,3700
H092,2026-11-02,10,3700
H092,2026-11-03,10,3750
H092,2026-11-04,7,3800
H092,2026-11-05,9,3750
H092,2026-11-06,1,4800
H092,2026-11-07,2,4800
H092,2026-11-08,5,4400
H092,2026-11-09,3,4450
H092,2026-11-10,6,4400
H092,2026-11-11,11,3700
H092,2026-11-12,7,3800
H092,2026-11-13,5,4150
H092,2026-11-14,6,4150
H092,2026-11-15,11,3700
H092,2026-11-16,8,3750
H092,2026-11-17,10,3700
H092,2026-11-18,9,3750
H092,2026-11-19,10,3700
H092,2026-11-20,8,4100
H092,2026-11-21,8,4100
H092,2026-11-22,8,3750
H092,2026-11-23,8,3800
H092,2026-11-24,6,3800
H092,2026-11-25,9,3750
H092,2026-11-26,9,3750
H092,2026-11-27,6,4100
H092,2026-11-28,7,4100
H092,2026-11-29,8,3800
H092,2026-11-30,7,3800
H092,2026-12-01,6,3800
H092,2026-12-02,7,3800
H092,2026-12-03,10,3700
H092,2026-12-04,9,4050
H092,2026-12-05,9,4050
H092,2026-12-06,11,3700
H092,2026-12-07,11,3700
H092,2026-12-08,11,3700
H092,2026-12-09,9,3750
H092,2026-12-10,9,3750
H092,2026-12-11,5,4150
H092,2026-12-12,5,4150
H092,2026-12-13,6,3800
H092,2026-12-14,9,3750
H092,2026-12-15,10,3750
H092,2026-12-16,11,3700
H092,2026-12-17,12,3700
H092,2026-12-18,7,4100
H092,2026-12-19,8,4100
H092,2026-12-20,3,4450
H092,2026-12-21,7,4350
H092,2026-12-22,6,4400
H092,2026-12-23,4,4450
H092,2026-12-24,5,4400
H092,2026-12-25,1,4800
H092,2026-12-26,1,4800
H092,2026-12-27,4,4400
H092,2026-12-28,2,4450
H092,2026-12-29,4,4450
H092,2026-12-30,3,4450
H092,2026-12-31,2,4500
H092,2027-01-01,1,4800
H092,2027-01-02,3,4750
H092,2027-01-03,7,3800
H092,2027-01-04,8,3800
H092,2027-01-05,7,3800
H092,2027-01-06,8,3750
H092,2027-01-07,6,3800
H092,2027-01-08,8,4100
H092,2027-01-09,7,4100
H092,2027-01-10,10,3700
H092,2027-01-11,10,3750
H092,2027-01-12,11,3700
H092,2027-01-13,11,3700
H092,2027-01-14,7,3800
H092,2027-01-15,9,4050
H092,2027-01-16,8,4100
H092,2027-01-17,8,3800
H092,2027-01-18,10,3750
H092,2027-01-19,10,3750
H092,2027-01-20,10,3750
H092,2027-01-21,11,3700
H092,2027-01-22,9,4050
H092,2027-01-23,4,4150
H092,2027-01-24,7,3800
H092,2027-01-25,12,3700
H092,2027-01-26,9,3750
H092,2027-01-27,11,3700
H092,2027-01-28,12,3700
H092,2027-01-29,8,4100
H092,2027-01-30,7,4100
H092,2027-01-31,11,3700
H092,2027-02-01,10,3750
H092,2027-02-02,7,3800
H092,2027-02-03,12,3700
H092,2027-02-04,6,3800
H092,2027-02-05,6,4150
H092,2027-02-06,8,4100
H092,2027-02-07,10,3750
H092,2027-02-08,9,3750
H092,2027-02-09,7,3800
H092,2027-02-10,8,3750
H092,2027-02-11,11,3700
H092,2027-02-12,8,4100
H092,2027-02-13,6,4150
H092,2027-02-14,8,3750
H092,2027-02-15,7,3800
H092,2027-02-16,7,3800
H092,2027-02-17,6,3800
H092,2027-02-18,8,3800
H092,2027-02-19,8,4100
H092,2027-02-20,8,4100
H092,2027-02-21,8,3800
H092,2027-02-22,9,3750
H092,2027-02-23,9,3750
H092,2027-02-24,11,3700
H092,2027-02-25,10,3750
H092,2027-02-26,8,4100
H092,2027-02-27,6,4100
H092,2027-02-28,10,3750
H092,2027-03-01,7,3800
H092,2027-03-02,10,3750
H092,2027-03-03,11,3700
H092,2027-03-04,9,3750
H092,2027-03-05,8,4100
H092,2027-03-06,8,4100
H092,2027-03-07,10,3750
H092,2027-03-08,11,3700
H092,2027-03-09,7,3800
H092,2027-03-10,7,3800
H092,2027-03-11,11,3700
H092,2027-03-12,9,4050
H092,2027-03-13,8,4100
H092,2027-03-14,10,3750
H092,2027-03-15,11,3700
H092,2027-03-16,11,3700
H092,2027-03-17,7,3800
H092,2027-03-18,12,3700
H092,2027-03-19,5,4150
H092,2027-03-20,6,4150
H092,2027-03-21,6,3800
H092,2027-03-22,10,3700
H092,2027-03-23,7,3800
H092,2027-03-24,6,3800
H092,2027-03-25,9,3750
H092,2027-03-26,5,4150
H092,2027-03-27,5,4150
H092,2027-03-28,7,3800
H092,2027-03-29,11,3700
H092,2027-03-30,11,3700
H092,2027-03-31,11,3700
H093,2026-10-01,9,3300
H093,2026-10-02,9,3650
H093,2026-10-03,8,3700
H093,2026-10-04,11,3250
H093,2026-10-05,9,3350
H093,2026-10-06,10,3300
H093,2026-10-07,10,3300
H093,2026-10-08,11,3250
H093,2026-10-09,8,3700
H093,2026-10-10,6,3750
H093,2026-10-11,8,3350
H093,2026-10-12,12,3250
H093,2026-10-13,10,3300
H093,2026-10-14,11,3250
H093,2026-10-15,10,3300
H093,2026-10-16,10,3650
H093,2026-10-17,7,3750
H093,2026-10-18,10,3300
H093,2026-10-19,10,3300
H093,2026-10-20,12,3250
H093,2026-10-21,9,3350
H093,2026-10-22,10,3300
H093,2026-10-23,8,3700
H093,2026-10-24,7,3750
H093,2026-10-25,10,3300
H093,2026-10-26,9,3350
H093,2026-10-27,10,3300
H093,2026-10-28,9,3300
H093,2026-10-29,9,3300
H093,2026-10-30,7,3750
H093,2026-10-31,9,3650
H093,2026-11-01,6,4100
H093,2026-11-02,6,4150
H093,2026-11-03,6,4150
H093,2026-11-04,7,4100
H093,2026-11-05,4,4200
H093,2026-11-06,3,5200
H093,2026-11-07,1,5250
H093,2026-11-08,3,4850
H093,2026-11-09,2,4900
H093,2026-11-10,4,4800
H093,2026-11-11,8,4050
H093,2026-11-12,7,4100
H093,2026-11-13,6,4450
H093,2026-11-14,5,4500
H093,2026-11-15,8,4050
H093,2026-11-16,8,4050
H093,2026-11-17,5,4150
H093,2026-11-18,5,4150
H093,2026-11-19,6,4150
H093,2026-11-20,6,4450
H093,2026-11-21,5,4500
H093,2026-11-22,8,4050
H093,2026-11-23,8,4050
H093,2026-11-24,6,4150
H093,2026-11-25,7,4100
H093,2026-11-26,8,4050
H093,2026-11-27,3,4550
H093,2026-11-28,3,4600
H093,2026-11-29,7,4100
H093,2026-11-30,6,4150
H093,2026-12-01,8,4050
H093,2026-12-02,5,4150
H093,2026-12-03,7,4100
H093,2026-12-04,4,4550
H093,2026-12-05,3,4600
H093,2026-12-06,7,4100
H093,2026-12-07,6,4150
H093,2026-12-08,7,4100
H093,2026-12-09,7,4100
H093,2026-12-10,5,4150
H093,2026-12-11,4,4550
H093,2026-12-12,3,4550
H093,2026-12-13,4,4200
H093,2026-12-14,8,4050
H093,2026-12-15,7,4100
H093,2026-12-16,7,4100
H093,2026-12-17,6,4100
H093,2026-12-18,5,4500
H093,2026-12-19,4,4550
H093,2026-12-20,2,4900
H093,2026-12-21,1,4950
H093,2026-12-22,3,4850
H093,2026-12-23,4,4800
H093,2026-12-24,3,4850
H093,2026-12-25,1,5250
H093,2026-12-26,1,5300
H093,2026-12-27,3,4850
H093,2026-12-28,1,4900
H093,2026-12-29,2,4850
H093,2026-12-30,4,4800
H093,2026-12-31,2,4900
H093,2027-01-01,2,5250
H093,2027-01-02,2,5200
H093,2027-01-03,6,4100
H093,2027-01-04,4,4200
H093,2027-01-05,5,4150
H093,2027-01-06,5,4200
H093,2027-01-07,7,4100
H093,2027-01-08,5,4500
H093,2027-01-09,3,4600
H093,2027-01-10,5,4200
H093,2027-01-11,7,4050
H093,2027-01-12,7,4100
H093,2027-01-13,5,4150
H093,2027-01-14,7,4100
H093,2027-01-15,4,4500
H093,2027-01-16,6,4500
H093,2027-01-17,7,4100
H093,2027-01-18,5,4150
H093,2027-01-19,5,4150
H093,2027-01-20,6,4100
H093,2027-01-21,5,4150
H093,2027-01-22,5,4500
H093,2027-01-23,3,4600
H093,2027-01-24,7,4050
H093,2027-01-25,5,4150
H093,2027-01-26,5,4200
H093,2027-01-27,8,4050
H093,2027-01-28,5,4150
H093,2027-01-29,5,4500
H093,2027-01-30,3,4600
H093,2027-01-31,6,4150
H093,2027-02-01,4,4200
H093,2027-02-02,6,4100
H093,2027-02-03,8,4050
H093,2027-02-04,8,4050
H093,2027-02-05,5,4500
H093,2027-02-06,3,4600
H093,2027-02-07,6,4100
H093,2027-02-08,5,4200
H093,2027-02-09,8,4050
H093,2027-02-10,6,4150
H093,2027-02-11,4,4200
H093,2027-02-12,4,4550
H093,2027-02-13,5,4500
H093,2027-02-14,7,4100
H093,2027-02-15,8,4050
H093,2027-02-16,6,4150
H093,2027-02-17,5,4150
H093,2027-02-18,5,4150
H093,2027-02-19,4,4500
H093,2027-02-20,4,4550
H093,2027-02-21,8,4050
H093,2027-02-22,6,4150
H093,2027-02-23,6,4100
H093,2027-02-24,4,4200
H093,2027-02-25,5,4150
H093,2027-02-26,6,4450
H093,2027-02-27,4,4550
H093,2027-02-28,7,4100
H093,2027-03-01,6,4100
H093,2027-03-02,8,4050
H093,2027-03-03,5,4150
H093,2027-03-04,8,4050
H093,2027-03-05,4,4550
H093,2027-03-06,3,4600
H093,2027-03-07,6,4150
H093,2027-03-08,6,4100
H093,2027-03-09,5,4150
H093,2027-03-10,5,4150
H093,2027-03-11,7,4100
H093,2027-03-12,3,4550
H093,2027-03-13,3,4550
H093,2027-03-14,7,4100
H093,2027-03-15,7,4100
H093,2027-03-16,5,4200
H093,2027-03-17,8,4050
H093,2027-03-18,7,4050
H093,2027-03-19,6,4450
H093,2027-03-20,5,4500
H093,2027-03-21,7,4100
H093,2027-03-22,6,4100
H093,2027-03-23,5,4150
H093,2027-03-24,5,4200
H093,2027-03-25,5,4150
H093,2027-03-26,4,4500
H093,2027-03-27,6,4450
H093,2027-03-28,8,4050
H093,2027-03-29,7,4100
H093,2027-03-30,7,4100
H093,2027-03-31,7,4100
H094,2026-10-01,21,6200
H094,2026-10-02,18,6950
H094,2026-10-03,16,7000
H094,2026-10-04,25,6100
H094,2026-10-05,19,6250
H094,2026-10-06,18,6300
H094,2026-10-07,24,6100
H094,2026-10-08,22,6200
H094,2026-10-09,15,7050
H094,2026-10-10,20,6850
H094,2026-10-11,21,6200
H094,2026-10-12,18,6300
H094,2026-10-13,24,6100
H094,2026-10-14,20,6250
H094,2026-10-15,25,6050
H094,2026-10-16,16,7000
H094,2026-10-17,21,6850
H094,2026-10-18,24,6100
H094,2026-10-19,26,6050
H094,2026-10-20,20,6250
H094,2026-10-21,18,6300
H094,2026-10-22,24,6100
H094,2026-10-23,20,6850
H094,2026-10-24,17,6950
H094,2026-10-25,21,6200
H094,2026-10-26,19,6300
H094,2026-10-27,20,6250
H094,2026-10-28,18,6300
H094,2026-10-29,22,6200
H094,2026-10-30,16,7000
H094,2026-10-31,15,7050
H094,2026-11-01,13,7750
H094,2026-11-02,10,7850
H094,2026-11-03,16,7650
H094,2026-11-04,13,7750
H094,2026-11-05,14,7700
H094,2026-11-06,2,9900
H094,2026-11-07,1,9950
H094,2026-11-08,5,9200
H094,2026-11-09,5,9150
H094,2026-11-10,8,9100
H094,2026-11-11,16,7650
H094,2026-11-12,15,7700
H094,2026-11-13,12,8400
H094,2026-11-14,13,8400
H094,2026-11-15,10,7850
H094,2026-11-16,11,7800
H094,2026-11-17,13,7750
H094,2026-11-18,14,7700
H094,2026-11-19,17,7600
H094,2026-11-20,6,8600
H094,2026-11-21,13,8400
H094,2026-11-22,14,7700
H094,2026-11-23,16,7650
H094,2026-11-24,13,7750
H094,2026-11-25,16,7650
H094,2026-11-26,10,7850
H094,2026-11-27,10,8500
H094,2026-11-28,11,8450
H094,2026-11-29,10,7850
H094,2026-11-30,17,7600
H094,2026-12-01,11,7850
H094,2026-12-02,12,7800
H094,2026-12-03,15,7700
H094,2026-12-04,12,8400
H094,2026-12-05,13,8400
H094,2026-12-06,13,7750
H094,2026-12-07,11,7800
H094,2026-12-08,17,7600
H094,2026-12-09,9,7900
H094,2026-12-10,15,7700
H094,2026-12-11,12,8450
H094,2026-12-12,13,8400
H094,2026-12-13,10,7850
H094,2026-12-14,17,7600
H094,2026-12-15,17,7650
H094,2026-12-16,12,7800
H094,2026-12-17,17,7650
H094,2026-12-18,13,8400
H094,2026-12-19,13,8400
H094,2026-12-20,4,9200
H094,2026-12-21,5,9150
H094,2026-12-22,4,9200
H094,2026-12-23,6,9150
H094,2026-12-24,6,9150
H094,2026-12-25,3,9900
H094,2026-12-26,5,9800
H094,2026-12-27,10,9000
H094,2026-12-28,5,9150
H094,2026-12-29,6,9150
H094,2026-12-30,10,9000
H094,2026-12-31,6,9150
H094,2027-01-01,1,9950
H094,2027-01-02,3,9900
H094,2027-01-03,11,7800
H094,2027-01-04,16,7650
H094,2027-01-05,15,7700
H094,2027-01-06,15,7700
H094,2027-01-07,17,7600
H094,2027-01-08,12,8400
H094,2027-01-09,7,8600
H094,2027-01-10,12,7800
H094,2027-01-11,11,7850
H094,2027-01-12,17,7600
H094,2027-01-13,12,7800
H094,2027-01-14,14,7700
H094,2027-01-15,13,8400
H094,2027-01-16,13,8400
H094,2027-01-17,11,7850
H094,2027-01-18,15,7700
H094,2027-01-19,15,7700
H094,2027-01-20,10,7850
H094,2027-01-21,12,7800
H094,2027-01-22,10,8500
H094,2027-01-23,13,8400
H094,2027-01-24,14,7750
H094,2027-01-25,13,7750
H094,2027-01-26,17,7650
H094,2027-01-27,13,7750
H094,2027-01-28,16,7650
H094,2027-01-29,11,8450
H094,2027-01-30,10,8500
H094,2027-01-31,14,7750
H094,2027-02-01,11,7800
H094,2027-02-02,16,7650
H094,2027-02-03,12,7800
H094,2027-02-04,13,7750
H094,2027-02-05,7,8600
H094,2027-02-06,11,8450
H094,2027-02-07,9,7900
H094,2027-02-08,16,7650
H094,2027-02-09,9,7900
H094,2027-02-10,14,7700
H094,2027-02-11,17,7600
H094,2027-02-12,13,8400
H094,2027-02-13,13,8400
H094,2027-02-14,12,7800
H094,2027-02-15,12,7800
H094,2027-02-16,17,7600
H094,2027-02-17,13,7750
H094,2027-02-18,14,7700
H094,2027-02-19,6,8650
H094,2027-02-20,6,8650
H094,2027-02-21,10,7850
H094,2027-02-22,17,7600
H094,2027-02-23,11,7800
H094,2027-02-24,16,7650
H094,2027-02-25,11,7800
H094,2027-02-26,5,8650
H094,2027-02-27,8,8550
H094,2027-02-28,14,7700
H094,2027-03-01,10,7850
H094,2027-03-02,12,7800
H094,2027-03-03,16,7650
H094,2027-03-04,17,7600
H094,2027-03-05,11,8450
H094,2027-03-06,12,8400
H094,2027-03-07,17,7600
H094,2027-03-08,11,7800
H094,2027-03-09,17,7650
H094,2027-03-10,16,7650
H094,2027-03-11,17,7650
H094,2027-03-12,12,8450
H094,2027-03-13,13,8400
H094,2027-03-14,17,7650
H094,2027-03-15,17,7600
H094,2027-03-16,12,7800
H094,2027-03-17,17,7600
H094,2027-03-18,15,7700
H094,2027-03-19,9,8550
H094,2027-03-20,6,8600
H094,2027-03-21,16,7650
H094,2027-03-22,10,7850
H094,2027-03-23,15,7700
H094,2027-03-24,13,7750
H094,2027-03-25,17,7600
H094,2027-03-26,12,8450
H094,2027-03-27,14,8350
H094,2027-03-28,12,7800
H094,2027-03-29,17,7600
H094,2027-03-30,11,7850
H094,2027-03-31,14,7700
H095,2026-10-01,26,6100
H095,2026-10-02,19,6950
H095,2026-10-03,19,6950
H095,2026-10-04,20,6300
H095,2026-10-05,23,6200
H095,2026-10-06,25,6150
H095,2026-10-07,28,6050
H095,2026-10-08,21,6250
H095,2026-10-09,16,7050
H095,2026-10-10,22,6900
H095,2026-10-11,24,6150
H095,2026-10-12,21,6250
H095,2026-10-13,26,6100
H095,2026-10-14,26,6100
H095,2026-10-15,23,6200
H095,2026-10-16,17,7000
H095,2026-10-17,17,7000
H095,2026-10-18,24,6150
H095,2026-10-19,26,6100
H095,2026-10-20,21,6250
H095,2026-10-21,24,6200
H095,2026-10-22,22,6200
H095,2026-10-23,21,6900
H095,2026-10-24,22,6850
H095,2026-10-25,22,6250
H095,2026-10-26,21,6250
H095,2026-10-27,24,6150
H095,2026-10-28,25,6150
H095,2026-10-29,27,6050
H095,2026-10-30,18,7000
H095,2026-10-31,22,6900
H095,2026-11-01,11,7850
H095,2026-11-02,12,7800
H095,2026-11-03,14,7750
H095,2026-11-04,15,7700
H095,2026-11-05,15,7700
H095,2026-11-06,1,9950
H095,2026-11-07,1,9950
H095,2026-11-08,5,9200
H095,2026-11-09,4,9250
H095,2026-11-10,3,9250
H095,2026-11-11,17,7650
H095,2026-11-12,17,7650
H095,2026-11-13,6,8650
H095,2026-11-14,7,8600
H095,2026-11-15,13,7800
H095,2026-11-16,13,7800
H095,2026-11-17,18,7600
H095,2026-11-18,11,7850
H095,2026-11-19,15,7750
H095,2026-11-20,11,8500
H095,2026-11-21,8,8550
H095,2026-11-22,17,7650
H095,2026-11-23,15,7700
H095,2026-11-24,10,7850
H095,2026-11-25,12,7800
H095,2026-11-26,18,7600
H095,2026-11-27,8,8600
H095,2026-11-28,7,8600
H095,2026-11-29,11,7850
H095,2026-11-30,14,7750
H095,2026-12-01,11,7850
H095,2026-12-02,12,7850
H095,2026-12-03,13,7800
H095,2026-12-04,14,8400
H095,2026-12-05,7,8600
H095,2026-12-06,18,7650
H095,2026-12-07,18,7600
H095,2026-12-08,16,7700
H095,2026-12-09,11,7850
H095,2026-12-10,14,7750
H095,2026-12-11,14,8400
H095,2026-12-12,8,8550
H095,2026-12-13,11,7850
H095,2026-12-14,11,7850
H095,2026-12-15,16,7700
H095,2026-12-16,16,7700
H095,2026-12-17,12,7850
H095,2026-12-18,6,8650
H095,2026-12-19,8,8600
H095,2026-12-20,8,9100
H095,2026-12-21,6,9150
H095,2026-12-22,4,9200
H095,2026-12-23,11,9000
H095,2026-12-24,8,9100
H095,2026-12-25,1,9950
H095,2026-12-26,4,9850
H095,2026-12-27,10,9050
H095,2026-12-28,10,9000
H095,2026-12-29,9,9050
H095,2026-12-30,4,9200
H095,2026-12-31,3,9250
H095,2027-01-01,1,9950
H095,2027-01-02,3,9900
H095,2027-01-03,16,7700
H095,2027-01-04,12,7800
H095,2027-01-05,19,7600
H095,2027-01-06,17,7650
H095,2027-01-07,15,7750
H095,2027-01-08,12,8450
H095,2027-01-09,10,8550
H095,2027-01-10,14,7750
H095,2027-01-11,17,7650
H095,2027-01-12,18,7650
H095,2027-01-13,12,7800
H095,2027-01-14,18,7600
H095,2027-01-15,15,8400
H095,2027-01-16,13,8400
H095,2027-01-17,13,7800
H095,2027-01-18,13,7800
H095,2027-01-19,18,7650
H095,2027-01-20,13,7800
H095,2027-01-21,19,7600
H095,2027-01-22,9,8550
H095,2027-01-23,10,8500
H095,2027-01-24,13,7800
H095,2027-01-25,11,7850
H095,2027-01-26,15,7750
H095,2027-01-27,12,7850
H095,2027-01-28,16,7700
H095,2027-01-29,12,8450
H095,2027-01-30,10,8500
H095,2027-01-31,11,7850
H095,2027-02-01,18,7600
H095,2027-02-02,15,7700
H095,2027-02-03,11,7850
H095,2027-02-04,19,7600
H095,2027-02-05,12,8450
H095,2027-02-06,7,8600
H095,2027-02-07,17,7650
H095,2027-02-08,13,7800
H095,2027-02-09,15,7700
H095,2027-02-10,13,7800
H095,2027-02-11,18,7650
H095,2027-02-12,7,8600
H095,2027-02-13,8,8600
H095,2027-02-14,18,7650
H095,2027-02-15,16,7700
H095,2027-02-16,15,7750
H095,2027-02-17,11,7850
H095,2027-02-18,13,7800
H095,2027-02-19,7,8600
H095,2027-02-20,13,8400
H095,2027-02-21,12,7800
H095,2027-02-22,14,7750
H095,2027-02-23,14,7750
H095,2027-02-24,19,7600
H095,2027-02-25,11,7850
H095,2027-02-26,13,8450
H095,2027-02-27,15,8400
H095,2027-02-28,14,7750
H095,2027-03-01,11,7850
H095,2027-03-02,16,7700
H095,2027-03-03,15,7700
H095,2027-03-04,16,7700
H095,2027-03-05,7,8600
H095,2027-03-06,11,8500
H095,2027-03-07,12,7850
H095,2027-03-08,14,7750
H095,2027-03-09,17,7700
H095,2027-03-10,12,7850
H095,2027-03-11,12,7850
H095,2027-03-12,10,8550
H095,2027-03-13,11,8500
H095,2027-03-14,10,7900
H095,2027-03-15,13,7800
H095,2027-03-16,11,7850
H095,2027-03-17,10,7850
H095,2027-03-18,18,7650
H095,2027-03-19,12,8450
H095,2027-03-20,9,8550
H095,2027-03-21,11,7850
H095,2027-03-22,18,7650
H095,2027-03-23,14,7750
H095,2027-03-24,19,7600
H095,2027-03-25,16,7700
H095,2027-03-26,10,8550
H095,2027-03-27,8,8550
H095,2027-03-28,18,7650
H095,2027-03-29,11,7850
H095,2027-03-30,13,7800
H095,2027-03-31,13,7800
H096,2026-10-01,39,6000
H096,2026-10-02,31,6800
H096,2026-10-03,35,6700
H096,2026-10-04,35,6100
H096,2026-10-05,32,6150
H096,2026-10-06,30,6200
H096,2026-10-07,31,6150
H096,2026-10-08,32,6150
H096,2026-10-09,32,6800
H096,2026-10-10,34,6750
H096,2026-10-11,37,6050
H096,2026-10-12,34,6100
H096,2026-10-13,41,6000
H096,2026-10-14,37,6050
H096,2026-10-15,38,6050
H096,2026-10-16,25,6900
H096,2026-10-17,32,6800
H096,2026-10-18,37,6050
H096,2026-10-19,34,6100
H096,2026-10-20,37,6050
H096,2026-10-21,32,6150
H096,2026-10-22,31,6200
H096,2026-10-23,27,6900
H096,2026-10-24,32,6800
H096,2026-10-25,34,6100
H096,2026-10-26,34,6100
H096,2026-10-27,32,6150
H096,2026-10-28,31,6150
H096,2026-10-29,32,6150
H096,2026-10-30,33,6750
H096,2026-10-31,28,6850
H096,2026-11-01,25,7550
H096,2026-11-02,21,7650
H096,2026-11-03,17,7700
H096,2026-11-04,18,7700
H096,2026-11-05,23,7600
H096,2026-11-06,2,9800
H096,2026-11-07,2,9800
H096,2026-11-08,6,9100
H096,2026-11-09,7,9050
H096,2026-11-10,9,9000
H096,2026-11-11,16,7750
H096,2026-11-12,27,7500
H096,2026-11-13,22,8250
H096,2026-11-14,19,8300
H096,2026-11-15,24,7550
H096,2026-11-16,25,7550
H096,2026-11-17,24,7600
H096,2026-11-18,20,7650
H096,2026-11-19,16,7750
H096,2026-11-20,18,8350
H096,2026-11-21,11,8450
H096,2026-11-22,28,7500
H096,2026-11-23,28,7500
H096,2026-11-24,16,7750
H096,2026-11-25,28,7500
H096,2026-11-26,18,7700
H096,2026-11-27,18,8300
H096,2026-11-28,13,8450
H096,2026-11-29,16,7750
H096,2026-11-30,19,7700
H096,2026-12-01,17,7700
H096,2026-12-02,18,7700
H096,2026-12-03,24,7600
H096,2026-12-04,16,8350
H096,2026-12-05,12,8450
H096,2026-12-06,27,7500
H096,2026-12-07,28,7500
H096,2026-12-08,19,7650
H096,2026-12-09,24,7600
H096,2026-12-10,22,7650
H096,2026-12-11,19,8300
H096,2026-12-12,12,8450
H096,2026-12-13,20,7650
H096,2026-12-14,15,7750
H096,2026-12-15,27,7500
H096,2026-12-16,23,7600
H096,2026-12-17,16,7750
H096,2026-12-18,16,8350
H096,2026-12-19,19,8300
H096,2026-12-20,8,9050
H096,2026-12-21,4,9100
H096,2026-12-22,9,9000
H096,2026-12-23,5,9100
H096,2026-12-24,8,9050
H096,2026-12-25,3,9750
H096,2026-12-26,2,9800
H096,2026-12-27,8,9050
H096,2026-12-28,4,9100
H096,2026-12-29,13,8950
H096,2026-12-30,14,8900
H096,2026-12-31,3,9150
H096,2027-01-01,2,9800
H096,2027-01-02,9,9650
H096,2027-01-03,17,7700
H096,2027-01-04,20,7650
H096,2027-01-05,26,7550
H096,2027-01-06,16,7750
H096,2027-01-07,24,7550
H096,2027-01-08,12,8450
H096,2027-01-09,15,8400
H096,2027-01-10,17,7700
H096,2027-01-11,27,7500
H096,2027-01-12,25,7550
H096,2027-01-13,17,7750
H096,2027-01-14,24,7600
H096,2027-01-15,12,8450
H096,2027-01-16,19,8300
H096,2027-01-17,22,7600
H096,2027-01-18,19,7650
H096,2027-01-19,16,7750
H096,2027-01-20,25,7550
H096,2027-01-21,24,7600
H096,2027-01-22,19,8300
H096,2027-01-23,19,8300
H096,2027-01-24,25,7550
H096,2027-01-25,15,7750
H096,2027-01-26,21,7650
H096,2027-01-27,19,7700
H096,2027-01-28,28,7500
H096,2027-01-29,13,8450
H096,2027-01-30,15,8400
H096,2027-01-31,15,7750
H096,2027-02-01,28,7500
H096,2027-02-02,24,7600
H096,2027-02-03,21,7650
H096,2027-02-04,28,7500
H096,2027-02-05,12,8450
H096,2027-02-06,22,8250
H096,2027-02-07,18,7700
H096,2027-02-08,24,7600
H096,2027-02-09,27,7500
H096,2027-02-10,25,7550
H096,2027-02-11,16,7750
H096,2027-02-12,22,8250
H096,2027-02-13,14,8400
H096,2027-02-14,17,7700
H096,2027-02-15,20,7650
H096,2027-02-16,27,7500
H096,2027-02-17,24,7550
H096,2027-02-18,23,7600
H096,2027-02-19,14,8400
H096,2027-02-20,13,8450
H096,2027-02-21,24,7550
H096,2027-02-22,24,7600
H096,2027-02-23,21,7650
H096,2027-02-24,25,7550
H096,2027-02-25,18,7700
H096,2027-02-26,10,8500
H096,2027-02-27,21,8250
H096,2027-02-28,16,7750
H096,2027-03-01,21,7650
H096,2027-03-02,15,7750
H096,2027-03-03,17,7700
H096,2027-03-04,26,7550
H096,2027-03-05,20,8300
H096,2027-03-06,12,8450
H096,2027-03-07,18,7700
H096,2027-03-08,24,7550
H096,2027-03-09,18,7700
H096,2027-03-10,27,7500
H096,2027-03-11,23,7600
H096,2027-03-12,11,8500
H096,2027-03-13,21,8250
H096,2027-03-14,20,7650
H096,2027-03-15,25,7550
H096,2027-03-16,28,7500
H096,2027-03-17,21,7650
H096,2027-03-18,26,7550
H096,2027-03-19,9,8500
H096,2027-03-20,10,8500
H096,2027-03-21,19,7700
H096,2027-03-22,22,7650
H096,2027-03-23,27,7500
H096,2027-03-24,23,7600
H096,2027-03-25,27,7500
H096,2027-03-26,18,8300
H096,2027-03-27,16,8350
H096,2027-03-28,24,7550
H096,2027-03-29,15,7750
H096,2027-03-30,18,7700
H096,2027-03-31,17,7700
H097,2026-10-01,48,6300
H097,2026-10-02,49,6950
H097,2026-10-03,38,7100
H097,2026-10-04,56,6200
H097,2026-10-05,44,6350
H097,2026-10-06,52,6250
H097,2026-10-07,59,6150
H097,2026-10-08,54,6200
H097,2026-10-09,38,7100
H097,2026-10-10,40,7100
H097,2026-10-11,57,6200
H097,2026-10-12,52,6250
H097,2026-10-13,51,6250
H097,2026-10-14,41,6400
H097,2026-10-15,42,6400
H097,2026-10-16,35,7150
H097,2026-10-17,45,7000
H097,2026-10-18,49,6300
H097,2026-10-19,49,6300
H097,2026-10-20,42,6400
H097,2026-10-21,59,6150
H097,2026-10-22,53,6250
H097,2026-10-23,39,7100
H097,2026-10-24,42,7050
H097,2026-10-25,51,6250
H097,2026-10-26,56,6200
H097,2026-10-27,47,6300
H097,2026-10-28,49,6300
H097,2026-10-29,50,6300
H097,2026-10-30,48,6950
H097,2026-10-31,37,7100
H097,2026-11-01,37,7750
H097,2026-11-02,28,7900
H097,2026-11-03,32,7850
H097,2026-11-04,21,8000
H097,2026-11-05,32,7850
H097,2026-11-06,6,10050
H097,2026-11-07,8,10000
H097,2026-11-08,4,9450
H097,2026-11-09,19,9200
H097,2026-11-10,13,9300
H097,2026-11-11,26,7950
H097,2026-11-12,38,7750
H097,2026-11-13,31,8500
H097,2026-11-14,15,8750
H097,2026-11-15,24,7950
H097,2026-11-16,32,7850
H097,2026-11-17,29,7900
H097,2026-11-18,32,7850
H097,2026-11-19,27,7950
H097,2026-11-20,31,8500
H097,2026-11-21,28,8550
H097,2026-11-22,30,7900
H097,2026-11-23,31,7850
H097,2026-11-24,24,7950
H097,2026-11-25,25,7950
H097,2026-11-26,32,7850
H097,2026-11-27,21,8650
H097,2026-11-28,17,8700
H097,2026-11-29,40,7750
H097,2026-11-30,34,7800
H097,2026-12-01,24,7950
H097,2026-12-02,28,7900
H097,2026-12-03,26,7950
H097,2026-12-04,29,8550
H097,2026-12-05,14,8750
H097,2026-12-06,22,8000
H097,2026-12-07,40,7750
H097,2026-12-08,40,7750
H097,2026-12-09,32,7850
H097,2026-12-10,23,8000
H097,2026-12-11,22,8650
H097,2026-12-12,30,8550
H097,2026-12-13,36,7800
H097,2026-12-14,31,7850
H097,2026-12-15,22,8000
H097,2026-12-16,39,7750
H097,2026-12-17,27,7900
H097,2026-12-18,16,8750
H097,2026-12-19,21,8650
H097,2026-12-20,22,9150
H097,2026-12-21,20,9200
H097,2026-12-22,4,9450
H097,2026-12-23,20,9200
H097,2026-12-24,15,9250
H097,2026-12-25,14,9950
H097,2026-12-26,3,10100
H097,2026-12-27,4,9450
H097,2026-12-28,22,9150
H097,2026-12-29,9,9350
H097,2026-12-30,9,9350
H097,2026-12-31,11,9350
H097,2027-01-01,11,10000
H097,2027-01-02,3,10100
H097,2027-01-03,32,7850
H097,2027-01-04,31,7850
H097,2027-01-05,26,7950
H097,2027-01-06,32,7850
H097,2027-01-07,38,7750
H097,2027-01-08,29,8550
H097,2027-01-09,29,8550
H097,2027-01-10,39,7750
H097,2027-01-11,35,7800
H097,2027-01-12,39,7750
H097,2027-01-13,35,7800
H097,2027-01-14,24,7950
H097,2027-01-15,16,8750
H097,2027-01-16,24,8600
H097,2027-01-17,37,7800
H097,2027-01-18,28,7900
H097,2027-01-19,39,7750
H097,2027-01-20,29,7900
H097,2027-01-21,25,7950
H097,2027-01-22,22,8650
H097,2027-01-23,29,8550
H097,2027-01-24,27,7950
H097,2027-01-25,38,7750
H097,2027-01-26,25,7950
H097,2027-01-27,36,7800
H097,2027-01-28,23,8000
H097,2027-01-29,14,8750
H097,2027-01-30,18,8700
H097,2027-01-31,39,7750
H097,2027-02-01,33,7850
H097,2027-02-02,30,7850
H097,2027-02-03,26,7950
H097,2027-02-04,30,7850
H097,2027-02-05,21,8650
H097,2027-02-06,16,8750
H097,2027-02-07,25,7950
H097,2027-02-08,38,7750
H097,2027-02-09,23,8000
H097,2027-02-10,36,7800
H097,2027-02-11,38,7750
H097,2027-02-12,18,8700
H097,2027-02-13,12,8800
H097,2027-02-14,28,7900
H097,2027-02-15,37,7750
H097,2027-02-16,25,7950
H097,2027-02-17,29,7900
H097,2027-02-18,22,8000
H097,2027-02-19,16,8750
H097,2027-02-20,13,8800
H097,2027-02-21,28,7900
H097,2027-02-22,30,7850
H097,2027-02-23,36,7800
H097,2027-02-24,36,7800
H097,2027-02-25,22,8000
H097,2027-02-26,24,8600
H097,2027-02-27,24,8600
H097,2027-02-28,36,7800
H097,2027-03-01,36,7800
H097,2027-03-02,27,7900
H097,2027-03-03,26,7950
H097,2027-03-04,25,7950
H097,2027-03-05,31,8500
H097,2027-03-06,28,8550
H097,2027-03-07,39,7750
H097,2027-03-08,39,7750
H097,2027-03-09,22,8000
H097,2027-03-10,35,7800
H097,2027-03-11,31,7850
H097,2027-03-12,13,8800
H097,2027-03-13,22,8650
H097,2027-03-14,38,7750
H097,2027-03-15,26,7950
H097,2027-03-16,40,7750
H097,2027-03-17,39,7750
H097,2027-03-18,36,7800
H097,2027-03-19,29,8550
H097,2027-03-20,31,8500
H097,2027-03-21,36,7800
H097,2027-03-22,26,7950
H097,2027-03-23,35,7800
H097,2027-03-24,35,7800
H097,2027-03-25,24,7950
H097,2027-03-26,27,8550
H097,2027-03-27,25,8600
H097,2027-03-28,35,7800
H097,2027-03-29,29,7900
H097,2027-03-30,39,7750
H097,2027-03-31,27,7900
H098,2026-10-01,56,24550
H098,2026-10-02,47,27600
H098,2026-10-03,48,27550
H098,2026-10-04,56,24500
H098,2026-10-05,48,25000
H098,2026-10-06,43,25250
H098,2026-10-07,57,24500
H098,2026-10-08,52,24750
H098,2026-10-09,48,27500
H098,2026-10-10,36,28200
H098,2026-10-11,49,24950
H098,2026-10-12,46,25100
H098,2026-10-13,61,24250
H098,2026-10-14,53,24700
H098,2026-10-15,46,25050
H098,2026-10-16,49,27500
H098,2026-10-17,41,27900
H098,2026-10-18,56,24550
H098,2026-10-19,53,24700
H098,2026-10-20,49,24900
H098,2026-10-21,45,25150
H098,2026-10-22,60,24300
H098,2026-10-23,35,28250
H098,2026-10-24,53,27250
H098,2026-10-25,61,24250
H098,2026-10-26,62,24200
H098,2026-10-27,49,24950
H098,2026-10-28,56,24550
H098,2026-10-29,44,25200
H098,2026-10-30,44,27750
H098,2026-10-31,38,28100
H098,2026-11-01,28,31200
H098,2026-11-02,27,31250
H098,2026-11-03,40,30550
H098,2026-11-04,41,30450
H098,2026-11-05,37,30700
H098,2026-11-06,4,39750
H098,2026-11-07,5,39650
H098,2026-11-08,22,36150
H098,2026-11-09,20,36250
H098,2026-11-10,9,36900
H098,2026-11-11,27,31250
H098,2026-11-12,25,31400
H098,2026-11-13,30,33650
H098,2026-11-14,22,34100
H098,2026-11-15,42,30450
H098,2026-11-16,33,30950
H098,2026-11-17,41,30450
H098,2026-11-18,28,31200
H098,2026-11-19,32,31000
H098,2026-11-20,14,34550
H098,2026-11-21,23,34050
H098,2026-11-22,23,31450
H098,2026-11-23,27,31250
H098,2026-11-24,37,30700
H098,2026-11-25,29,31200
H098,2026-11-26,40,30550
H098,2026-11-27,21,34150
H098,2026-11-28,30,33650
H098,2026-11-29,23,31500
H098,2026-11-30,36,30750
H098,2026-12-01,41,30500
H098,2026-12-02,30,31100
H098,2026-12-03,35,30850
H098,2026-12-04,17,34350
H098,2026-12-05,24,33950
H098,2026-12-06,25,31350
H098,2026-12-07,24,31450
H098,2026-12-08,38,30650
H098,2026-12-09,25,31400
H098,2026-12-10,22,31550
H098,2026-12-11,26,33900
H098,2026-12-12,33,33500
H098,2026-12-13,41,30500
H098,2026-12-14,29,31150
H098,2026-12-15,36,30800
H098,2026-12-16,33,30900
H098,2026-12-17,26,31350
H098,2026-12-18,32,33550
H098,2026-12-19,32,33500
H098,2026-12-20,8,36950
H098,2026-12-21,10,36800
H098,2026-12-22,7,37000
H098,2026-12-23,9,36850
H098,2026-12-24,20,36300
H098,2026-12-25,14,39200
H098,2026-12-26,5,39650
H098,2026-12-27,12,36750
H098,2026-12-28,6,37050
H098,2026-12-29,20,36300
H098,2026-12-30,14,36600
H098,2026-12-31,13,36650
H098,2027-01-01,5,39650
H098,2027-01-02,3,39800
H098,2027-01-03,42,30450
H098,2027-01-04,32,31000
H098,2027-01-05,39,30600
H098,2027-01-06,38,30650
H098,2027-01-07,37,30700
H098,2027-01-08,29,33700
H098,2027-01-09,30,33650
H098,2027-01-10,36,30800
H098,2027-01-11,30,31100
H098,2027-01-12,34,30900
H098,2027-01-13,33,30900
H098,2027-01-14,36,30750
H098,2027-01-15,29,33750
H098,2027-01-16,15,34500
H098,2027-01-17,32,30950
H098,2027-01-18,41,30500
H098,2027-01-19,28,31250
H098,2027-01-20,36,30750
H098,2027-01-21,35,30800
H098,2027-01-22,29,33700
H098,2027-01-23,32,33550
H098,2027-01-24,32,31000
H098,2027-01-25,27,31250
H098,2027-01-26,25,31400
H098,2027-01-27,27,31250
H098,2027-01-28,37,30750
H098,2027-01-29,32,33550
H098,2027-01-30,19,34300
H098,2027-01-31,34,30850
H098,2027-02-01,35,30800
H098,2027-02-02,24,31450
H098,2027-02-03,27,31300
H098,2027-02-04,34,30900
H098,2027-02-05,25,33950
H098,2027-02-06,27,33800
H098,2027-02-07,31,31050
H098,2027-02-08,22,31550
H098,2027-02-09,25,31350
H098,2027-02-10,29,31150
H098,2027-02-11,38,30650
H098,2027-02-12,29,33700
H098,2027-02-13,23,34050
H098,2027-02-14,27,31250
H098,2027-02-15,41,30500
H098,2027-02-16,26,31300
H098,2027-02-17,31,31000
H098,2027-02-18,30,31100
H098,2027-02-19,24,34000
H098,2027-02-20,31,33600
H098,2027-02-21,26,31350
H098,2027-02-22,40,30550
H098,2027-02-23,39,30600
H098,2027-02-24,37,30750
H098,2027-02-25,32,31000
H098,2027-02-26,17,34350
H098,2027-02-27,26,33900
H098,2027-02-28,29,31200
H098,2027-03-01,26,31350
H098,2027-03-02,28,31250
H098,2027-03-03,27,31250
H098,2027-03-04,37,30700
H098,2027-03-05,21,34150
H098,2027-03-06,25,33950
H098,2027-03-07,40,30550
H098,2027-03-08,27,31250
H098,2027-03-09,30,31050
H098,2027-03-10,28,31200
H098,2027-03-11,25,31400
H098,2027-03-12,27,33800
H098,2027-03-13,23,34000
H098,2027-03-14,24,31450
H098,2027-03-15,39,30600
H098,2027-03-16,35,30800
H098,2027-03-17,41,30450
H098,2027-03-18,30,31100
H098,2027-03-19,23,34050
H098,2027-03-20,31,33650
H098,2027-03-21,41,30450
H098,2027-03-22,41,30500
H098,2027-03-23,35,30800
H098,2027-03-24,27,31300
H098,2027-03-25,30,31050
H098,2027-03-26,14,34500
H098,2027-03-27,29,33700
H098,2027-03-28,38,30650
H098,2027-03-29,31,31050
H098,2027-03-30,30,31100
H098,2027-03-31,35,30850
H099,2026-10-01,28,15550
H099,2026-10-02,21,17550
H099,2026-10-03,28,17150
H099,2026-10-04,34,15200
H099,2026-10-05,27,15650
H099,2026-10-06,31,15350
H099,2026-10-07,30,15450
H099,2026-10-08,32,15300
H099,2026-10-09,25,17350
H099,2026-10-10,25,17300
H099,2026-10-11,27,15650
H099,2026-10-12,34,15200
H099,2026-10-13,35,15150
H099,2026-10-14,30,15450
H099,2026-10-15,28,15550
H099,2026-10-16,28,17150
H099,2026-10-17,28,17200
H099,2026-10-18,33,15250
H099,2026-10-19,24,15800
H099,2026-10-20,29,15500
H099,2026-10-21,25,15750
H099,2026-10-22,26,15650
H099,2026-10-23,20,17650
H099,2026-10-24,27,17200
H099,2026-10-25,27,15600
H099,2026-10-26,34,15150
H099,2026-10-27,31,15350
H099,2026-10-28,24,15800
H099,2026-10-29,26,15650
H099,2026-10-30,29,17100
H099,2026-10-31,22,17500
H099,2026-11-01,17,19400
H099,2026-11-02,23,19050
H099,2026-11-03,16,19500
H099,2026-11-04,21,19200
H099,2026-11-05,21,19200
H099,2026-11-06,2,24850
H099,2026-11-07,7,24500
H099,2026-11-08,11,22700
H099,2026-11-09,4,23100
H099,2026-11-10,5,23050
H099,2026-11-11,18,19400
H099,2026-11-12,22,19150
H099,2026-11-13,18,21000
H099,2026-11-14,11,21400
H099,2026-11-15,20,19250
H099,2026-11-16,23,19100
H099,2026-11-17,23,19050
H099,2026-11-18,15,19600
H099,2026-11-19,15,19550
H099,2026-11-20,14,21250
H099,2026-11-21,18,21000
H099,2026-11-22,21,19200
H099,2026-11-23,22,19150
H099,2026-11-24,23,19100
H099,2026-11-25,17,19450
H099,2026-11-26,16,19500
H099,2026-11-27,11,21400
H099,2026-11-28,14,21250
H099,2026-11-29,14,19600
H099,2026-11-30,13,19700
H099,2026-12-01,21,19150
H099,2026-12-02,13,19700
H099,2026-12-03,19,19300
H099,2026-12-04,9,21500
H099,2026-12-05,9,21500
H099,2026-12-06,20,19250
H099,2026-12-07,14,19600
H099,2026-12-08,22,19100
H099,2026-12-09,13,19650
H099,2026-12-10,18,19350
H099,2026-12-11,10,21450
H099,2026-12-12,18,21000
H099,2026-12-13,16,19500
H099,2026-12-14,24,19050
H099,2026-12-15,16,19450
H099,2026-12-16,16,19500
H099,2026-12-17,17,19400
H099,2026-12-18,10,21450
H099,2026-12-19,15,21150
H099,2026-12-20,13,22550
H099,2026-12-21,7,22950
H099,2026-12-22,7,22900
H099,2026-12-23,5,23000
H099,2026-12-24,4,23150
H099,2026-12-25,2,24850
H099,2026-12-26,7,24550
H099,2026-12-27,12,22650
H099,2026-12-28,13,22550
H099,2026-12-29,4,23100
H099,2026-12-30,8,22900
H099,2026-12-31,2,23200
H099,2027-01-01,2,24850
H099,2027-01-02,2,24850
H099,2027-01-03,19,19300
H099,2027-01-04,18,19350
H099,2027-01-05,24,19000
H099,2027-01-06,16,19500
H099,2027-01-07,16,19500
H099,2027-01-08,9,21550
H099,2027-01-09,18,20950
H099,2027-01-10,20,19250
H099,2027-01-11,16,19500
H099,2027-01-12,17,19400
H099,2027-01-13,19,19300
H099,2027-01-14,23,19050
H099,2027-01-15,11,21400
H099,2027-01-16,9,21500
H099,2027-01-17,16,19500
H099,2027-01-18,16,19500
H099,2027-01-19,16,19450
H099,2027-01-20,13,19650
H099,2027-01-21,20,19250
H099,2027-01-22,17,21000
H099,2027-01-23,15,21150
H099,2027-01-24,21,19200
H099,2027-01-25,16,19500
H099,2027-01-26,21,19200
H099,2027-01-27,19,19350
H099,2027-01-28,17,19400
H099,2027-01-29,8,21550
H099,2027-01-30,19,20950
H099,2027-01-31,18,19400
H099,2027-02-01,14,19650
H099,2027-02-02,18,19350
H099,2027-02-03,20,19250
H099,2027-02-04,17,19450
H099,2027-02-05,14,21250
H099,2027-02-06,16,21100
H099,2027-02-07,20,19250
H099,2027-02-08,21,19200
H099,2027-02-09,21,19200
H099,2027-02-10,16,19500
H099,2027-02-11,18,19350
H099,2027-02-12,19,20950
H099,2027-02-13,11,21450
H099,2027-02-14,16,19550
H099,2027-02-15,17,19450
H099,2027-02-16,14,19600
H099,2027-02-17,23,19050
H099,2027-02-18,13,19650
H099,2027-02-19,10,21450
H099,2027-02-20,16,21100
H099,2027-02-21,24,19000
H099,2027-02-22,18,19400
H099,2027-02-23,14,19650
H099,2027-02-24,16,19500
H099,2027-02-25,20,19200
H099,2027-02-26,10,21450
H099,2027-02-27,15,21150
H099,2027-02-28,17,19400
H099,2027-03-01,19,19300
H099,2027-03-02,13,19650
H099,2027-03-03,16,19500
H099,2027-03-04,23,19050
H099,2027-03-05,8,21600
H099,2027-03-06,12,21350
H099,2027-03-07,18,19400
H099,2027-03-08,20,19250
H099,2027-03-09,19,19300
H099,2027-03-10,20,19250
H099,2027-03-11,21,19200
H099,2027-03-12,8,21600
H099,2027-03-13,15,21150
H099,2027-03-14,20,19250
H099,2027-03-15,22,19100
H099,2027-03-16,20,19250
H099,2027-03-17,18,19400
H099,2027-03-18,17,19400
H099,2027-03-19,10,21500
H099,2027-03-20,15,21150
H099,2027-03-21,18,19400
H099,2027-03-22,13,19650
H099,2027-03-23,13,19650
H099,2027-03-24,13,19650
H099,2027-03-25,23,19100
H099,2027-03-26,9,21550
H099,2027-03-27,11,21400
H099,2027-03-28,13,19700
H099,2027-03-29,16,19500
H099,2027-03-30,20,19250
H099,2027-03-31,13,19700
H100,2026-10-01,11,4700
H100,2026-10-02,7,5200
H100,2026-10-03,7,5200
H100,2026-10-04,7,4800
H100,2026-10-05,9,4750
H100,2026-10-06,7,4800
H100,2026-10-07,8,4800
H100,2026-10-08,7,4800
H100,2026-10-09,9,5150
H100,2026-10-10,5,5250
H100,2026-10-11,11,4700
H100,2026-10-12,12,4650
H100,2026-10-13,10,4700
H100,2026-10-14,12,4700
H100,2026-10-15,12,4700
H100,2026-10-16,8,5200
H100,2026-10-17,10,5150
H100,2026-10-18,11,4700
H100,2026-10-19,13,4650
H100,2026-10-20,14,4650
H100,2026-10-21,7,4800
H100,2026-10-22,8,4800
H100,2026-10-23,10,5150
H100,2026-10-24,9,5150
H100,2026-10-25,9,4750
H100,2026-10-26,7,4800
H100,2026-10-27,10,4750
H100,2026-10-28,12,4700
H100,2026-10-29,13,4650
H100,2026-10-30,11,5100
H100,2026-10-31,5,5250
H100,2026-11-01,17,3750
H100,2026-11-02,15,3800
H100,2026-11-03,14,3850
H100,2026-11-04,20,3700
H100,2026-11-05,16,3800
H100,2026-11-06,7,5150
H100,2026-11-07,8,5100
H100,2026-11-08,10,4650
H100,2026-11-09,10,4650
H100,2026-11-10,13,4600
H100,2026-11-11,16,3800
H100,2026-11-12,19,3700
H100,2026-11-13,17,4150
H100,2026-11-14,11,4300
H100,2026-11-15,19,3700
H100,2026-11-16,17,3800
H100,2026-11-17,20,3700
H100,2026-11-18,19,3700
H100,2026-11-19,16,3800
H100,2026-11-20,14,4250
H100,2026-11-21,13,4250
H100,2026-11-22,15,3850
H100,2026-11-23,15,3800
H100,2026-11-24,18,3750
H100,2026-11-25,19,3700
H100,2026-11-26,20,3700
H100,2026-11-27,15,4200
H100,2026-11-28,12,4300
H100,2026-11-29,16,3800
H100,2026-11-30,20,3700
H100,2026-12-01,14,3850
H100,2026-12-02,14,3850
H100,2026-12-03,17,3750
H100,2026-12-04,16,4200
H100,2026-12-05,16,4200
H100,2026-12-06,17,3800
H100,2026-12-07,17,3800
H100,2026-12-08,18,3750
H100,2026-12-09,16,3800
H100,2026-12-10,15,3800
H100,2026-12-11,13,4250
H100,2026-12-12,14,4250
H100,2026-12-13,17,3750
H100,2026-12-14,17,3750
H100,2026-12-15,14,3850
H100,2026-12-16,16,3800
H100,2026-12-17,20,3700
H100,2026-12-18,12,4300
H100,2026-12-19,12,4300
H100,2026-12-20,14,4550
H100,2026-12-21,12,4600
H100,2026-12-22,8,4700
H100,2026-12-23,10,4650
H100,2026-12-24,12,4600
H100,2026-12-25,8,5100
H100,2026-12-26,8,5100
H100,2026-12-27,14,4550
H100,2026-12-28,11,4650
H100,2026-12-29,10,4650
H100,2026-12-30,14,4550
H100,2026-12-31,11,4600
H100,2027-01-01,11,5000
H100,2027-01-02,8,5100
H100,2027-01-03,15,3850
H100,2027-01-04,20,3700
H100,2027-01-05,17,3750
H100,2027-01-06,19,3700
H100,2027-01-07,15,3850
H100,2027-01-08,16,4200
H100,2027-01-09,11,4300
H100,2027-01-10,16,3800
H100,2027-01-11,19,3700
H100,2027-01-12,17,3750
H100,2027-01-13,18,3750
H100,2027-01-14,16,3800
H100,2027-01-15,11,4300
H100,2027-01-16,13,4250
H100,2027-01-17,18,3750
H100,2027-01-18,16,3800
H100,2027-01-19,19,3700
H100,2027-01-20,16,3800
H100,2027-01-21,15,3800
H100,2027-01-22,17,4150
H100,2027-01-23,17,4150
H100,2027-01-24,19,3700
H100,2027-01-25,16,3800
H100,2027-01-26,15,3850
H100,2027-01-27,19,3700
H100,2027-01-28,14,3850
H100,2027-01-29,14,4250
H100,2027-01-30,14,4250
H100,2027-01-31,19,3700
H100,2027-02-01,19,3700
H100,2027-02-02,16,3800
H100,2027-02-03,14,3850
H100,2027-02-04,14,3850
H100,2027-02-05,15,4200
H100,2027-02-06,12,4300
H100,2027-02-07,20,3700
H100,2027-02-08,20,3700
H100,2027-02-09,16,3800
H100,2027-02-10,16,3800
H100,2027-02-11,19,3750
H100,2027-02-12,14,4250
H100,2027-02-13,12,4300
H100,2027-02-14,16,3800
H100,2027-02-15,20,3700
H100,2027-02-16,16,3800
H100,2027-02-17,19,3700
H100,2027-02-18,18,3750
H100,2027-02-19,16,4200
H100,2027-02-20,13,4250
H100,2027-02-21,17,3800
H100,2027-02-22,16,3800
H100,2027-02-23,14,3850
H100,2027-02-24,18,3750
H100,2027-02-25,16,3800
H100,2027-02-26,16,4200
H100,2027-02-27,15,4200
H100,2027-02-28,19,3700
H100,2027-03-01,20,3700
H100,2027-03-02,18,3750
H100,2027-03-03,18,3750
H100,2027-03-04,20,3700
H100,2027-03-05,17,4150
H100,2027-03-06,16,4200
H100,2027-03-07,19,3700
H100,2027-03-08,18,3750
H100,2027-03-09,18,3750
H100,2027-03-10,16,3800
H100,2027-03-11,20,3700
H100,2027-03-12,16,4200
H100,2027-03-13,14,4250
H100,2027-03-14,20,3700
H100,2027-03-15,19,3700
H100,2027-03-16,17,3750
H100,2027-03-17,17,3750
H100,2027-03-18,17,3750
H100,2027-03-19,14,4250
H100,2027-03-20,17,4150
H100,2027-03-21,15,3800
H100,2027-03-22,19,3700
H100,2027-03-23,18,3750
H100,2027-03-24,18,3750
H100,2027-03-25,17,3750
H100,2027-03-26,17,4150
H100,2027-03-27,15,4200
H100,2027-03-28,16,3800
H100,2027-03-29,18,3750
H100,2027-03-30,16,3800
H100,2027-03-31,20,3700
H101,2026-10-01,5,3100
H101,2026-10-02,3,3450
H101,2026-10-03,3,3450
H101,2026-10-04,4,3150
H101,2026-10-05,3,3200
H101,2026-10-06,4,3150
H101,2026-10-07,5,3100
H101,2026-10-08,3,3200
H101,2026-10-09,2,3500
H101,2026-10-10,4,3450
H101,2026-10-11,5,3100
H101,2026-10-12,5,3150
H101,2026-10-13,4,3150
H101,2026-10-14,5,3100
H101,2026-10-15,4,3150
H101,2026-10-16,4,3400
H101,2026-10-17,2,3500
H101,2026-10-18,3,3200
H101,2026-10-19,6,3100
H101,2026-10-20,5,3100
H101,2026-10-21,4,3150
H101,2026-10-22,4,3150
H101,2026-10-23,3,3450
H101,2026-10-24,4,3400
H101,2026-10-25,5,3100
H101,2026-10-26,4,3150
H101,2026-10-27,4,3150
H101,2026-10-28,5,3100
H101,2026-10-29,5,3100
H101,2026-10-30,4,3450
H101,2026-10-31,2,3500
H101,2026-11-01,6,2550
H101,2026-11-02,7,2500
H101,2026-11-03,8,2500
H101,2026-11-04,6,2550
H101,2026-11-05,6,2550
H101,2026-11-06,2,3450
H101,2026-11-07,4,3350
H101,2026-11-08,5,3050
H101,2026-11-09,4,3100
H101,2026-11-10,4,3100
H101,2026-11-11,7,2500
H101,2026-11-12,7,2500
H101,2026-11-13,6,2800
H101,2026-11-14,7,2750
H101,2026-11-15,6,2550
H101,2026-11-16,7,2500
H101,2026-11-17,7,2500
H101,2026-11-18,7,2500
H101,2026-11-19,6,2550
H101,2026-11-20,7,2750
H101,2026-11-21,6,2800
H101,2026-11-22,7,2500
H101,2026-11-23,7,2500
H101,2026-11-24,8,2450
H101,2026-11-25,6,2550
H101,2026-11-26,8,2450
H101,2026-11-27,6,2800
H101,2026-11-28,6,2850
H101,2026-11-29,7,2500
H101,2026-11-30,6,2550
H101,2026-12-01,6,2550
H101,2026-12-02,8,2500
H101,2026-12-03,6,2550
H101,2026-12-04,5,2850
H101,2026-12-05,6,2800
H101,2026-12-06,6,2550
H101,2026-12-07,7,2500
H101,2026-12-08,6,2550
H101,2026-12-09,7,2500
H101,2026-12-10,7,2500
H101,2026-12-11,6,2800
H101,2026-12-12,6,2800
H101,2026-12-13,7,2500
H101,2026-12-14,7,2500
H101,2026-12-15,7,2500
H101,2026-12-16,6,2550
H101,2026-12-17,6,2550
H101,2026-12-18,4,2900
H101,2026-12-19,7,2800
H101,2026-12-20,3,3150
H101,2026-12-21,4,3100
H101,2026-12-22,5,3050
H101,2026-12-23,5,3050
H101,2026-12-24,6,3050
H101,2026-12-25,2,3450
H101,2026-12-26,3,3400
H101,2026-12-27,6,3050
H101,2026-12-28,5,3100
H101,2026-12-29,6,3050
H101,2026-12-30,5,3050
H101,2026-12-31,5,3050
H101,2027-01-01,4,3350
H101,2027-01-02,4,3400
H101,2027-01-03,6,2550
H101,2027-01-04,6,2550
H101,2027-01-05,7,2500
H101,2027-01-06,6,2550
H101,2027-01-07,7,2500
H101,2027-01-08,5,2850
H101,2027-01-09,5,2850
H101,2027-01-10,7,2500
H101,2027-01-11,8,2450
H101,2027-01-12,8,2450
H101,2027-01-13,7,2500
H101,2027-01-14,6,2550
H101,2027-01-15,5,2850
H101,2027-01-16,6,2800
H101,2027-01-17,8,2450
H101,2027-01-18,7,2500
H101,2027-01-19,7,2500
H101,2027-01-20,7,2500
H101,2027-01-21,7,2500
H101,2027-01-22,5,2850
H101,2027-01-23,6,2800
H101,2027-01-24,6,2550
H101,2027-01-25,6,2550
H101,2027-01-26,6,2550
H101,2027-01-27,6,2550
H101,2027-01-28,7,2500
H101,2027-01-29,5,2850
H101,2027-01-30,5,2850
H101,2027-01-31,6,2550
H101,2027-02-01,7,2550
H101,2027-02-02,6,2550
H101,2027-02-03,6,2550
H101,2027-02-04,8,2450
H101,2027-02-05,5,2850
H101,2027-02-06,6,2800
H101,2027-02-07,7,2500
H101,2027-02-08,6,2550
H101,2027-02-09,6,2550
H101,2027-02-10,6,2550
H101,2027-02-11,8,2450
H101,2027-02-12,7,2750
H101,2027-02-13,7,2750
H101,2027-02-14,7,2500
H101,2027-02-15,6,2550
H101,2027-02-16,6,2550
H101,2027-02-17,7,2500
H101,2027-02-18,6,2550
H101,2027-02-19,6,2800
H101,2027-02-20,5,2850
H101,2027-02-21,6,2550
H101,2027-02-22,6,2550
H101,2027-02-23,7,2500
H101,2027-02-24,7,2500
H101,2027-02-25,8,2500
H101,2027-02-26,5,2850
H101,2027-02-27,6,2800
H101,2027-02-28,8,2500
H101,2027-03-01,7,2500
H101,2027-03-02,8,2500
H101,2027-03-03,7,2500
H101,2027-03-04,6,2550
H101,2027-03-05,5,2850
H101,2027-03-06,5,2850
H101,2027-03-07,6,2550
H101,2027-03-08,7,2500
H101,2027-03-09,7,2500
H101,2027-03-10,6,2550
H101,2027-03-11,6,2550
H101,2027-03-12,5,2850
H101,2027-03-13,6,2850
H101,2027-03-14,8,2450
H101,2027-03-15,7,2500
H101,2027-03-16,6,2550
H101,2027-03-17,7,2500
H101,2027-03-18,6,2550
H101,2027-03-19,5,2850
H101,2027-03-20,6,2800
H101,2027-03-21,7,2500
H101,2027-03-22,7,2500
H101,2027-03-23,7,2500
H101,2027-03-24,8,2450
H101,2027-03-25,6,2550
H101,2027-03-26,6,2800
H101,2027-03-27,7,2800
H101,2027-03-28,7,2500
H101,2027-03-29,7,2500
H101,2027-03-30,7,2500
H101,2027-03-31,7,2500
H102,2026-10-01,9,4500
H102,2026-10-02,6,5000
H102,2026-10-03,3,5100
H102,2026-10-04,6,4650
H102,2026-10-05,7,4600
H102,2026-10-06,7,4550
H102,2026-10-07,6,4600
H102,2026-10-08,6,4600
H102,2026-10-09,4,5100
H102,2026-10-10,3,5100
H102,2026-10-11,6,4600
H102,2026-10-12,7,4600
H102,2026-10-13,7,4600
H102,2026-10-14,8,4550
H102,2026-10-15,5,4650
H102,2026-10-16,5,5050
H102,2026-10-17,6,5000
H102,2026-10-18,8,4550
H102,2026-10-19,6,4600
H102,2026-10-20,8,4550
H102,2026-10-21,5,4650
H102,2026-10-22,7,4600
H102,2026-10-23,5,5050
H102,2026-10-24,7,5000
H102,2026-10-25,5,4700
H102,2026-10-26,5,4650
H102,2026-10-27,6,4650
H102,2026-10-28,6,4650
H102,2026-10-29,6,4600
H102,2026-10-30,4,5050
H102,2026-10-31,6,5000
H102,2026-11-01,10,3700
H102,2026-11-02,9,3750
H102,2026-11-03,9,3750
H102,2026-11-04,9,3750
H102,2026-11-05,10,3700
H102,2026-11-06,5,4950
H102,2026-11-07,6,4900
H102,2026-11-08,5,4550
H102,2026-11-09,8,4500
H102,2026-11-10,5,4600
H102,2026-11-11,13,3600
H102,2026-11-12,9,3750
H102,2026-11-13,10,4100
H102,2026-11-14,10,4100
H102,2026-11-15,11,3650
H102,2026-11-16,11,3700
H102,2026-11-17,12,3650
H102,2026-11-18,11,3650
H102,2026-11-19,11,3650
H102,2026-11-20,9,4150
H102,2026-11-21,10,4050
H102,2026-11-22,11,3650
H102,2026-11-23,10,3700
H102,2026-11-24,13,3600
H102,2026-11-25,10,3700
H102,2026-11-26,13,3600
H102,2026-11-27,8,4200
H102,2026-11-28,10,4100
H102,2026-11-29,12,3600
H102,2026-11-30,9,3750
H102,2026-12-01,13,3600
H102,2026-12-02,12,3650
H102,2026-12-03,9,3750
H102,2026-12-04,7,4200
H102,2026-12-05,8,4150
H102,2026-12-06,12,3600
H102,2026-12-07,11,3650
H102,2026-12-08,13,3600
H102,2026-12-09,11,3650
H102,2026-12-10,10,3700
H102,2026-12-11,8,4150
H102,2026-12-12,11,4050
H102,2026-12-13,12,3650
H102,2026-12-14,11,3700
H102,2026-12-15,9,3750
H102,2026-12-16,13,3600
H102,2026-12-17,10,3700
H102,2026-12-18,7,4200
H102,2026-12-19,8,4200
H102,2026-12-20,7,4500
H102,2026-12-21,8,4450
H102,2026-12-22,6,4550
H102,2026-12-23,8,4500
H102,2026-12-24,6,4550
H102,2026-12-25,3,5050
H102,2026-12-26,7,4900
H102,2026-12-27,6,4550
H102,2026-12-28,8,4500
H102,2026-12-29,7,4500
H102,2026-12-30,5,4600
H102,2026-12-31,6,4550
H102,2027-01-01,4,5000
H102,2027-01-02,4,5000
H102,2027-01-03,12,3650
H102,2027-01-04,11,3650
H102,2027-01-05,12,3650
H102,2027-01-06,13,3600
H102,2027-01-07,11,3700
H102,2027-01-08,8,4200
H102,2027-01-09,9,4100
H102,2027-01-10,10,3700
H102,2027-01-11,10,3700
H102,2027-01-12,12,3600
H102,2027-01-13,12,3600
H102,2027-01-14,11,3650
H102,2027-01-15,10,4100
H102,2027-01-16,9,4100
H102,2027-01-17,9,3750
H102,2027-01-18,11,3650
H102,2027-01-19,9,3750
H102,2027-01-20,10,3700
H102,2027-01-21,11,3650
H102,2027-01-22,10,4100
H102,2027-01-23,11,4050
H102,2027-01-24,12,3600
H102,2027-01-25,10,3700
H102,2027-01-26,12,3600
H102,2027-01-27,12,3650
H102,2027-01-28,11,3650
H102,2027-01-29,9,4100
H102,2027-01-30,8,4200
H102,2027-01-31,11,3650
H102,2027-02-01,12,3650
H102,2027-02-02,12,3600
H102,2027-02-03,12,3600
H102,2027-02-04,12,3650
H102,2027-02-05,9,4150
H102,2027-02-06,10,4100
H102,2027-02-07,10,3700
H102,2027-02-08,10,3700
H102,2027-02-09,10,3700
H102,2027-02-10,9,3750
H102,2027-02-11,13,3600
H102,2027-02-12,11,4050
H102,2027-02-13,11,4050
H102,2027-02-14,12,3600
H102,2027-02-15,11,3700
H102,2027-02-16,10,3700
H102,2027-02-17,10,3700
H102,2027-02-18,11,3700
H102,2027-02-19,8,4150
H102,2027-02-20,9,4100
H102,2027-02-21,10,3700
H102,2027-02-22,10,3700
H102,2027-02-23,13,3600
H102,2027-02-24,12,3600
H102,2027-02-25,9,3750
H102,2027-02-26,9,4100
H102,2027-02-27,10,4100
H102,2027-02-28,10,3700
H102,2027-03-01,10,3700
H102,2027-03-02,10,3700
H102,2027-03-03,12,3600
H102,2027-03-04,10,3700
H102,2027-03-05,10,4050
H102,2027-03-06,8,4150
H102,2027-03-07,10,3700
H102,2027-03-08,10,3700
H102,2027-03-09,9,3750
H102,2027-03-10,12,3650
H102,2027-03-11,13,3600
H102,2027-03-12,7,4200
H102,2027-03-13,9,4150
H102,2027-03-14,13,3600
H102,2027-03-15,10,3700
H102,2027-03-16,10,3700
H102,2027-03-17,12,3600
H102,2027-03-18,9,3750
H102,2027-03-19,8,4150
H102,2027-03-20,9,4150
H102,2027-03-21,10,3700
H102,2027-03-22,11,3650
H102,2027-03-23,12,3600
H102,2027-03-24,9,3750
H102,2027-03-25,12,3650
H102,2027-03-26,11,4050
H102,2027-03-27,8,4150
H102,2027-03-28,11,3650
H102,2027-03-29,11,3650
H102,2027-03-30,12,3600
H102,2027-03-31,9,3750
H103,2026-10-01,29,10700
H103,2026-10-02,17,11800
H103,2026-10-03,24,11650
H103,2026-10-04,22,10800
H103,2026-10-05,25,10750
H103,2026-10-06,25,10750
H103,2026-10-07,38,10500
H103,2026-10-08,30,10650
H103,2026-10-09,19,11750
H103,2026-10-10,29,11550
H103,2026-10-11,25,10750
H103,2026-10-12,38,10500
H103,2026-10-13,36,10550
H103,2026-10-14,25,10750
H103,2026-10-15,24,10800
H103,2026-10-16,13,11900
H103,2026-10-17,26,11650
H103,2026-10-18,33,10600
H103,2026-10-19,35,10550
H103,2026-10-20,38,10500
H103,2026-10-21,37,10500
H103,2026-10-22,35,10550
H103,2026-10-23,22,11700
H103,2026-10-24,24,11650
H103,2026-10-25,38,10500
H103,2026-10-26,37,10550
H103,2026-10-27,39,10500
H103,2026-10-28,32,10650
H103,2026-10-29,24,10750
H103,2026-10-30,22,11700
H103,2026-10-31,14,11850
H103,2026-11-01,55,8400
H103,2026-11-02,56,8400
H103,2026-11-03,46,8600
H103,2026-11-04,54,8450
H103,2026-11-05,43,8650
H103,2026-11-06,29,11400
H103,2026-11-07,29,11400
H103,2026-11-08,37,10350
H103,2026-11-09,32,10450
H103,2026-11-10,30,10500
H103,2026-11-11,51,8500
H103,2026-11-12,49,8500
H103,2026-11-13,49,9400
H103,2026-11-14,36,9650
H103,2026-11-15,48,8550
H103,2026-11-16,51,8500
H103,2026-11-17,42,8650
H103,2026-11-18,44,8650
H103,2026-11-19,57,8350
H103,2026-11-20,32,9750
H103,2026-11-21,46,9450
H103,2026-11-22,59,8350
H103,2026-11-23,44,8600
H103,2026-11-24,52,8450
H103,2026-11-25,50,8500
H103,2026-11-26,48,8550
H103,2026-11-27,39,9600
H103,2026-11-28,34,9700
H103,2026-11-29,49,8500
H103,2026-11-30,41,8650
H103,2026-12-01,49,8550
H103,2026-12-02,49,8500
H103,2026-12-03,51,8500
H103,2026-12-04,36,9650
H103,2026-12-05,48,9450
H103,2026-12-06,58,8350
H103,2026-12-07,41,8700
H103,2026-12-08,59,8350
H103,2026-12-09,48,8550
H103,2026-12-10,58,8350
H103,2026-12-11,32,9750
H103,2026-12-12,42,9550
H103,2026-12-13,58,8350
H103,2026-12-14,52,8450
H103,2026-12-15,60,8300
H103,2026-12-16,49,8500
H103,2026-12-17,44,8650
H103,2026-12-18,35,9700
H103,2026-12-19,39,9600
H103,2026-12-20,41,10250
H103,2026-12-21,30,10500
H103,2026-12-22,30,10500
H103,2026-12-23,38,10350
H103,2026-12-24,24,10600
H103,2026-12-25,20,11550
H103,2026-12-26,17,11600
H103,2026-12-27,37,10350
H103,2026-12-28,34,10400
H103,2026-12-29,30,10500
H103,2026-12-30,37,10350
H103,2026-12-31,26,10550
H103,2027-01-01,19,11600
H103,2027-01-02,23,11500
H103,2027-01-03,60,8300
H103,2027-01-04,55,8400
H103,2027-01-05,45,8600
H103,2027-01-06,41,8700
H103,2027-01-07,53,8450
H103,2027-01-08,35,9700
H103,2027-01-09,33,9750
H103,2027-01-10,49,8500
H103,2027-01-11,46,8600
H103,2027-01-12,53,8450
H103,2027-01-13,48,8550
H103,2027-01-14,59,8300
H103,2027-01-15,49,9400
H103,2027-01-16,34,9700
H103,2027-01-17,42,8650
H103,2027-01-18,49,8500
H103,2027-01-19,59,8350
H103,2027-01-20,55,8400
H103,2027-01-21,42,8650
H103,2027-01-22,45,9500
H103,2027-01-23,35,9700
H103,2027-01-24,51,8500
H103,2027-01-25,41,8700
H103,2027-01-26,47,8550
H103,2027-01-27,45,8600
H103,2027-01-28,48,8550
H103,2027-01-29,42,9550
H103,2027-01-30,36,9650
H103,2027-01-31,59,8300
H103,2027-02-01,42,8650
H103,2027-02-02,58,8350
H103,2027-02-03,57,8350
H103,2027-02-04,49,8550
H103,2027-02-05,37,9650
H103,2027-02-06,40,9600
H103,2027-02-07,51,8500
H103,2027-02-08,59,8350
H103,2027-02-09,49,8500
H103,2027-02-10,54,8450
H103,2027-02-11,52,8450
H103,2027-02-12,48,9450
H103,2027-02-13,51,9350
H103,2027-02-14,48,8550
H103,2027-02-15,59,8350
H103,2027-02-16,52,8450
H103,2027-02-17,49,8500
H103,2027-02-18,49,8500
H103,2027-02-19,38,9600
H103,2027-02-20,45,9500
H103,2027-02-21,51,8500
H103,2027-02-22,41,8700
H103,2027-02-23,45,8600
H103,2027-02-24,54,8400
H103,2027-02-25,57,8350
H103,2027-02-26,37,9650
H103,2027-02-27,35,9700
H103,2027-02-28,45,8600
H103,2027-03-01,54,8450
H103,2027-03-02,50,8500
H103,2027-03-03,58,8350
H103,2027-03-04,42,8650
H103,2027-03-05,32,9750
H103,2027-03-06,51,9350
H103,2027-03-07,45,8600
H103,2027-03-08,51,8500
H103,2027-03-09,44,8600
H103,2027-03-10,53,8450
H103,2027-03-11,48,8550
H103,2027-03-12,34,9700
H103,2027-03-13,39,9600
H103,2027-03-14,50,8500
H103,2027-03-15,47,8550
H103,2027-03-16,55,8400
H103,2027-03-17,50,8500
H103,2027-03-18,49,8550
H103,2027-03-19,35,9700
H103,2027-03-20,45,9500
H103,2027-03-21,59,8350
H103,2027-03-22,54,8400
H103,2027-03-23,43,8650
H103,2027-03-24,50,8500
H103,2027-03-25,53,8450
H103,2027-03-26,39,9600
H103,2027-03-27,47,9450
H103,2027-03-28,42,8650
H103,2027-03-29,54,8400
H103,2027-03-30,47,8550
H103,2027-03-31,59,8350
H104,2026-10-01,24,10050
H104,2026-10-02,24,10900
H104,2026-10-03,13,11150
H104,2026-10-04,22,10100
H104,2026-10-05,18,10200
H104,2026-10-06,27,10000
H104,2026-10-07,20,10150
H104,2026-10-08,18,10200
H104,2026-10-09,12,11150
H104,2026-10-10,13,11150
H104,2026-10-11,21,10100
H104,2026-10-12,23,10100
H104,2026-10-13,17,10200
H104,2026-10-14,20,10150
H104,2026-10-15,25,10050
H104,2026-10-16,14,11100
H104,2026-10-17,21,10950
H104,2026-10-18,18,10200
H104,2026-10-19,32,9850
H104,2026-10-20,29,9950
H104,2026-10-21,17,10200
H104,2026-10-22,20,10150
H104,2026-10-23,18,11000
H104,2026-10-24,10,11200
H104,2026-10-25,28,9950
H104,2026-10-26,24,10050
H104,2026-10-27,29,9900
H104,2026-10-28,20,10150
H104,2026-10-29,19,10150
H104,2026-10-30,24,10900
H104,2026-10-31,25,10850
H104,2026-11-01,44,7900
H104,2026-11-02,33,8150
H104,2026-11-03,35,8100
H104,2026-11-04,46,7850
H104,2026-11-05,42,7950
H104,2026-11-06,25,10700
H104,2026-11-07,15,10950
H104,2026-11-08,27,9800
H104,2026-11-09,20,10000
H104,2026-11-10,23,9900
H104,2026-11-11,32,8200
H104,2026-11-12,35,8100
H104,2026-11-13,36,8900
H104,2026-11-14,33,9000
H104,2026-11-15,36,8100
H104,2026-11-16,33,8150
H104,2026-11-17,45,7900
H104,2026-11-18,41,7950
H104,2026-11-19,45,7900
H104,2026-11-20,32,9000
H104,2026-11-21,29,9100
H104,2026-11-22,37,8050
H104,2026-11-23,45,7850
H104,2026-11-24,38,8050
H104,2026-11-25,34,8150
H104,2026-11-26,39,8050
H104,2026-11-27,30,9050
H104,2026-11-28,32,9050
H104,2026-11-29,34,8150
H104,2026-11-30,42,7950
H104,2026-12-01,32,8200
H104,2026-12-02,41,8000
H104,2026-12-03,44,7900
H104,2026-12-04,27,9150
H104,2026-12-05,30,9050
H104,2026-12-06,33,8200
H104,2026-12-07,35,8100
H104,2026-12-08,34,8150
H104,2026-12-09,35,8150
H104,2026-12-10,43,7950
H104,2026-12-11,28,9100
H104,2026-12-12,34,9000
H104,2026-12-13,45,7900
H104,2026-12-14,38,8050
H104,2026-12-15,35,8100
H104,2026-12-16,47,7850
H104,2026-12-17,46,7850
H104,2026-12-18,33,9000
H104,2026-12-19,40,8850
H104,2026-12-20,28,9800
H104,2026-12-21,21,9950
H104,2026-12-22,26,9850
H104,2026-12-23,32,9700
H104,2026-12-24,25,9850
H104,2026-12-25,22,10750
H104,2026-12-26,24,10700
H104,2026-12-27,29,9750
H104,2026-12-28,23,9900
H104,2026-12-29,32,9700
H104,2026-12-30,30,9750
H104,2026-12-31,22,9900
H104,2027-01-01,15,10950
H104,2027-01-02,24,10700
H104,2027-01-03,36,8100
H104,2027-01-04,39,8050
H104,2027-01-05,41,7950
H104,2027-01-06,44,7900
H104,2027-01-07,47,7850
H104,2027-01-08,39,8850
H104,2027-01-09,30,9050
H104,2027-01-10,33,8150
H104,2027-01-11,32,8200
H104,2027-01-12,42,7950
H104,2027-01-13,42,7950
H104,2027-01-14,32,8200
H104,2027-01-15,40,8850
H104,2027-01-16,30,9050
H104,2027-01-17,34,8150
H104,2027-01-18,38,8050
H104,2027-01-19,44,7900
H104,2027-01-20,38,8050
H104,2027-01-21,44,7900
H104,2027-01-22,37,8900
H104,2027-01-23,29,9100
H104,2027-01-24,42,7950
H104,2027-01-25,36,8100
H104,2027-01-26,42,7950
H104,2027-01-27,35,8150
H104,2027-01-28,39,8050
H104,2027-01-29,29,9100
H104,2027-01-30,34,8950
H104,2027-01-31,33,8150
H104,2027-02-01,37,8050
H104,2027-02-02,35,8100
H104,2027-02-03,45,7900
H104,2027-02-04,36,8100
H104,2027-02-05,35,8950
H104,2027-02-06,32,9050
H104,2027-02-07,38,8050
H104,2027-02-08,41,8000
H104,2027-02-09,41,7950
H104,2027-02-10,39,8000
H104,2027-02-11,39,8050
H104,2027-02-12,29,9100
H104,2027-02-13,28,9100
H104,2027-02-14,42,7950
H104,2027-02-15,39,8000
H104,2027-02-16,45,7900
H104,2027-02-17,38,8050
H104,2027-02-18,41,8000
H104,2027-02-19,26,9150
H104,2027-02-20,37,8900
H104,2027-02-21,42,7950
H104,2027-02-22,35,8100
H104,2027-02-23,41,8000
H104,2027-02-24,45,7900
H104,2027-02-25,36,8100
H104,2027-02-26,29,9100
H104,2027-02-27,40,8850
H104,2027-02-28,36,8100
H104,2027-03-01,43,7950
H104,2027-03-02,38,8050
H104,2027-03-03,33,8150
H104,2027-03-04,42,7950
H104,2027-03-05,32,9000
H104,2027-03-06,33,9000
H104,2027-03-07,41,8000
H104,2027-03-08,40,8000
H104,2027-03-09,38,8050
H104,2027-03-10,34,8150
H104,2027-03-11,33,8150
H104,2027-03-12,26,9200
H104,2027-03-13,32,9050
H104,2027-03-14,43,7950
H104,2027-03-15,43,7950
H104,2027-03-16,39,8000
H104,2027-03-17,32,8200
H104,2027-03-18,33,8150
H104,2027-03-19,39,8850
H104,2027-03-20,33,9000
H104,2027-03-21,37,8100
H104,2027-03-22,40,8000
H104,2027-03-23,36,8100
H104,2027-03-24,36,8100
H104,2027-03-25,34,8150
H104,2027-03-26,38,8900
H104,2027-03-27,33,9000
H104,2027-03-28,32,8200
H104,2027-03-29,39,8050
H104,2027-03-30,34,8150
H104,2027-03-31,44,7900
H105,2026-10-01,24,7350
H105,2026-10-02,20,8000
H105,2026-10-03,14,8100
H105,2026-10-04,27,7300
H105,2026-10-05,37,7150
H105,2026-10-06,32,7250
H105,2026-10-07,22,7350
H105,2026-10-08,37,7200
H105,2026-10-09,17,8050
H105,2026-10-10,22,8000
H105,2026-10-11,22,7400
H105,2026-10-12,24,7350
H105,2026-10-13,27,7300
H105,2026-10-14,37,7150
H105,2026-10-15,40,7150
H105,2026-10-16,25,7950
H105,2026-10-17,13,8100
H105,2026-10-18,27,7300
H105,2026-10-19,31,7250
H105,2026-10-20,30,7250
H105,2026-10-21,40,7150
H105,2026-10-22,27,7300
H105,2026-10-23,13,8100
H105,2026-10-24,31,7850
H105,2026-10-25,33,7250
H105,2026-10-26,34,7200
H105,2026-10-27,32,7250
H105,2026-10-28,22,7400
H105,2026-10-29,40,7150
H105,2026-10-30,21,8000
H105,2026-10-31,15,8050
H105,2026-11-01,41,5900
H105,2026-11-02,55,5750
H105,2026-11-03,50,5800
H105,2026-11-04,43,5900
H105,2026-11-05,47,5850
H105,2026-11-06,31,7750
H105,2026-11-07,23,7850
H105,2026-11-08,41,7000
H105,2026-11-09,33,7100
H105,2026-11-10,34,7100
H105,2026-11-11,48,5800
H105,2026-11-12,45,5850
H105,2026-11-13,44,6500
H105,2026-11-14,42,6500
H105,2026-11-15,52,5750
H105,2026-11-16,54,5750
H105,2026-11-17,42,5900
H105,2026-11-18,58,5700
H105,2026-11-19,57,5700
H105,2026-11-20,50,6400
H105,2026-11-21,33,6650
H105,2026-11-22,59,5700
H105,2026-11-23,52,5750
H105,2026-11-24,51,5800
H105,2026-11-25,55,5750
H105,2026-11-26,42,5900
H105,2026-11-27,43,6500
H105,2026-11-28,35,6600
H105,2026-11-29,53,5750
H105,2026-11-30,51,5800
H105,2026-12-01,59,5650
H105,2026-12-02,43,5900
H105,2026-12-03,48,5800
H105,2026-12-04,46,6450
H105,2026-12-05,35,6600
H105,2026-12-06,55,5700
H105,2026-12-07,58,5700
H105,2026-12-08,45,5850
H105,2026-12-09,45,5850
H105,2026-12-10,58,5700
H105,2026-12-11,49,6400
H105,2026-12-12,46,6450
H105,2026-12-13,52,5750
H105,2026-12-14,53,5750
H105,2026-12-15,51,5800
H105,2026-12-16,43,5900
H105,2026-12-17,51,5800
H105,2026-12-18,49,6400
H105,2026-12-19,49,6400
H105,2026-12-20,38,7050
H105,2026-12-21,39,7000
H105,2026-12-22,37,7050
H105,2026-12-23,25,7200
H105,2026-12-24,31,7150
H105,2026-12-25,18,7900
H105,2026-12-26,24,7850
H105,2026-12-27,35,7100
H105,2026-12-28,38,7050
H105,2026-12-29,32,7150
H105,2026-12-30,40,7000
H105,2026-12-31,35,7100
H105,2027-01-01,31,7750
H105,2027-01-02,19,7900
H105,2027-01-03,43,5900
H105,2027-01-04,45,5850
H105,2027-01-05,43,5900
H105,2027-01-06,51,5800
H105,2027-01-07,45,5850
H105,2027-01-08,37,6600
H105,2027-01-09,33,6650
H105,2027-01-10,45,5850
H105,2027-01-11,50,5800
H105,2027-01-12,41,5900
H105,2027-01-13,44,5900
H105,2027-01-14,58,5700
H105,2027-01-15,44,6500
H105,2027-01-16,45,6450
H105,2027-01-17,42,5900
H105,2027-01-18,45,5850
H105,2027-01-19,56,5700
H105,2027-01-20,48,5850
H105,2027-01-21,56,5700
H105,2027-01-22,33,6650
H105,2027-01-23,47,6450
H105,2027-01-24,60,5650
H105,2027-01-25,45,5850
H105,2027-01-26,57,5700
H105,2027-01-27,53,5750
H105,2027-01-28,50,5800
H105,2027-01-29,32,6650
H105,2027-01-30,34,6600
H105,2027-01-31,42,5900
H105,2027-02-01,45,5850
H105,2027-02-02,41,5900
H105,2027-02-03,49,5800
H105,2027-02-04,52,5750
H105,2027-02-05,37,6600
H105,2027-02-06,49,6400
H105,2027-02-07,41,5900
H105,2027-02-08,45,5850
H105,2027-02-09,59,5700
H105,2027-02-10,59,5700
H105,2027-02-11,42,5900
H105,2027-02-12,33,6600
H105,2027-02-13,39,6550
H105,2027-02-14,58,5700
H105,2027-02-15,49,5800
H105,2027-02-16,42,5900
H105,2027-02-17,51,5800
H105,2027-02-18,42,5900
H105,2027-02-19,45,6450
H105,2027-02-20,46,6450
H105,2027-02-21,44,5900
H105,2027-02-22,41,5900
H105,2027-02-23,54,5750
H105,2027-02-24,59,5700
H105,2027-02-25,48,5850
H105,2027-02-26,42,6500
H105,2027-02-27,46,6450
H105,2027-02-28,54,5750
H105,2027-03-01,51,5800
H105,2027-03-02,45,5850
H105,2027-03-03,58,5700
H105,2027-03-04,46,5850
H105,2027-03-05,35,6600
H105,2027-03-06,45,6450
H105,2027-03-07,59,5650
H105,2027-03-08,56,5700
H105,2027-03-09,44,5900
H105,2027-03-10,50,5800
H105,2027-03-11,48,5850
H105,2027-03-12,42,6500
H105,2027-03-13,37,6600
H105,2027-03-14,54,5750
H105,2027-03-15,56,5700
H105,2027-03-16,51,5800
H105,2027-03-17,53,5750
H105,2027-03-18,54,5750
H105,2027-03-19,32,6650
H105,2027-03-20,33,6650
H105,2027-03-21,52,5750
H105,2027-03-22,47,5850
H105,2027-03-23,53,5750
H105,2027-03-24,58,5700
H105,2027-03-25,44,5900
H105,2027-03-26,36,6600
H105,2027-03-27,44,6500
H105,2027-03-28,53,5750
H105,2027-03-29,47,5850
H105,2027-03-30,47,5850
H105,2027-03-31,57,5700
H106,2026-10-01,13,10000
H106,2026-10-02,5,11300
H106,2026-10-03,5,11350
H106,2026-10-04,12,10050
H106,2026-10-05,9,10250
H106,2026-10-06,8,10300
H106,2026-10-07,13,10000
H106,2026-10-08,8,10300
H106,2026-10-09,10,11050
H106,2026-10-10,10,11050
H106,2026-10-11,12,10050
H106,2026-10-12,13,10050
H106,2026-10-13,14,10000
H106,2026-10-14,10,10200
H106,2026-10-15,13,10000
H106,2026-10-16,8,11100
H106,2026-10-17,5,11300
H106,2026-10-18,8,10300
H106,2026-10-19,8,10350
H106,2026-10-20,10,10200
H106,2026-10-21,10,10200
H106,2026-10-22,10,10150
H106,2026-10-23,7,11200
H106,2026-10-24,7,11200
H106,2026-10-25,11,10150
H106,2026-10-26,8,10300
H106,2026-10-27,11,10150
H106,2026-10-28,10,10200
H106,2026-10-29,13,10000
H106,2026-10-30,7,11200
H106,2026-10-31,4,11350
H106,2026-11-01,15,8250
H106,2026-11-02,17,8150
H106,2026-11-03,19,8000
H106,2026-11-04,15,8250
H106,2026-11-05,16,8200
H106,2026-11-06,9,10900
H106,2026-11-07,6,11100
H106,2026-11-08,12,9900
H106,2026-11-09,11,10000
H106,2026-11-10,11,10000
H106,2026-11-11,15,8250
H106,2026-11-12,18,8050
H106,2026-11-13,12,9250
H106,2026-11-14,15,9100
H106,2026-11-15,16,8150
H106,2026-11-16,19,8000
H106,2026-11-17,15,8250
H106,2026-11-18,16,8150
H106,2026-11-19,18,8050
H106,2026-11-20,16,9050
H106,2026-11-21,13,9150
H106,2026-11-22,19,8050
H106,2026-11-23,16,8150
H106,2026-11-24,20,7950
H106,2026-11-25,20,7950
H106,2026-11-26,16,8200
H106,2026-11-27,11,9250
H106,2026-11-28,14,9150
H106,2026-11-29,18,8050
H106,2026-11-30,14,8250
H106,2026-12-01,19,8000
H106,2026-12-02,15,8250
H106,2026-12-03,20,7950
H106,2026-12-04,16,9050
H106,2026-12-05,11,9300
H106,2026-12-06,16,8200
H106,2026-12-07,15,8200
H106,2026-12-08,16,8200
H106,2026-12-09,17,8100
H106,2026-12-10,16,8200
H106,2026-12-11,15,9050
H106,2026-12-12,11,9300
H106,2026-12-13,17,8100
H106,2026-12-14,20,7950
H106,2026-12-15,16,8150
H106,2026-12-16,18,8050
H106,2026-12-17,19,8000
H106,2026-12-18,11,9300
H106,2026-12-19,13,9200
H106,2026-12-20,12,9950
H106,2026-12-21,10,10000
H106,2026-12-22,12,9900
H106,2026-12-23,10,10000
H106,2026-12-24,13,9850
H106,2026-12-25,8,11000
H106,2026-12-26,11,10800
H106,2026-12-27,14,9800
H106,2026-12-28,9,10050
H106,2026-12-29,12,9900
H106,2026-12-30,11,10000
H106,2026-12-31,8,10150
H106,2027-01-01,7,11000
H106,2027-01-02,10,10900
H106,2027-01-03,15,8200
H106,2027-01-04,18,8100
H106,2027-01-05,17,8100
H106,2027-01-06,15,8200
H106,2027-01-07,20,8000
H106,2027-01-08,17,8950
H106,2027-01-09,15,9050
H106,2027-01-10,15,8250
H106,2027-01-11,18,8050
H106,2027-01-12,18,8100
H106,2027-01-13,20,7950
H106,2027-01-14,17,8150
H106,2027-01-15,12,9250
H106,2027-01-16,13,9200
H106,2027-01-17,18,8100
H106,2027-01-18,14,8250
H106,2027-01-19,19,8000
H106,2027-01-20,18,8050
H106,2027-01-21,16,8150
H106,2027-01-22,15,9050
H106,2027-01-23,12,9200
H106,2027-01-24,18,8100
H106,2027-01-25,15,8200
H106,2027-01-26,15,8200
H106,2027-01-27,15,8200
H106,2027-01-28,17,8150
H106,2027-01-29,15,9050
H106,2027-01-30,13,9200
H106,2027-01-31,20,7950
H106,2027-02-01,20,7950
H106,2027-02-02,15,8200
H106,2027-02-03,14,8300
H106,2027-02-04,15,8200
H106,2027-02-05,14,9150
H106,2027-02-06,12,9250
H106,2027-02-07,20,7950
H106,2027-02-08,14,8300
H106,2027-02-09,19,8000
H106,2027-02-10,19,8000
H106,2027-02-11,17,8150
H106,2027-02-12,15,9050
H106,2027-02-13,11,9300
H106,2027-02-14,19,8050
H106,2027-02-15,15,8250
H106,2027-02-16,16,8150
H106,2027-02-17,20,7950
H106,2027-02-18,18,8050
H106,2027-02-19,16,9000
H106,2027-02-20,16,9050
H106,2027-02-21,20,7950
H106,2027-02-22,20,7950
H106,2027-02-23,16,8150
H106,2027-02-24,17,8150
H106,2027-02-25,16,8200
H106,2027-02-26,17,8950
H106,2027-02-27,13,9150
H106,2027-02-28,16,8150
H106,2027-03-01,19,8000
H106,2027-03-02,15,8200
H106,2027-03-03,18,8100
H106,2027-03-04,16,8200
H106,2027-03-05,13,9200
H106,2027-03-06,12,9200
H106,2027-03-07,17,8150
H106,2027-03-08,18,8050
H106,2027-03-09,14,8250
H106,2027-03-10,20,7950
H106,2027-03-11,15,8250
H106,2027-03-12,16,9000
H106,2027-03-13,15,9100
H106,2027-03-14,18,8100
H106,2027-03-15,17,8100
H106,2027-03-16,20,7950
H106,2027-03-17,19,8000
H106,2027-03-18,15,8250
H106,2027-03-19,13,9200
H106,2027-03-20,13,9200
H106,2027-03-21,20,7950
H106,2027-03-22,19,8050
H106,2027-03-23,15,8200
H106,2027-03-24,18,8100
H106,2027-03-25,15,8250
H106,2027-03-26,11,9300
H106,2027-03-27,16,9050
H106,2027-03-28,14,8250
H106,2027-03-29,16,8200
H106,2027-03-30,17,8100
H106,2027-03-31,17,8150
H107,2026-10-01,15,19350
H107,2026-10-02,9,21350
H107,2026-10-03,6,21600
H107,2026-10-04,15,19400
H107,2026-10-05,11,19700
H107,2026-10-06,12,19600
H107,2026-10-07,14,19400
H107,2026-10-08,19,19050
H107,2026-10-09,14,21000
H107,2026-10-10,9,21450
H107,2026-10-11,13,19500
H107,2026-10-12,12,19600
H107,2026-10-13,12,19600
H107,2026-10-14,17,19200
H107,2026-10-15,17,19250
H107,2026-10-16,7,21550
H107,2026-10-17,7,21600
H107,2026-10-18,11,19700
H107,2026-10-19,12,19600
H107,2026-10-20,14,19450
H107,2026-10-21,15,19350
H107,2026-10-22,13,19500
H107,2026-10-23,15,20950
H107,2026-10-24,9,21400
H107,2026-10-25,11,19650
H107,2026-10-26,13,19500
H107,2026-10-27,13,19550
H107,2026-10-28,12,19600
H107,2026-10-29,15,19400
H107,2026-10-30,15,21000
H107,2026-10-31,12,21200
H107,2026-11-01,22,15600
H107,2026-11-02,20,15800
H107,2026-11-03,28,15150
H107,2026-11-04,28,15200
H107,2026-11-05,20,15800
H107,2026-11-06,9,21050
H107,2026-11-07,12,20850
H107,2026-11-08,12,19250
H107,2026-11-09,16,18950
H107,2026-11-10,12,19300
H107,2026-11-11,25,15400
H107,2026-11-12,25,15450
H107,2026-11-13,18,17500
H107,2026-11-14,22,17250
H107,2026-11-15,23,15600
H107,2026-11-16,22,15650
H107,2026-11-17,25,15450
H107,2026-11-18,29,15100
H107,2026-11-19,26,15300
H107,2026-11-20,20,17400
H107,2026-11-21,21,17300
H107,2026-11-22,22,15650
H107,2026-11-23,29,15100
H107,2026-11-24,27,15300
H107,2026-11-25,21,15750
H107,2026-11-26,27,15300
H107,2026-11-27,18,17550
H107,2026-11-28,20,17350
H107,2026-11-29,27,15250
H107,2026-11-30,27,15250
H107,2026-12-01,28,15250
H107,2026-12-02,29,15150
H107,2026-12-03,29,15150
H107,2026-12-04,24,17100
H107,2026-12-05,16,17700
H107,2026-12-06,27,15300
H107,2026-12-07,20,15750
H107,2026-12-08,21,15750
H107,2026-12-09,26,15350
H107,2026-12-10,25,15450
H107,2026-12-11,24,17100
H107,2026-12-12,21,17300
H107,2026-12-13,29,15150
H107,2026-12-14,27,15250
H107,2026-12-15,28,15200
H107,2026-12-16,26,15300
H107,2026-12-17,21,15700
H107,2026-12-18,18,17500
H107,2026-12-19,19,17500
H107,2026-12-20,19,18700
H107,2026-12-21,16,18950
H107,2026-12-22,17,18950
H107,2026-12-23,14,19100
H107,2026-12-24,18,18800
H107,2026-12-25,16,20550
H107,2026-12-26,9,21100
H107,2026-12-27,13,19200
H107,2026-12-28,19,18750
H107,2026-12-29,17,18950
H107,2026-12-30,14,19150
H107,2026-12-31,21,18650
H107,2027-01-01,12,20900
H107,2027-01-02,15,20650
H107,2027-01-03,27,15250
H107,2027-01-04,26,15400
H107,2027-01-05,27,15250
H107,2027-01-06,28,15200
H107,2027-01-07,24,15500
H107,2027-01-08,18,17550
H107,2027-01-09,18,17550
H107,2027-01-10,24,15550
H107,2027-01-11,24,15500
H107,2027-01-12,28,15200
H107,2027-01-13,23,15600
H107,2027-01-14,26,15300
H107,2027-01-15,23,17150
H107,2027-01-16,23,17150
H107,2027-01-17,26,15350
H107,2027-01-18,23,15600
H107,2027-01-19,24,15500
H107,2027-01-20,23,15600
H107,2027-01-21,22,15650
H107,2027-01-22,22,17250
H107,2027-01-23,25,17050
H107,2027-01-24,26,15350
H107,2027-01-25,29,15150
H107,2027-01-26,28,15200
H107,2027-01-27,28,15200
H107,2027-01-28,25,15450
H107,2027-01-29,19,17500
H107,2027-01-30,23,17200
H107,2027-01-31,28,15200
H107,2027-02-01,23,15600
H107,2027-02-02,26,15350
H107,2027-02-03,20,15750
H107,2027-02-04,22,15600
H107,2027-02-05,21,17350
H107,2027-02-06,24,17100
H107,2027-02-07,29,15150
H107,2027-02-08,22,15650
H107,2027-02-09,24,15550
H107,2027-02-10,22,15650
H107,2027-02-11,24,15500
H107,2027-02-12,20,17400
H107,2027-02-13,17,17650
H107,2027-02-14,24,15450
H107,2027-02-15,29,15150
H107,2027-02-16,29,15150
H107,2027-02-17,25,15450
H107,2027-02-18,20,15800
H107,2027-02-19,19,17450
H107,2027-02-20,25,17050
H107,2027-02-21,21,15750
H107,2027-02-22,21,15700
H107,2027-02-23,20,15750
H107,2027-02-24,21,15750
H107,2027-02-25,22,15600
H107,2027-02-26,22,17200
H107,2027-02-27,21,17350
H107,2027-02-28,23,15550
H107,2027-03-01,22,15650
H107,2027-03-02,23,15600
H107,2027-03-03,26,15350
H107,2027-03-04,27,15300
H107,2027-03-05,22,17250
H107,2027-03-06,20,17350
H107,2027-03-07,25,15400
H107,2027-03-08,21,15700
H107,2027-03-09,21,15700
H107,2027-03-10,28,15200
H107,2027-03-11,27,15250
H107,2027-03-12,17,17600
H107,2027-03-13,17,17600
H107,2027-03-14,25,15450
H107,2027-03-15,28,15150
H107,2027-03-16,25,15450
H107,2027-03-17,24,15450
H107,2027-03-18,22,15650
H107,2027-03-19,18,17550
H107,2027-03-20,22,17250
H107,2027-03-21,26,15300
H107,2027-03-22,20,15750
H107,2027-03-23,21,15700
H107,2027-03-24,29,15100
H107,2027-03-25,27,15250
H107,2027-03-26,20,17400
H107,2027-03-27,21,17300
H107,2027-03-28,28,15250
H107,2027-03-29,24,15450
H107,2027-03-30,20,15800
H107,2027-03-31,29,15150
H108,2026-10-01,13,33600
H108,2026-10-02,7,37150
H108,2026-10-03,8,36950
H108,2026-10-04,15,33350
H108,2026-10-05,19,32900
H108,2026-10-06,12,33700
H108,2026-10-07,19,32850
H108,2026-10-08,14,33450
H108,2026-10-09,13,36350
H108,2026-10-10,14,36250
H108,2026-10-11,12,33750
H108,2026-10-12,12,33700
H108,2026-10-13,14,33450
H108,2026-10-14,13,33600
H108,2026-10-15,20,32750
H108,2026-10-16,7,37150
H108,2026-10-17,16,36000
H108,2026-10-18,20,32750
H108,2026-10-19,11,33800
H108,2026-10-20,18,33050
H108,2026-10-21,20,32700
H108,2026-10-22,16,33300
H108,2026-10-23,11,36600
H108,2026-10-24,14,36300
H108,2026-10-25,14,33500
H108,2026-10-26,13,33650
H108,2026-10-27,12,33700
H108,2026-10-28,20,32750
H108,2026-10-29,20,32750
H108,2026-10-30,11,36600
H108,2026-10-31,9,36850
H108,2026-11-01,24,26750
H108,2026-11-02,23,26900
H108,2026-11-03,21,27150
H108,2026-11-04,30,26050
H108,2026-11-05,26,26550
H108,2026-11-06,14,35700
H108,2026-11-07,13,35850
H108,2026-11-08,20,32250
H108,2026-11-09,13,33100
H108,2026-11-10,13,33000
H108,2026-11-11,27,26450
H108,2026-11-12,28,26350
H108,2026-11-13,24,29450
H108,2026-11-14,25,29350
H108,2026-11-15,26,26450
H108,2026-11-16,26,26500
H108,2026-11-17,23,26900
H108,2026-11-18,31,25950
H108,2026-11-19,23,26850
H108,2026-11-20,21,29900
H108,2026-11-21,23,29650
H108,2026-11-22,22,27050
H108,2026-11-23,26,26550
H108,2026-11-24,28,26300
H108,2026-11-25,29,26150
H108,2026-11-26,26,26550
H108,2026-11-27,19,30100
H108,2026-11-28,23,29700
H108,2026-11-29,23,26900
H108,2026-11-30,26,26600
H108,2026-12-01,29,26100
H108,2026-12-02,24,26750
H108,2026-12-03,30,26050
H108,2026-12-04,23,29600
H108,2026-12-05,23,29700
H108,2026-12-06,24,26800
H108,2026-12-07,26,26500
H108,2026-12-08,26,26450
H108,2026-12-09,24,26750
H108,2026-12-10,24,26750
H108,2026-12-11,18,30200
H108,2026-12-12,23,29700
H108,2026-12-13,26,26550
H108,2026-12-14,21,27100
H108,2026-12-15,30,26050
H108,2026-12-16,26,26550
H108,2026-12-17,30,26050
H108,2026-12-18,21,29850
H108,2026-12-19,21,29850
H108,2026-12-20,16,32700
H108,2026-12-21,14,33000
H108,2026-12-22,21,32150
H108,2026-12-23,19,32300
H108,2026-12-24,17,32550
H108,2026-12-25,9,36300
H108,2026-12-26,17,35350
H108,2026-12-27,14,33000
H108,2026-12-28,17,32550
H108,2026-12-29,19,32300
H108,2026-12-30,21,32000
H108,2026-12-31,12,33150
H108,2027-01-01,14,35750
H108,2027-01-02,10,36200
H108,2027-01-03,22,26950
H108,2027-01-04,27,26450
H108,2027-01-05,28,26250
H108,2027-01-06,22,27000
H108,2027-01-07,27,26450
H108,2027-01-08,21,29850
H108,2027-01-09,18,30300
H108,2027-01-10,24,26800
H108,2027-01-11,30,26050
H108,2027-01-12,28,26250
H108,2027-01-13,22,27050
H108,2027-01-14,21,27150
H108,2027-01-15,25,29400
H108,2027-01-16,26,29300
H108,2027-01-17,28,26250
H108,2027-01-18,22,27050
H108,2027-01-19,30,26100
H108,2027-01-20,22,27050
H108,2027-01-21,21,27150
H108,2027-01-22,17,30450
H108,2027-01-23,23,29650
H108,2027-01-24,29,26200
H108,2027-01-25,25,26600
H108,2027-01-26,30,26050
H108,2027-01-27,28,26250
H108,2027-01-28,26,26500
H108,2027-01-29,23,29650
H108,2027-01-30,20,30050
H108,2027-01-31,29,26150
H108,2027-02-01,26,26550
H108,2027-02-02,27,26450
H108,2027-02-03,30,26050
H108,2027-02-04,27,26350
H108,2027-02-05,25,29350
H108,2027-02-06,22,29800
H108,2027-02-07,30,26000
H108,2027-02-08,23,26950
H108,2027-02-09,28,26250
H108,2027-02-10,26,26550
H108,2027-02-11,22,26950
H108,2027-02-12,24,29450
H108,2027-02-13,17,30350
H108,2027-02-14,29,26200
H108,2027-02-15,25,26600
H108,2027-02-16,26,26500
H108,2027-02-17,28,26350
H108,2027-02-18,29,26100
H108,2027-02-19,18,30300
H108,2027-02-20,18,30300
H108,2027-02-21,21,27150
H108,2027-02-22,22,27050
H108,2027-02-23,24,26750
H108,2027-02-24,23,26850
H108,2027-02-25,26,26500
H108,2027-02-26,25,29350
H108,2027-02-27,18,30250
H108,2027-02-28,28,26250
H108,2027-03-01,28,26350
H108,2027-03-02,29,26150
H108,2027-03-03,21,27150
H108,2027-03-04,22,27050
H108,2027-03-05,21,29900
H108,2027-03-06,24,29550
H108,2027-03-07,30,26000
H108,2027-03-08,30,26100
H108,2027-03-09,29,26100
H108,2027-03-10,28,26300
H108,2027-03-11,30,26000
H108,2027-03-12,22,29750
H108,2027-03-13,26,29300
H108,2027-03-14,27,26400
H108,2027-03-15,26,26500
H108,2027-03-16,30,26000
H108,2027-03-17,25,26600
H108,2027-03-18,28,26300
H108,2027-03-19,17,30350
H108,2027-03-20,19,30150
H108,2027-03-21,27,26400
H108,2027-03-22,30,26100
H108,2027-03-23,25,26600
H108,2027-03-24,26,26500
H108,2027-03-25,23,26950
H108,2027-03-26,16,30450
H108,2027-03-27,23,29700
H108,2027-03-28,30,26050
H108,2027-03-29,30,26000
H108,2027-03-30,30,26000
H108,2027-03-31,24,26700
H109,2026-10-01,13,4650
H109,2026-10-02,12,5150
H109,2026-10-03,9,5300
H109,2026-10-04,12,4700
H109,2026-10-05,11,4700
H109,2026-10-06,13,4650
H109,2026-10-07,11,4700
H109,2026-10-08,12,4700
H109,2026-10-09,9,5300
H109,2026-10-10,9,5300
H109,2026-10-11,13,4650
H109,2026-10-12,13,4650
H109,2026-10-13,11,4700
H109,2026-10-14,14,4600
H109,2026-10-15,13,4650
H109,2026-10-16,13,5100
H109,2026-10-17,12,5200
H109,2026-10-18,15,4550
H109,2026-10-19,13,4650
H109,2026-10-20,11,4700
H109,2026-10-21,14,4600
H109,2026-10-22,11,4700
H109,2026-10-23,13,5100
H109,2026-10-24,9,5250
H109,2026-10-25,14,4600
H109,2026-10-26,15,4550
H109,2026-10-27,12,4650
H109,2026-10-28,13,4650
H109,2026-10-29,14,4600
H109,2026-10-30,13,5150
H109,2026-10-31,9,5300
H109,2026-11-01,14,4600
H109,2026-11-02,15,4550
H109,2026-11-03,15,4550
H109,2026-11-04,11,4700
H109,2026-11-05,15,4600
H109,2026-11-06,7,6250
H109,2026-11-07,5,6350
H109,2026-11-08,11,5600
H109,2026-11-09,9,5650
H109,2026-11-10,9,5700
H109,2026-11-11,13,4650
H109,2026-11-12,13,4600
H109,2026-11-13,9,5250
H109,2026-11-14,9,5300
H109,2026-11-15,12,4700
H109,2026-11-16,14,4600
H109,2026-11-17,15,4550
H109,2026-11-18,14,4600
H109,2026-11-19,12,4700
H109,2026-11-20,11,5200
H109,2026-11-21,10,5250
H109,2026-11-22,14,4600
H109,2026-11-23,13,4650
H109,2026-11-24,13,4650
H109,2026-11-25,14,4600
H109,2026-11-26,16,4550
H109,2026-11-27,10,5250
H109,2026-11-28,9,5300
H109,2026-11-29,15,4550
H109,2026-11-30,15,4550
H109,2026-12-01,8,5800
H109,2026-12-02,9,5800
H109,2026-12-03,7,5850
H109,2026-12-04,6,6350
H109,2026-12-05,7,6350
H109,2026-12-06,7,5850
H109,2026-12-07,6,5900
H109,2026-12-08,7,5850
H109,2026-12-09,8,5800
H109,2026-12-10,6,5900
H109,2026-12-11,8,6300
H109,2026-12-12,7,6350
H109,2026-12-13,7,5850
H109,2026-12-14,7,5850
H109,2026-12-15,10,5700
H109,2026-12-16,8,5800
H109,2026-12-17,7,5850
H109,2026-12-18,6,6350
H109,2026-12-19,8,6300
H109,2026-12-20,4,6850
H109,2026-12-21,2,6950
H109,2026-12-22,4,6850
H109,2026-12-23,3,6850
H109,2026-12-24,4,6850
H109,2026-12-25,1,7450
H109,2026-12-26,3,7350
H109,2026-12-27,3,6900
H109,2026-12-28,5,6800
H109,2026-12-29,6,6800
H109,2026-12-30,6,6750
H109,2026-12-31,5,6800
H109,2027-01-01,8,6200
H109,2027-01-02,5,6300
H109,2027-01-03,12,4700
H109,2027-01-04,13,4600
H109,2027-01-05,14,4600
H109,2027-01-06,12,4700
H109,2027-01-07,12,4700
H109,2027-01-08,11,5200
H109,2027-01-09,11,5200
H109,2027-01-10,13,4600
H109,2027-01-11,16,4550
H109,2027-01-12,15,4550
H109,2027-01-13,12,4650
H109,2027-01-14,15,4550
H109,2027-01-15,10,5250
H109,2027-01-16,9,5300
H109,2027-01-17,11,4700
H109,2027-01-18,11,4700
H109,2027-01-19,11,4700
H109,2027-01-20,15,4600
H109,2027-01-21,15,4550
H109,2027-01-22,10,5250
H109,2027-01-23,12,5150
H109,2027-01-24,11,4700
H109,2027-01-25,13,4650
H109,2027-01-26,13,4650
H109,2027-01-27,12,4700
H109,2027-01-28,14,4600
H109,2027-01-29,12,5150
H109,2027-01-30,11,5200
H109,2027-01-31,14,4600
H109,2027-02-01,14,4600
H109,2027-02-02,11,4700
H109,2027-02-03,14,4600
H109,2027-02-04,12,4700
H109,2027-02-05,12,5200
H109,2027-02-06,10,5250
H109,2027-02-07,15,4550
H109,2027-02-08,14,4600
H109,2027-02-09,13,4650
H109,2027-02-10,15,4550
H109,2027-02-11,15,4550
H109,2027-02-12,12,5200
H109,2027-02-13,10,5250
H109,2027-02-14,14,4600
H109,2027-02-15,14,4600
H109,2027-02-16,14,4600
H109,2027-02-17,13,4650
H109,2027-02-18,13,4650
H109,2027-02-19,12,5150
H109,2027-02-20,11,5200
H109,2027-02-21,14,4600
H109,2027-02-22,11,4750
H109,2027-02-23,15,4600
H109,2027-02-24,15,4550
H109,2027-02-25,11,4700
H109,2027-02-26,9,5250
H109,2027-02-27,12,5150
H109,2027-02-28,14,4600
H109,2027-03-01,15,4550
H109,2027-03-02,12,4700
H109,2027-03-03,15,4550
H109,2027-03-04,13,4650
H109,2027-03-05,9,5300
H109,2027-03-06,13,5150
H109,2027-03-07,15,4550
H109,2027-03-08,13,4650
H109,2027-03-09,15,4550
H109,2027-03-10,15,4550
H109,2027-03-11,11,4700
H109,2027-03-12,12,5200
H109,2027-03-13,9,5300
H109,2027-03-14,13,4650
H109,2027-03-15,11,4700
H109,2027-03-16,12,4700
H109,2027-03-17,15,4550
H109,2027-03-18,13,4650
H109,2027-03-19,11,5250
H109,2027-03-20,12,5200
H109,2027-03-21,13,4650
H109,2027-03-22,13,4650
H109,2027-03-23,15,4550
H109,2027-03-24,11,4700
H109,2027-03-25,11,4750
H109,2027-03-26,10,5250
H109,2027-03-27,12,5200
H109,2027-03-28,12,4700
H109,2027-03-29,11,4750
H109,2027-03-30,13,4650
H109,2027-03-31,15,4550
H110,2026-10-01,7,4500
H110,2026-10-02,6,5050
H110,2026-10-03,5,5150
H110,2026-10-04,6,4600
H110,2026-10-05,8,4500
H110,2026-10-06,7,4550
H110,2026-10-07,7,4550
H110,2026-10-08,8,4500
H110,2026-10-09,4,5200
H110,2026-10-10,5,5150
H110,2026-10-11,6,4550
H110,2026-10-12,6,4600
H110,2026-10-13,7,4550
H110,2026-10-14,6,4600
H110,2026-10-15,7,4500
H110,2026-10-16,6,5100
H110,2026-10-17,6,5050
H110,2026-10-18,8,4450
H110,2026-10-19,6,4600
H110,2026-10-20,7,4550
H110,2026-10-21,7,4500
H110,2026-10-22,8,4450
H110,2026-10-23,7,5000
H110,2026-10-24,4,5200
H110,2026-10-25,7,4550
H110,2026-10-26,6,4600
H110,2026-10-27,7,4500
H110,2026-10-28,6,4600
H110,2026-10-29,8,4500
H110,2026-10-30,5,5150
H110,2026-10-31,6,5100
H110,2026-11-01,8,4450
H110,2026-11-02,6,4650
H110,2026-11-03,8,4450
H110,2026-11-04,6,4600
H110,2026-11-05,6,4550
H110,2026-11-06,3,6150
H110,2026-11-07,3,6150
H110,2026-11-08,5,5550
H110,2026-11-09,4,5650
H110,2026-11-10,3,5650
H110,2026-11-11,6,4550
H110,2026-11-12,8,4500
H110,2026-11-13,4,5200
H110,2026-11-14,5,5150
H110,2026-11-15,6,4550
H110,2026-11-16,6,4650
H110,2026-11-17,7,4550
H110,2026-11-18,6,4600
H110,2026-11-19,8,4450
H110,2026-11-20,4,5200
H110,2026-11-21,6,5050
H110,2026-11-22,8,4450
H110,2026-11-23,6,4600
H110,2026-11-24,6,4600
H110,2026-11-25,7,4500
H110,2026-11-26,6,4650
H110,2026-11-27,7,5000
H110,2026-11-28,5,5150
H110,2026-11-29,7,4500
H110,2026-11-30,8,4450
H110,2026-12-01,5,5650
H110,2026-12-02,5,5650
H110,2026-12-03,5,5650
H110,2026-12-04,2,6300
H110,2026-12-05,4,6200
H110,2026-12-06,5,5650
H110,2026-12-07,3,5750
H110,2026-12-08,4,5750
H110,2026-12-09,3,5750
H110,2026-12-10,5,5650
H110,2026-12-11,3,6250
H110,2026-12-12,3,6300
H110,2026-12-13,3,5800
H110,2026-12-14,3,5750
H110,2026-12-15,5,5600
H110,2026-12-16,5,5650
H110,2026-12-17,3,5800
H110,2026-12-18,2,6350
H110,2026-12-19,4,6150
H110,2026-12-20,3,6600
H110,2026-12-21,2,6700
H110,2026-12-22,1,6800
H110,2026-12-23,2,6750
H110,2026-12-24,1,6800
H110,2026-12-25,0,7300
H110,2026-12-26,1,7300
H110,2026-12-27,1,6750
H110,2026-12-28,3,6650
H110,2026-12-29,1,6750
H110,2026-12-30,1,6800
H110,2026-12-31,2,6700
H110,2027-01-01,3,6150
H110,2027-01-02,4,6050
H110,2027-01-03,7,4500
H110,2027-01-04,6,4600
H110,2027-01-05,7,4550
H110,2027-01-06,8,4450
H110,2027-01-07,6,4550
H110,2027-01-08,6,5100
H110,2027-01-09,5,5150
H110,2027-01-10,6,4600
H110,2027-01-11,7,4500
H110,2027-01-12,7,4550
H110,2027-01-13,6,4550
H110,2027-01-14,6,4650
H110,2027-01-15,6,5050
H110,2027-01-16,7,5000
H110,2027-01-17,7,4500
H110,2027-01-18,8,4500
H110,2027-01-19,6,4600
H110,2027-01-20,8,4450
H110,2027-01-21,6,4550
H110,2027-01-22,5,5150
H110,2027-01-23,5,5150
H110,2027-01-24,7,4550
H110,2027-01-25,7,4500
H110,2027-01-26,6,4600
H110,2027-01-27,7,4500
H110,2027-01-28,6,4650
H110,2027-01-29,6,5050
H110,2027-01-30,6,5100
H110,2027-01-31,6,4550
H110,2027-02-01,6,4600
H110,2027-02-02,7,4500
H110,2027-02-03,7,4550
H110,2027-02-04,7,4550
H110,2027-02-05,7,5000
H110,2027-02-06,6,5050
H110,2027-02-07,7,4500
H110,2027-02-08,8,4500
H110,2027-02-09,8,4450
H110,2027-02-10,7,4500
H110,2027-02-11,7,4550
H110,2027-02-12,6,5050
H110,2027-02-13,5,5150
H110,2027-02-14,7,4500
H110,2027-02-15,8,4450
H110,2027-02-16,6,4600
H110,2027-02-17,6,4600
H110,2027-02-18,8,4450
H110,2027-02-19,6,5050
H110,2027-02-20,6,5050
H110,2027-02-21,6,4600
H110,2027-02-22,7,4550
H110,2027-02-23,6,4600
H110,2027-02-24,6,4600
H110,2027-02-25,7,4500
H110,2027-02-26,7,5000
H110,2027-02-27,7,5050
H110,2027-02-28,7,4550
H110,2027-03-01,7,4550
H110,2027-03-02,6,4600
H110,2027-03-03,6,4600
H110,2027-03-04,6,4650
H110,2027-03-05,5,5150
H110,2027-03-06,4,5200
H110,2027-03-07,7,4500
H110,2027-03-08,6,4600
H110,2027-03-09,8,4500
H110,2027-03-10,7,4500
H110,2027-03-11,6,4550
H110,2027-03-12,5,5150
H110,2027-03-13,6,5100
H110,2027-03-14,7,4500
H110,2027-03-15,8,4450
H110,2027-03-16,7,4500
H110,2027-03-17,6,4600
H110,2027-03-18,7,4500
H110,2027-03-19,5,5150
H110,2027-03-20,6,5050
H110,2027-03-21,6,4600
H110,2027-03-22,8,4450
H110,2027-03-23,6,4600
H110,2027-03-24,6,4600
H110,2027-03-25,7,4500
H110,2027-03-26,5,5150
H110,2027-03-27,5,5150
H110,2027-03-28,7,4550
H110,2027-03-29,8,4500
H110,2027-03-30,7,4500
H110,2027-03-31,8,4450
H111,2026-10-01,6,4250
H111,2026-10-02,6,4650
H111,2026-10-03,5,4750
H111,2026-10-04,6,4250
H111,2026-10-05,9,4050
H111,2026-10-06,7,4150
H111,2026-10-07,7,4150
H111,2026-10-08,8,4100
H111,2026-10-09,6,4650
H111,2026-10-10,6,4700
H111,2026-10-11,7,4150
H111,2026-10-12,9,4050
H111,2026-10-13,6,4250
H111,2026-10-14,7,4200
H111,2026-10-15,8,4100
H111,2026-10-16,6,4650
H111,2026-10-17,5,4750
H111,2026-10-18,7,4200
H111,2026-10-19,7,4200
H111,2026-10-20,7,4150
H111,2026-10-21,7,4200
H111,2026-10-22,8,4150
H111,2026-10-23,7,4600
H111,2026-10-24,7,4650
H111,2026-10-25,7,4150
H111,2026-10-26,8,4100
H111,2026-10-27,8,4100
H111,2026-10-28,8,4150
H111,2026-10-29,7,4150
H111,2026-10-30,7,4600
H111,2026-10-31,6,4700
H111,2026-11-01,7,4200
H111,2026-11-02,8,4100
H111,2026-11-03,7,4200
H111,2026-11-04,8,4100
H111,2026-11-05,7,4200
H111,2026-11-06,3,5650
H111,2026-11-07,3,5650
H111,2026-11-08,5,5100
H111,2026-11-09,6,5050
H111,2026-11-10,5,5100
H111,2026-11-11,7,4150
H111,2026-11-12,8,4150
H111,2026-11-13,6,4650
H111,2026-11-14,5,4750
H111,2026-11-15,9,4050
H111,2026-11-16,8,4100
H111,2026-11-17,8,4150
H111,2026-11-18,7,4200
H111,2026-11-19,6,4200
H111,2026-11-20,7,4600
H111,2026-11-21,6,4650
H111,2026-11-22,7,4200
H111,2026-11-23,8,4100
H111,2026-11-24,7,4200
H111,2026-11-25,7,4200
H111,2026-11-26,6,4250
H111,2026-11-27,5,4750
H111,2026-11-28,6,4700
H111,2026-11-29,8,4100
H111,2026-11-30,8,4100
H111,2026-12-01,5,5150
H111,2026-12-02,6,5150
H111,2026-12-03,4,5200
H111,2026-12-04,3,5700
H111,2026-12-05,4,5650
H111,2026-12-06,4,5250
H111,2026-12-07,4,5250
H111,2026-12-08,5,5150
H111,2026-12-09,4,5250
H111,2026-12-10,5,5150
H111,2026-12-11,3,5700
H111,2026-12-12,3,5750
H111,2026-12-13,6,5150
H111,2026-12-14,5,5200
H111,2026-12-15,5,5150
H111,2026-12-16,4,5250
H111,2026-12-17,5,5200
H111,2026-12-18,4,5700
H111,2026-12-19,2,5800
H111,2026-12-20,1,6250
H111,2026-12-21,1,6200
H111,2026-12-22,1,6200
H111,2026-12-23,3,6100
H111,2026-12-24,1,6200
H111,2026-12-25,1,6650
H111,2026-12-26,2,6600
H111,2026-12-27,3,6100
H111,2026-12-28,3,6100
H111,2026-12-29,2,6100
H111,2026-12-30,2,6150
H111,2026-12-31,1,6250
H111,2027-01-01,4,5550
H111,2027-01-02,3,5650
H111,2027-01-03,7,4150
H111,2027-01-04,8,4100
H111,2027-01-05,9,4050
H111,2027-01-06,7,4150
H111,2027-01-07,6,4200
H111,2027-01-08,5,4750
H111,2027-01-09,6,4700
H111,2027-01-10,7,4200
H111,2027-01-11,8,4100
H111,2027-01-12,8,4100
H111,2027-01-13,6,4200
H111,2027-01-14,9,4050
H111,2027-01-15,7,4650
H111,2027-01-16,8,4600
H111,2027-01-17,7,4150
H111,2027-01-18,7,4150
H111,2027-01-19,8,4150
H111,2027-01-20,7,4150
H111,2027-01-21,7,4200
H111,2027-01-22,5,4750
H111,2027-01-23,6,4700
H111,2027-01-24,6,4200
H111,2027-01-25,7,4200
H111,2027-01-26,8,4100
H111,2027-01-27,8,4100
H111,2027-01-28,6,4250
H111,2027-01-29,7,4650
H111,2027-01-30,6,4700
H111,2027-01-31,9,4050
H111,2027-02-01,6,4250
H111,2027-02-02,8,4150
H111,2027-02-03,7,4150
H111,2027-02-04,7,4150
H111,2027-02-05,6,4700
H111,2027-02-06,7,4600
H111,2027-02-07,8,4150
H111,2027-02-08,8,4100
H111,2027-02-09,6,4250
H111,2027-02-10,8,4150
H111,2027-02-11,7,4150
H111,2027-02-12,5,4750
H111,2027-02-13,6,4650
H111,2027-02-14,7,4150
H111,2027-02-15,7,4200
H111,2027-02-16,8,4150
H111,2027-02-17,8,4150
H111,2027-02-18,8,4100
H111,2027-02-19,7,4600
H111,2027-02-20,7,4600
H111,2027-02-21,8,4150
H111,2027-02-22,7,4150
H111,2027-02-23,6,4250
H111,2027-02-24,7,4200
H111,2027-02-25,6,4250
H111,2027-02-26,7,4600
H111,2027-02-27,6,4650
H111,2027-02-28,9,4100
H111,2027-03-01,8,4150
H111,2027-03-02,9,4050
H111,2027-03-03,8,4150
H111,2027-03-04,7,4150
H111,2027-03-05,7,4600
H111,2027-03-06,5,4700
H111,2027-03-07,6,4250
H111,2027-03-08,9,4050
H111,2027-03-09,8,4100
H111,2027-03-10,7,4200
H111,2027-03-11,6,4200
H111,2027-03-12,6,4700
H111,2027-03-13,7,4600
H111,2027-03-14,7,4200
H111,2027-03-15,7,4200
H111,2027-03-16,7,4200
H111,2027-03-17,6,4250
H111,2027-03-18,9,4050
H111,2027-03-19,6,4700
H111,2027-03-20,5,4700
H111,2027-03-21,6,4250
H111,2027-03-22,6,4250
H111,2027-03-23,6,4250
H111,2027-03-24,9,4050
H111,2027-03-25,8,4100
H111,2027-03-26,6,4700
H111,2027-03-27,7,4600
H111,2027-03-28,7,4200
H111,2027-03-29,8,4100
H111,2027-03-30,7,4150
H111,2027-03-31,6,4250
H112,2026-10-01,36,7800
H112,2026-10-02,31,8700
H112,2026-10-03,30,8700
H112,2026-10-04,51,7500
H112,2026-10-05,50,7500
H112,2026-10-06,40,7700
H112,2026-10-07,42,7650
H112,2026-10-08,40,7700
H112,2026-10-09,36,8550
H112,2026-10-10,36,8550
H112,2026-10-11,43,7650
H112,2026-10-12,36,7800
H112,2026-10-13,39,7750
H112,2026-10-14,42,7650
H112,2026-10-15,46,7600
H112,2026-10-16,33,8650
H112,2026-10-17,42,8450
H112,2026-10-18,44,7600
H112,2026-10-19,44,7600
H112,2026-10-20,49,7500
H112,2026-10-21,46,7600
H112,2026-10-22,41,7700
H112,2026-10-23,37,8550
H112,2026-10-24,39,8500
H112,2026-10-25,41,7700
H112,2026-10-26,49,7500
H112,2026-10-27,49,7500
H112,2026-10-28,49,7500
H112,2026-10-29,46,7600
H112,2026-10-30,34,8600
H112,2026-10-31,29,8700
H112,2026-11-01,36,7750
H112,2026-11-02,47,7550
H112,2026-11-03,42,7650
H112,2026-11-04,40,7700
H112,2026-11-05,38,7750
H112,2026-11-06,18,10350
H112,2026-11-07,13,10500
H112,2026-11-08,33,9250
H112,2026-11-09,20,9550
H112,2026-11-10,22,9500
H112,2026-11-11,35,7800
H112,2026-11-12,44,7600
H112,2026-11-13,35,8600
H112,2026-11-14,32,8650
H112,2026-11-15,36,7800
H112,2026-11-16,49,7500
H112,2026-11-17,40,7700
H112,2026-11-18,47,7550
H112,2026-11-19,40,7700
H112,2026-11-20,29,8700
H112,2026-11-21,30,8700
H112,2026-11-22,36,7800
H112,2026-11-23,46,7550
H112,2026-11-24,47,7550
H112,2026-11-25,48,7550
H112,2026-11-26,40,7700
H112,2026-11-27,44,8400
H112,2026-11-28,31,8700
H112,2026-11-29,37,7750
H112,2026-11-30,44,7600
H112,2026-12-01,26,9550
H112,2026-12-02,32,9450
H112,2026-12-03,27,9550
H112,2026-12-04,24,10400
H112,2026-12-05,26,10350
H112,2026-12-06,21,9650
H112,2026-12-07,31,9450
H112,2026-12-08,35,9400
H112,2026-12-09,32,9450
H112,2026-12-10,33,9450
H112,2026-12-11,16,10550
H112,2026-12-12,26,10350
H112,2026-12-13,30,9500
H112,2026-12-14,27,9550
H112,2026-12-15,29,9500
H112,2026-12-16,20,9700
H112,2026-12-17,26,9550
H112,2026-12-18,22,10450
H112,2026-12-19,22,10450
H112,2026-12-20,4,11450
H112,2026-12-21,15,11250
H112,2026-12-22,11,11300
H112,2026-12-23,7,11400
H112,2026-12-24,3,11450
H112,2026-12-25,11,12100
H112,2026-12-26,2,12300
H112,2026-12-27,7,11400
H112,2026-12-28,5,11450
H112,2026-12-29,18,11150
H112,2026-12-30,14,11250
H112,2026-12-31,6,11400
H112,2027-01-01,23,10250
H112,2027-01-02,26,10200
H112,2027-01-03,45,7600
H112,2027-01-04,48,7550
H112,2027-01-05,46,7550
H112,2027-01-06,49,7500
H112,2027-01-07,40,7700
H112,2027-01-08,35,8600
H112,2027-01-09,29,8700
H112,2027-01-10,40,7700
H112,2027-01-11,42,7650
H112,2027-01-12,47,7550
H112,2027-01-13,46,7600
H112,2027-01-14,48,7550
H112,2027-01-15,42,8450
H112,2027-01-16,32,8650
H112,2027-01-17,37,7750
H112,2027-01-18,39,7700
H112,2027-01-19,37,7750
H112,2027-01-20,45,7600
H112,2027-01-21,48,7550
H112,2027-01-22,31,8700
H112,2027-01-23,32,8650
H112,2027-01-24,45,7600
H112,2027-01-25,40,7700
H112,2027-01-26,35,7800
H112,2027-01-27,38,7750
H112,2027-01-28,38,7750
H112,2027-01-29,29,8700
H112,2027-01-30,32,8650
H112,2027-01-31,50,7500
H112,2027-02-01,51,7450
H112,2027-02-02,44,7600
H112,2027-02-03,39,7700
H112,2027-02-04,47,7550
H112,2027-02-05,40,8500
H112,2027-02-06,30,8700
H112,2027-02-07,45,7600
H112,2027-02-08,42,7650
H112,2027-02-09,46,7550
H112,2027-02-10,47,7550
H112,2027-02-11,50,7500
H112,2027-02-12,34,8600
H112,2027-02-13,33,8650
H112,2027-02-14,51,7450
H112,2027-02-15,48,7550
H112,2027-02-16,40,7700
H112,2027-02-17,38,7750
H112,2027-02-18,50,7500
H112,2027-02-19,41,8450
H112,2027-02-20,36,8550
H112,2027-02-21,44,7600
H112,2027-02-22,51,7450
H112,2027-02-23,40,7700
H112,2027-02-24,49,7500
H112,2027-02-25,36,7800
H112,2027-02-26,31,8700
H112,2027-02-27,38,8550
H112,2027-02-28,48,7550
H112,2027-03-01,40,7700
H112,2027-03-02,44,7600
H112,2027-03-03,36,7800
H112,2027-03-04,41,7650
H112,2027-03-05,40,8500
H112,2027-03-06,41,8450
H112,2027-03-07,37,7750
H112,2027-03-08,42,7650
H112,2027-03-09,38,7750
H112,2027-03-10,50,7500
H112,2027-03-11,44,7600
H112,2027-03-12,35,8600
H112,2027-03-13,32,8650
H112,2027-03-14,42,7650
H112,2027-03-15,48,7550
H112,2027-03-16,43,7650
H112,2027-03-17,39,7700
H112,2027-03-18,45,7600
H112,2027-03-19,41,8500
H112,2027-03-20,36,8550
H112,2027-03-21,47,7550
H112,2027-03-22,50,7500
H112,2027-03-23,43,7650
H112,2027-03-24,51,7500
H112,2027-03-25,51,7500
H112,2027-03-26,30,8700
H112,2027-03-27,41,8500
H112,2027-03-28,46,7550
H112,2027-03-29,37,7750
H112,2027-03-30,46,7600
H112,2027-03-31,45,7600
H113,2026-10-01,34,8550
H113,2026-10-02,35,9400
H113,2026-10-03,35,9350
H113,2026-10-04,35,8500
H113,2026-10-05,41,8350
H113,2026-10-06,42,8300
H113,2026-10-07,33,8550
H113,2026-10-08,45,8250
H113,2026-10-09,36,9350
H113,2026-10-10,25,9650
H113,2026-10-11,36,8500
H113,2026-10-12,37,8450
H113,2026-10-13,44,8250
H113,2026-10-14,39,8400
H113,2026-10-15,35,8500
H113,2026-10-16,36,9350
H113,2026-10-17,31,9450
H113,2026-10-18,38,8450
H113,2026-10-19,38,8400
H113,2026-10-20,33,8550
H113,2026-10-21,36,8450
H113,2026-10-22,39,8400
H113,2026-10-23,29,9500
H113,2026-10-24,27,9550
H113,2026-10-25,34,8550
H113,2026-10-26,34,8500
H113,2026-10-27,38,8400
H113,2026-10-28,36,8500
H113,2026-10-29,35,8500
H113,2026-10-30,27,9600
H113,2026-10-31,34,9400
H113,2026-11-01,40,8350
H113,2026-11-02,40,8350
H113,2026-11-03,38,8450
H113,2026-11-04,34,8500
H113,2026-11-05,34,8500
H113,2026-11-06,22,11300
H113,2026-11-07,14,11450
H113,2026-11-08,18,10500
H113,2026-11-09,22,10400
H113,2026-11-10,27,10250
H113,2026-11-11,42,8350
H113,2026-11-12,39,8400
H113,2026-11-13,31,9450
H113,2026-11-14,35,9350
H113,2026-11-15,41,8350
H113,2026-11-16,40,8350
H113,2026-11-17,41,8350
H113,2026-11-18,44,8300
H113,2026-11-19,41,8350
H113,2026-11-20,33,9450
H113,2026-11-21,28,9550
H113,2026-11-22,44,8250
H113,2026-11-23,45,8250
H113,2026-11-24,33,8550
H113,2026-11-25,35,8500
H113,2026-11-26,42,8350
H113,2026-11-27,28,9550
H113,2026-11-28,39,9250
H113,2026-11-29,37,8450
H113,2026-11-30,39,8400
H113,2026-12-01,17,10700
H113,2026-12-02,19,10650
H113,2026-12-03,20,10600
H113,2026-12-04,16,11600
H113,2026-12-05,16,11600
H113,2026-12-06,26,10500
H113,2026-12-07,20,10600
H113,2026-12-08,18,10700
H113,2026-12-09,26,10450
H113,2026-12-10,24,10500
H113,2026-12-11,14,11650
H113,2026-12-12,24,11400
H113,2026-12-13,28,10400
H113,2026-12-14,20,10650
H113,2026-12-15,31,10350
H113,2026-12-16,21,10600
H113,2026-12-17,21,10600
H113,2026-12-18,24,11400
H113,2026-12-19,13,11650
H113,2026-12-20,8,12500
H113,2026-12-21,15,12300
H113,2026-12-22,13,12400
H113,2026-12-23,15,12300
H113,2026-12-24,6,12550
H113,2026-12-25,10,13300
H113,2026-12-26,5,13450
H113,2026-12-27,8,12500
H113,2026-12-28,6,12550
H113,2026-12-29,13,12350
H113,2026-12-30,10,12450
H113,2026-12-31,13,12350
H113,2027-01-01,20,11300
H113,2027-01-02,20,11350
H113,2027-01-03,43,8300
H113,2027-01-04,45,8250
H113,2027-01-05,44,8250
H113,2027-01-06,42,8300
H113,2027-01-07,39,8400
H113,2027-01-08,35,9400
H113,2027-01-09,27,9550
H113,2027-01-10,43,8300
H113,2027-01-11,39,8400
H113,2027-01-12,42,8300
H113,2027-01-13,36,8450
H113,2027-01-14,37,8450
H113,2027-01-15,37,9350
H113,2027-01-16,25,9650
H113,2027-01-17,44,8250
H113,2027-01-18,45,8250
H113,2027-01-19,40,8400
H113,2027-01-20,36,8450
H113,2027-01-21,33,8550
H113,2027-01-22,30,9500
H113,2027-01-23,29,9500
H113,2027-01-24,33,8550
H113,2027-01-25,45,8250
H113,2027-01-26,45,8250
H113,2027-01-27,38,8400
H113,2027-01-28,34,8550
H113,2027-01-29,32,9450
H113,2027-01-30,28,9550
H113,2027-01-31,43,8300
H113,2027-02-01,35,8500
H113,2027-02-02,40,8350
H113,2027-02-03,41,8350
H113,2027-02-04,41,8350
H113,2027-02-05,34,9400
H113,2027-02-06,37,9300
H113,2027-02-07,36,8500
H113,2027-02-08,43,8300
H113,2027-02-09,43,8300
H113,2027-02-10,43,8300
H113,2027-02-11,43,8300
H113,2027-02-12,30,9500
H113,2027-02-13,28,9550
H113,2027-02-14,39,8400
H113,2027-02-15,37,8450
H113,2027-02-16,33,8550
H113,2027-02-17,44,8250
H113,2027-02-18,36,8450
H113,2027-02-19,26,9600
H113,2027-02-20,29,9550
H113,2027-02-21,41,8350
H113,2027-02-22,41,8350
H113,2027-02-23,33,8550
H113,2027-02-24,34,8550
H113,2027-02-25,41,8350
H113,2027-02-26,36,9350
H113,2027-02-27,39,9250
H113,2027-02-28,45,8250
H113,2027-03-01,33,8550
H113,2027-03-02,33,8550
H113,2027-03-03,45,8250
H113,2027-03-04,40,8400
H113,2027-03-05,26,9600
H113,2027-03-06,37,9350
H113,2027-03-07,46,8200
H113,2027-03-08,40,8350
H113,2027-03-09,44,8300
H113,2027-03-10,32,8600
H113,2027-03-11,40,8400
H113,2027-03-12,26,9600
H113,2027-03-13,36,9350
H113,2027-03-14,42,8300
H113,2027-03-15,36,8450
H113,2027-03-16,35,8500
H113,2027-03-17,37,8450
H113,2027-03-18,34,8500
H113,2027-03-19,37,9300
H113,2027-03-20,35,9350
H113,2027-03-21,39,8400
H113,2027-03-22,38,8400
H113,2027-03-23,37,8450
H113,2027-03-24,38,8400
H113,2027-03-25,42,8300
H113,2027-03-26,34,9400
H113,2027-03-27,35,9350
H113,2027-03-28,35,8500
H113,2027-03-29,38,8400
H113,2027-03-30,41,8350
H113,2027-03-31,34,8550
H114,2026-10-01,31,6250
H114,2026-10-02,26,7000
H114,2026-10-03,29,6950
H114,2026-10-04,35,6150
H114,2026-10-05,30,6250
H114,2026-10-06,32,6200
H114,2026-10-07,34,6200
H114,2026-10-08,33,6200
H114,2026-10-09,22,7100
H114,2026-10-10,28,6950
H114,2026-10-11,32,6200
H114,2026-10-12,31,6250
H114,2026-10-13,29,6300
H114,2026-10-14,26,6400
H114,2026-10-15,26,6350
H114,2026-10-16,29,6950
H114,2026-10-17,20,7150
H114,2026-10-18,29,6300
H114,2026-10-19,25,6400
H114,2026-10-20,25,6400
H114,2026-10-21,33,6200
H114,2026-10-22,26,6350
H114,2026-10-23,19,7200
H114,2026-10-24,22,7100
H114,2026-10-25,33,6200
H114,2026-10-26,31,6250
H114,2026-10-27,25,6400
H114,2026-10-28,32,6200
H114,2026-10-29,34,6200
H114,2026-10-30,25,7050
H114,2026-10-31,22,7100
H114,2026-11-01,25,6400
H114,2026-11-02,25,6400
H114,2026-11-03,25,6400
H114,2026-11-04,27,6350
H114,2026-11-05,34,6150
H114,2026-11-06,10,8600
H114,2026-11-07,14,8500
H114,2026-11-08,16,7800
H114,2026-11-09,15,7800
H114,2026-11-10,18,7750
H114,2026-11-11,32,6200
H114,2026-11-12,33,6200
H114,2026-11-13,25,7050
H114,2026-11-14,28,7000
H114,2026-11-15,30,6250
H114,2026-11-16,34,6200
H114,2026-11-17,28,6300
H114,2026-11-18,32,6200
H114,2026-11-19,26,6350
H114,2026-11-20,30,6900
H114,2026-11-21,21,7150
H114,2026-11-22,31,6250
H114,2026-11-23,28,6300
H114,2026-11-24,29,6300
H114,2026-11-25,30,6250
H114,2026-11-26,25,6400
H114,2026-11-27,21,7150
H114,2026-11-28,28,7000
H114,2026-11-29,24,6400
H114,2026-11-30,25,6400
H114,2026-12-01,22,7800
H114,2026-12-02,14,8000
H114,2026-12-03,18,7900
H114,2026-12-04,13,8650
H114,2026-12-05,13,8650
H114,2026-12-06,17,7900
H114,2026-12-07,15,7950
H114,2026-12-08,18,7900
H114,2026-12-09,22,7750
H114,2026-12-10,19,7850
H114,2026-12-11,17,8550
H114,2026-12-12,12,8700
H114,2026-12-13,13,8000
H114,2026-12-14,15,7950
H114,2026-12-15,14,7950
H114,2026-12-16,17,7900
H114,2026-12-17,14,7950
H114,2026-12-18,16,8600
H114,2026-12-19,9,8750
H114,2026-12-20,9,9250
H114,2026-12-21,9,9250
H114,2026-12-22,10,9250
H114,2026-12-23,6,9350
H114,2026-12-24,9,9250
H114,2026-12-25,6,10000
H114,2026-12-26,2,10100
H114,2026-12-27,11,9200
H114,2026-12-28,9,9250
H114,2026-12-29,3,9400
H114,2026-12-30,5,9350
H114,2026-12-31,10,9250
H114,2027-01-01,15,8450
H114,2027-01-02,15,8450
H114,2027-01-03,26,6350
H114,2027-01-04,29,6300
H114,2027-01-05,26,6400
H114,2027-01-06,30,6250
H114,2027-01-07,30,6250
H114,2027-01-08,19,7200
H114,2027-01-09,20,7200
H114,2027-01-10,24,6400
H114,2027-01-11,31,6250
H114,2027-01-12,33,6200
H114,2027-01-13,34,6150
H114,2027-01-14,26,6350
H114,2027-01-15,20,7200
H114,2027-01-16,29,6950
H114,2027-01-17,25,6400
H114,2027-01-18,33,6200
H114,2027-01-19,25,6400
H114,2027-01-20,28,6300
H114,2027-01-21,33,6200
H114,2027-01-22,23,7100
H114,2027-01-23,30,6950
H114,2027-01-24,31,6250
H114,2027-01-25,29,6300
H114,2027-01-26,31,6250
H114,2027-01-27,25,6400
H114,2027-01-28,32,6250
H114,2027-01-29,24,7050
H114,2027-01-30,29,6950
H114,2027-01-31,28,6300
H114,2027-02-01,29,6300
H114,2027-02-02,33,6200
H114,2027-02-03,26,6350
H114,2027-02-04,25,6400
H114,2027-02-05,22,7100
H114,2027-02-06,27,7000
H114,2027-02-07,28,6300
H114,2027-02-08,26,6350
H114,2027-02-09,32,6250
H114,2027-02-10,25,6400
H114,2027-02-11,28,6300
H114,2027-02-12,27,7000
H114,2027-02-13,29,6950
H114,2027-02-14,32,6200
H114,2027-02-15,34,6200
H114,2027-02-16,30,6250
H114,2027-02-17,30,6300
H114,2027-02-18,29,6300
H114,2027-02-19,30,6900
H114,2027-02-20,20,7150
H114,2027-02-21,35,6150
H114,2027-02-22,34,6150
H114,2027-02-23,35,6150
H114,2027-02-24,30,6250
H114,2027-02-25,28,6300
H114,2027-02-26,23,7100
H114,2027-02-27,27,7000
H114,2027-02-28,33,6200
H114,2027-03-01,25,6400
H114,2027-03-02,28,6300
H114,2027-03-03,24,6400
H114,2027-03-04,27,6350
H114,2027-03-05,27,7000
H114,2027-03-06,23,7100
H114,2027-03-07,30,6300
H114,2027-03-08,30,6250
H114,2027-03-09,31,6250
H114,2027-03-10,31,6250
H114,2027-03-11,30,6250
H114,2027-03-12,23,7100
H114,2027-03-13,22,7100
H114,2027-03-14,33,6200
H114,2027-03-15,30,6250
H114,2027-03-16,29,6300
H114,2027-03-17,29,6300
H114,2027-03-18,32,6200
H114,2027-03-19,26,7000
H114,2027-03-20,20,7150
H114,2027-03-21,34,6150
H114,2027-03-22,32,6200
H114,2027-03-23,29,6300
H114,2027-03-24,34,6150
H114,2027-03-25,28,6300
H114,2027-03-26,27,7000
H114,2027-03-27,20,7150
H114,2027-03-28,26,6350
H114,2027-03-29,31,6250
H114,2027-03-30,34,6150
H114,2027-03-31,30,6250
H115,2026-10-01,21,9550
H115,2026-10-02,18,10750
H115,2026-10-03,12,11050
H115,2026-10-04,20,9600
H115,2026-10-05,17,9800
H115,2026-10-06,17,9800
H115,2026-10-07,19,9650
H115,2026-10-08,21,9550
H115,2026-10-09,15,10900
H115,2026-10-10,13,11050
H115,2026-10-11,20,9600
H115,2026-10-12,18,9700
H115,2026-10-13,21,9550
H115,2026-10-14,21,9500
H115,2026-10-15,16,9800
H115,2026-10-16,14,10950
H115,2026-10-17,15,10900
H115,2026-10-18,18,9750
H115,2026-10-19,17,9800
H115,2026-10-20,20,9600
H115,2026-10-21,22,9500
H115,2026-10-22,22,9500
H115,2026-10-23,14,10950
H115,2026-10-24,15,10900
H115,2026-10-25,19,9650
H115,2026-10-26,19,9600
H115,2026-10-27,16,9800
H115,2026-10-28,20,9600
H115,2026-10-29,19,9650
H115,2026-10-30,13,11000
H115,2026-10-31,17,10750
H115,2026-11-01,16,9850
H115,2026-11-02,18,9700
H115,2026-11-03,22,9450
H115,2026-11-04,19,9650
H115,2026-11-05,21,9550
H115,2026-11-06,10,13000
H115,2026-11-07,11,12900
H115,2026-11-08,9,12100
H115,2026-11-09,12,11900
H115,2026-11-10,13,11800
H115,2026-11-11,17,9800
H115,2026-11-12,20,9600
H115,2026-11-13,15,10900
H115,2026-11-14,18,10700
H115,2026-11-15,21,9500
H115,2026-11-16,19,9650
H115,2026-11-17,22,9450
H115,2026-11-18,15,9900
H115,2026-11-19,20,9600
H115,2026-11-20,17,10750
H115,2026-11-21,19,10650
H115,2026-11-22,20,9600
H115,2026-11-23,21,9550
H115,2026-11-24,19,9650
H115,2026-11-25,18,9700
H115,2026-11-26,16,9800
H115,2026-11-27,14,10950
H115,2026-11-28,19,10650
H115,2026-11-29,16,9800
H115,2026-11-30,16,9800
H115,2026-12-01,12,12050
H115,2026-12-02,15,11900
H115,2026-12-03,10,12200
H115,2026-12-04,8,13300
H115,2026-12-05,7,13400
H115,2026-12-06,14,12000
H115,2026-12-07,15,11900
H115,2026-12-08,9,12250
H115,2026-12-09,8,12300
H115,2026-12-10,15,11900
H115,2026-12-11,8,13300
H115,2026-12-12,8,13300
H115,2026-12-13,14,11950
H115,2026-12-14,14,11950
H115,2026-12-15,9,12300
H115,2026-12-16,9,12200
H115,2026-12-17,12,12100
H115,2026-12-18,10,13200
H115,2026-12-19,8,13300
H115,2026-12-20,7,14200
H115,2026-12-21,4,14350
H115,2026-12-22,8,14150
H115,2026-12-23,6,14200
H115,2026-12-24,5,14300
H115,2026-12-25,1,15550
H115,2026-12-26,1,15550
H115,2026-12-27,6,14250
H115,2026-12-28,5,14300
H115,2026-12-29,7,14150
H115,2026-12-30,4,14350
H115,2026-12-31,3,14400
H115,2027-01-01,7,13150
H115,2027-01-02,8,13150
H115,2027-01-03,17,9800
H115,2027-01-04,18,9700
H115,2027-01-05,21,9500
H115,2027-01-06,16,9850
H115,2027-01-07,17,9750
H115,2027-01-08,15,10900
H115,2027-01-09,13,11000
H115,2027-01-10,18,9700
H115,2027-01-11,18,9700
H115,2027-01-12,20,9600
H115,2027-01-13,16,9850
H115,2027-01-14,19,9650
H115,2027-01-15,15,10900
H115,2027-01-16,16,10850
H115,2027-01-17,19,9650
H115,2027-01-18,22,9500
H115,2027-01-19,18,9700
H115,2027-01-20,19,9650
H115,2027-01-21,17,9800
H115,2027-01-22,16,10850
H115,2027-01-23,13,11000
H115,2027-01-24,22,9500
H115,2027-01-25,17,9750
H115,2027-01-26,21,9500
H115,2027-01-27,22,9500
H115,2027-01-28,19,9650
H115,2027-01-29,19,10700
H115,2027-01-30,17,10800
H115,2027-01-31,18,9700
H115,2027-02-01,16,9850
H115,2027-02-02,21,9500
H115,2027-02-03,20,9600
H115,2027-02-04,17,9750
H115,2027-02-05,13,11000
H115,2027-02-06,13,11000
H115,2027-02-07,16,9800
H115,2027-02-08,16,9850
H115,2027-02-09,15,9850
H115,2027-02-10,19,9650
H115,2027-02-11,17,9750
H115,2027-02-12,15,10850
H115,2027-02-13,16,10850
H115,2027-02-14,16,9800
H115,2027-02-15,18,9700
H115,2027-02-16,18,9700
H115,2027-02-17,16,9850
H115,2027-02-18,22,9450
H115,2027-02-19,13,11050
H115,2027-02-20,14,10950
H115,2027-02-21,22,9450
H115,2027-02-22,22,9450
H115,2027-02-23,18,9700
H115,2027-02-24,19,9650
H115,2027-02-25,19,9600
H115,2027-02-26,14,10950
H115,2027-02-27,12,11050
H115,2027-02-28,21,9500
H115,2027-03-01,19,9650
H115,2027-03-02,22,9450
H115,2027-03-03,22,9450
H115,2027-03-04,20,9600
H115,2027-03-05,16,10850
H115,2027-03-06,17,10750
H115,2027-03-07,22,9500
H115,2027-03-08,16,9800
H115,2027-03-09,16,9850
H115,2027-03-10,22,9500
H115,2027-03-11,21,9550
H115,2027-03-12,14,10950
H115,2027-03-13,13,11000
H115,2027-03-14,15,9850
H115,2027-03-15,15,9850
H115,2027-03-16,16,9800
H115,2027-03-17,16,9850
H115,2027-03-18,21,9550
H115,2027-03-19,18,10750
H115,2027-03-20,17,10800
H115,2027-03-21,20,9550
H115,2027-03-22,20,9600
H115,2027-03-23,19,9650
H115,2027-03-24,20,9600
H115,2027-03-25,16,9850
H115,2027-03-26,18,10700
H115,2027-03-27,14,10950
H115,2027-03-28,22,9450
H115,2027-03-29,19,9650
H115,2027-03-30,18,9700
H115,2027-03-31,19,9650
H116,2026-10-01,25,23650
H116,2026-10-02,26,25950
H116,2026-10-03,28,25700
H116,2026-10-04,29,23200
H116,2026-10-05,30,23200
H116,2026-10-06,30,23150
H116,2026-10-07,27,23450
H116,2026-10-08,25,23650
H116,2026-10-09,28,25750
H116,2026-10-10,29,25650
H116,2026-10-11,25,23600
H116,2026-10-12,29,23250
H116,2026-10-13,27,23450
H116,2026-10-14,25,23650
H116,2026-10-15,32,22950
H116,2026-10-16,20,26550
H116,2026-10-17,28,25750
H116,2026-10-18,33,22800
H116,2026-10-19,27,23450
H116,2026-10-20,28,23400
H116,2026-10-21,30,23150
H116,2026-10-22,30,23100
H116,2026-10-23,28,25750
H116,2026-10-24,18,26650
H116,2026-10-25,30,23100
H116,2026-10-26,31,23050
H116,2026-10-27,29,23200
H116,2026-10-28,23,23800
H116,2026-10-29,26,23550
H116,2026-10-30,27,25850
H116,2026-10-31,22,26350
H116,2026-11-01,32,22900
H116,2026-11-02,32,22950
H116,2026-11-03,24,23700
H116,2026-11-04,31,23100
H116,2026-11-05,30,23150
H116,2026-11-06,12,31650
H116,2026-11-07,19,30950
H116,2026-11-08,24,28050
H116,2026-11-09,15,28900
H116,2026-11-10,14,29000
H116,2026-11-11,30,23150
H116,2026-11-12,30,23200
H116,2026-11-13,23,26250
H116,2026-11-14,21,26450
H116,2026-11-15,29,23250
H116,2026-11-16,32,22900
H116,2026-11-17,24,23750
H116,2026-11-18,31,23100
H116,2026-11-19,34,22750
H116,2026-11-20,20,26500
H116,2026-11-21,20,26500
H116,2026-11-22,34,22750
H116,2026-11-23,24,23750
H116,2026-11-24,29,23300
H116,2026-11-25,26,23550
H116,2026-11-26,32,23000
H116,2026-11-27,19,26600
H116,2026-11-28,19,26600
H116,2026-11-29,28,23350
H116,2026-11-30,29,23250
H116,2026-12-01,19,29050
H116,2026-12-02,12,29650
H116,2026-12-03,18,29150
H116,2026-12-04,8,32450
H116,2026-12-05,9,32350
H116,2026-12-06,22,28700
H116,2026-12-07,21,28800
H116,2026-12-08,13,29600
H116,2026-12-09,20,28950
H116,2026-12-10,15,29400
H116,2026-12-11,8,32450
H116,2026-12-12,10,32300
H116,2026-12-13,15,29450
H116,2026-12-14,17,29200
H116,2026-12-15,23,28650
H116,2026-12-16,22,28700
H116,2026-12-17,16,29350
H116,2026-12-18,12,32050
H116,2026-12-19,14,31850
H116,2026-12-20,6,34600
H116,2026-12-21,12,34050
H116,2026-12-22,11,34100
H116,2026-12-23,11,34100
H116,2026-12-24,7,34500
H116,2026-12-25,4,37200
H116,2026-12-26,7,36950
H116,2026-12-27,3,34900
H116,2026-12-28,6,34600
H116,2026-12-29,5,34700
H116,2026-12-30,9,34350
H116,2026-12-31,3,34850
H116,2027-01-01,12,31650
H116,2027-01-02,13,31550
H116,2027-01-03,30,23100
H116,2027-01-04,28,23300
H116,2027-01-05,25,23600
H116,2027-01-06,26,23500
H116,2027-01-07,34,22800
H116,2027-01-08,23,26200
H116,2027-01-09,19,26650
H116,2027-01-10,29,23250
H116,2027-01-11,24,23700
H116,2027-01-12,33,22800
H116,2027-01-13,24,23700
H116,2027-01-14,24,23700
H116,2027-01-15,22,26350
H116,2027-01-16,19,26600
H116,2027-01-17,26,23500
H116,2027-01-18,24,23750
H116,2027-01-19,28,23350
H116,2027-01-20,32,22900
H116,2027-01-21,29,23200
H116,2027-01-22,29,25650
H116,2027-01-23,29,25650
H116,2027-01-24,34,22750
H116,2027-01-25,25,23650
H116,2027-01-26,26,23500
H116,2027-01-27,33,22850
H116,2027-01-28,34,22750
H116,2027-01-29,19,26600
H116,2027-01-30,21,26450
H116,2027-01-31,30,23150
H116,2027-02-01,28,23350
H116,2027-02-02,31,23050
H116,2027-02-03,24,23750
H116,2027-02-04,24,23700
H116,2027-02-05,26,25950
H116,2027-02-06,19,26650
H116,2027-02-07,28,23300
H116,2027-02-08,32,22900
H116,2027-02-09,23,23800
H116,2027-02-10,32,23000
H116,2027-02-11,31,23100
H116,2027-02-12,19,26600
H116,2027-02-13,26,25950
H116,2027-02-14,26,23550
H116,2027-02-15,25,23600
H116,2027-02-16,26,23500
H116,2027-02-17,28,23350
H116,2027-02-18,30,23200
H116,2027-02-19,27,25850
H116,2027-02-20,25,26050
H116,2027-02-21,34,22750
H116,2027-02-22,29,23200
H116,2027-02-23,31,23050
H116,2027-02-24,30,23200
H116,2027-02-25,24,23700
H116,2027-02-26,24,26100
H116,2027-02-27,23,26200
H116,2027-02-28,34,22800
H116,2027-03-01,32,22950
H116,2027-03-02,32,22950
H116,2027-03-03,30,23200
H116,2027-03-04,33,22850
H116,2027-03-05,27,25800
H116,2027-03-06,18,26650
H116,2027-03-07,27,23450
H116,2027-03-08,26,23550
H116,2027-03-09,23,23800
H116,2027-03-10,26,23550
H116,2027-03-11,29,23200
H116,2027-03-12,27,25800
H116,2027-03-13,24,26100
H116,2027-03-14,27,23450
H116,2027-03-15,28,23300
H116,2027-03-16,32,22950
H116,2027-03-17,32,22950
H116,2027-03-18,30,23100
H116,2027-03-19,29,25650
H116,2027-03-20,20,26500
H116,2027-03-21,31,23100
H116,2027-03-22,32,22900
H116,2027-03-23,33,22900
H116,2027-03-24,32,22950
H116,2027-03-25,29,23250
H116,2027-03-26,21,26400
H116,2027-03-27,21,26400
H116,2027-03-28,31,23000
H116,2027-03-29,33,22850
H116,2027-03-30,29,23250
H116,2027-03-31,24,23650
H117,2026-10-01,51,26550
H117,2026-10-02,43,29900
H117,2026-10-03,45,29750
H117,2026-10-04,51,26550
H117,2026-10-05,46,26900
H117,2026-10-06,46,26950
H117,2026-10-07,49,26750
H117,2026-10-08,54,26400
H117,2026-10-09,29,30900
H117,2026-10-10,38,30250
H117,2026-10-11,54,26350
H117,2026-10-12,54,26350
H117,2026-10-13,50,26600
H117,2026-10-14,49,26750
H117,2026-10-15,44,27050
H117,2026-10-16,37,30350
H117,2026-10-17,39,30200
H117,2026-10-18,52,26500
H117,2026-10-19,50,26650
H117,2026-10-20,53,26450
H117,2026-10-21,51,26550
H117,2026-10-22,43,27150
H117,2026-10-23,36,30450
H117,2026-10-24,39,30200
H117,2026-10-25,49,26750
H117,2026-10-26,54,26400
H117,2026-10-27,53,26450
H117,2026-10-28,41,27300
H117,2026-10-29,45,27000
H117,2026-10-30,30,30850
H117,2026-10-31,46,29750
H117,2026-11-01,51,26550
H117,2026-11-02,43,27150
H117,2026-11-03,42,27200
H117,2026-11-04,37,27550
H117,2026-11-05,53,26450
H117,2026-11-06,30,35850
H117,2026-11-07,19,36650
H117,2026-11-08,37,32550
H117,2026-11-09,37,32600
H117,2026-11-10,21,33650
H117,2026-11-11,45,27000
H117,2026-11-12,39,27450
H117,2026-11-13,36,30400
H117,2026-11-14,42,30000
H117,2026-11-15,49,26700
H117,2026-11-16,44,27050
H117,2026-11-17,45,26950
H117,2026-11-18,54,26400
H117,2026-11-19,41,27250
H117,2026-11-20,33,30650
H117,2026-11-21,33,30650
H117,2026-11-22,48,26800
H117,2026-11-23,54,26400
H117,2026-11-24,54,26400
H117,2026-11-25,44,27050
H117,2026-11-26,37,27550
H117,2026-11-27,39,30200
H117,2026-11-28,32,30700
H117,2026-11-29,37,27550
H117,2026-11-30,49,26700
H117,2026-12-01,21,34250
H117,2026-12-02,25,33950
H117,2026-12-03,24,34050
H117,2026-12-04,22,36950
H117,2026-12-05,15,37450
H117,2026-12-06,22,34200
H117,2026-12-07,22,34150
H117,2026-12-08,20,34300
H117,2026-12-09,23,34100
H117,2026-12-10,27,33800
H117,2026-12-11,16,37400
H117,2026-12-12,15,37500
H117,2026-12-13,28,33800
H117,2026-12-14,32,33500
H117,2026-12-15,29,33700
H117,2026-12-16,22,34200
H117,2026-12-17,21,34250
H117,2026-12-18,13,37600
H117,2026-12-19,27,36650
H117,2026-12-20,11,39950
H117,2026-12-21,13,39800
H117,2026-12-22,8,40200
H117,2026-12-23,12,39950
H117,2026-12-24,19,39400
H117,2026-12-25,11,42800
H117,2026-12-26,5,43200
H117,2026-12-27,15,39700
H117,2026-12-28,8,40200
H117,2026-12-29,17,39500
H117,2026-12-30,18,39450
H117,2026-12-31,14,39750
H117,2027-01-01,14,36950
H117,2027-01-02,19,36650
H117,2027-01-03,45,27050
H117,2027-01-04,42,27200
H117,2027-01-05,51,26600
H117,2027-01-06,54,26350
H117,2027-01-07,48,26800
H117,2027-01-08,37,30350
H117,2027-01-09,29,30900
H117,2027-01-10,52,26500
H117,2027-01-11,42,27250
H117,2027-01-12,44,27100
H117,2027-01-13,43,27100
H117,2027-01-14,45,26950
H117,2027-01-15,34,30550
H117,2027-01-16,45,29750
H117,2027-01-17,46,26900
H117,2027-01-18,43,27150
H117,2027-01-19,46,26950
H117,2027-01-20,47,26900
H117,2027-01-21,43,27150
H117,2027-01-22,46,29750
H117,2027-01-23,32,30700
H117,2027-01-24,40,27300
H117,2027-01-25,40,27350
H117,2027-01-26,44,27050
H117,2027-01-27,45,27000
H117,2027-01-28,44,27050
H117,2027-01-29,46,29700
H117,2027-01-30,43,29900
H117,2027-01-31,48,26800
H117,2027-02-01,51,26550
H117,2027-02-02,54,26400
H117,2027-02-03,50,26650
H117,2027-02-04,46,26900
H117,2027-02-05,34,30550
H117,2027-02-06,40,30100
H117,2027-02-07,43,27150
H117,2027-02-08,53,26450
H117,2027-02-09,41,27250
H117,2027-02-10,51,26550
H117,2027-02-11,50,26650
H117,2027-02-12,43,29900
H117,2027-02-13,29,30900
H117,2027-02-14,53,26450
H117,2027-02-15,39,27400
H117,2027-02-16,37,27550
H117,2027-02-17,51,26550
H117,2027-02-18,53,26400
H117,2027-02-19,33,30600
H117,2027-02-20,41,30100
H117,2027-02-21,54,26350
H117,2027-02-22,39,27400
H117,2027-02-23,44,27050
H117,2027-02-24,53,26400
H117,2027-02-25,43,27100
H117,2027-02-26,41,30050
H117,2027-02-27,34,30550
H117,2027-02-28,52,26450
H117,2027-03-01,49,26750
H117,2027-03-02,52,26550
H117,2027-03-03,44,27050
H117,2027-03-04,54,26400
H117,2027-03-05,41,30050
H117,2027-03-06,38,30300
H117,2027-03-07,54,26350
H117,2027-03-08,43,27100
H117,2027-03-09,48,26750
H117,2027-03-10,45,27000
H117,2027-03-11,42,27200
H117,2027-03-12,43,29950
H117,2027-03-13,45,29750
H117,2027-03-14,38,27500
H117,2027-03-15,53,26400
H117,2027-03-16,46,26950
H117,2027-03-17,43,27100
H117,2027-03-18,54,26350
H117,2027-03-19,38,30300
H117,2027-03-20,40,30150
H117,2027-03-21,47,26850
H117,2027-03-22,52,26500
H117,2027-03-23,47,26900
H117,2027-03-24,52,26450
H117,2027-03-25,44,27050
H117,2027-03-26,40,30150
H117,2027-03-27,41,30050
H117,2027-03-28,44,27050
H117,2027-03-29,43,27150
H117,2027-03-30,49,26700
H117,2027-03-31,42,27200
H118,2026-10-01,4,6900
H118,2026-10-02,2,7700
H118,2026-10-03,2,7650
H118,2026-10-04,5,6800
H118,2026-10-05,3,7000
H118,2026-10-06,5,6800
H118,2026-10-07,3,7000
H118,2026-10-08,3,7000
H118,2026-10-09,3,7550
H118,2026-10-10,3,7600
H118,2026-10-11,3,6950
H118,2026-10-12,5,6800
H118,2026-10-13,5,6800
H118,2026-10-14,3,6950
H118,2026-10-15,5,6850
H118,2026-10-16,3,7550
H118,2026-10-17,3,7600
H118,2026-10-18,4,6850
H118,2026-10-19,5,6800
H118,2026-10-20,5,6800
H118,2026-10-21,5,6800
H118,2026-10-22,6,6750
H118,2026-10-23,4,7450
H118,2026-10-24,3,7600
H118,2026-10-25,5,6850
H118,2026-10-26,5,6800
H118,2026-10-27,5,6850
H118,2026-10-28,5,6800
H118,2026-10-29,4,6900
H118,2026-10-30,3,7550
H118,2026-10-31,2,7650
H118,2026-11-01,8,5400
H118,2026-11-02,6,5600
H118,2026-11-03,6,5550
H118,2026-11-04,6,5600
H118,2026-11-05,8,5400
H118,2026-11-06,2,7550
H118,2026-11-07,3,7450
H118,2026-11-08,4,6800
H118,2026-11-09,4,6850
H118,2026-11-10,5,6700
H118,2026-11-11,6,5550
H118,2026-11-12,6,5600
H118,2026-11-13,6,6150
H118,2026-11-14,5,6200
H118,2026-11-15,7,5500
H118,2026-11-16,7,5450
H118,2026-11-17,8,5400
H118,2026-11-18,6,5600
H118,2026-11-19,6,5550
H118,2026-11-20,5,6250
H118,2026-11-21,6,6150
H118,2026-11-22,7,5450
H118,2026-11-23,6,5550
H118,2026-11-24,7,5500
H118,2026-11-25,6,5550
H118,2026-11-26,8,5450
H118,2026-11-27,5,6250
H118,2026-11-28,6,6200
H118,2026-11-29,8,5400
H118,2026-11-30,6,5550
H118,2026-12-01,4,6900
H118,2026-12-02,4,6900
H118,2026-12-03,4,6900
H118,2026-12-04,4,7450
H118,2026-12-05,4,7500
H118,2026-12-06,3,7000
H118,2026-12-07,5,6800
H118,2026-12-08,5,6800
H118,2026-12-09,3,7000
H118,2026-12-10,4,6950
H118,2026-12-11,2,7650
H118,2026-12-12,2,7650
H118,2026-12-13,5,6800
H118,2026-12-14,5,6850
H118,2026-12-15,3,7000
H118,2026-12-16,3,7000
H118,2026-12-17,5,6850
H118,2026-12-18,4,7500
H118,2026-12-19,2,7650
H118,2026-12-20,3,8050
H118,2026-12-21,2,8150
H118,2026-12-22,1,8250
H118,2026-12-23,1,8250
H118,2026-12-24,1,8250
H118,2026-12-25,1,8750
H118,2026-12-26,1,8800
H118,2026-12-27,2,8150
H118,2026-12-28,1,8200
H118,2026-12-29,2,8100
H118,2026-12-30,2,8150
H118,2026-12-31,3,8050
H118,2027-01-01,4,7400
H118,2027-01-02,2,7500
H118,2027-01-03,6,5600
H118,2027-01-04,7,5450
H118,2027-01-05,8,5400
H118,2027-01-06,6,5550
H118,2027-01-07,8,5400
H118,2027-01-08,6,6150
H118,2027-01-09,5,6250
H118,2027-01-10,6,5550
H118,2027-01-11,7,5550
H118,2027-01-12,7,5450
H118,2027-01-13,6,5600
H118,2027-01-14,8,5400
H118,2027-01-15,7,6100
H118,2027-01-16,5,6250
H118,2027-01-17,6,5550
H118,2027-01-18,6,5550
H118,2027-01-19,8,5400
H118,2027-01-20,6,5650
H118,2027-01-21,7,5500
H118,2027-01-22,7,6100
H118,2027-01-23,5,6300
H118,2027-01-24,6,5550
H118,2027-01-25,6,5600
H118,2027-01-26,6,5600
H118,2027-01-27,7,5500
H118,2027-01-28,6,5650
H118,2027-01-29,5,6250
H118,2027-01-30,6,6150
H118,2027-01-31,7,5500
H118,2027-02-01,6,5600
H118,2027-02-02,6,5600
H118,2027-02-03,7,5500
H118,2027-02-04,6,5550
H118,2027-02-05,6,6200
H118,2027-02-06,4,6300
H118,2027-02-07,8,5400
H118,2027-02-08,6,5550
H118,2027-02-09,7,5500
H118,2027-02-10,6,5550
H118,2027-02-11,8,5400
H118,2027-02-12,6,6150
H118,2027-02-13,5,6300
H118,2027-02-14,7,5500
H118,2027-02-15,8,5400
H118,2027-02-16,6,5600
H118,2027-02-17,6,5600
H118,2027-02-18,8,5400
H118,2027-02-19,5,6300
H118,2027-02-20,5,6250
H118,2027-02-21,8,5400
H118,2027-02-22,7,5450
H118,2027-02-23,7,5500
H118,2027-02-24,7,5450
H118,2027-02-25,6,5550
H118,2027-02-26,5,6250
H118,2027-02-27,7,6050
H118,2027-02-28,8,5400
H118,2027-03-01,7,5450
H118,2027-03-02,6,5600
H118,2027-03-03,8,5400
H118,2027-03-04,7,5500
H118,2027-03-05,6,6150
H118,2027-03-06,5,6250
H118,2027-03-07,7,5500
H118,2027-03-08,8,5400
H118,2027-03-09,7,5450
H118,2027-03-10,7,5500
H118,2027-03-11,7,5500
H118,2027-03-12,7,6100
H118,2027-03-13,7,6050
H118,2027-03-14,7,5500
H118,2027-03-15,6,5650
H118,2027-03-16,6,5600
H118,2027-03-17,7,5450
H118,2027-03-18,8,5400
H118,2027-03-19,4,6300
H118,2027-03-20,5,6300
H118,2027-03-21,6,5600
H118,2027-03-22,6,5600
H118,2027-03-23,6,5550
H118,2027-03-24,8,5450
H118,2027-03-25,8,5400
H118,2027-03-26,7,6100
H118,2027-03-27,5,6250
H118,2027-03-28,7,5500
H118,2027-03-29,8,5400
H118,2027-03-30,6,5600
H118,2027-03-31,6,5550
H119,2026-10-01,6,6650
H119,2026-10-02,3,7300
H119,2026-10-03,7,7050
H119,2026-10-04,9,6450
H119,2026-10-05,6,6600
H119,2026-10-06,7,6550
H119,2026-10-07,9,6450
H119,2026-10-08,6,6600
H119,2026-10-09,4,7250
H119,2026-10-10,3,7300
H119,2026-10-11,6,6650
H119,2026-10-12,6,6600
H119,2026-10-13,6,6600
H119,2026-10-14,9,6450
H119,2026-10-15,6,6600
H119,2026-10-16,4,7250
H119,2026-10-17,6,7150
H119,2026-10-18,7,6550
H119,2026-10-19,6,6600
H119,2026-10-20,5,6650
H119,2026-10-21,9,6450
H119,2026-10-22,10,6400
H119,2026-10-23,4,7250
H119,2026-10-24,4,7250
H119,2026-10-25,9,6450
H119,2026-10-26,9,6450
H119,2026-10-27,8,6500
H119,2026-10-28,6,6650
H119,2026-10-29,10,6400
H119,2026-10-30,7,7100
H119,2026-10-31,7,7100
H119,2026-11-01,12,5250
H119,2026-11-02,11,5300
H119,2026-11-03,11,5250
H119,2026-11-04,13,5200
H119,2026-11-05,11,5250
H119,2026-11-06,6,7050
H119,2026-11-07,6,7050
H119,2026-11-08,8,6400
H119,2026-11-09,9,6350
H119,2026-11-10,7,6450
H119,2026-11-11,10,5300
H119,2026-11-12,12,5200
H119,2026-11-13,11,5800
H119,2026-11-14,12,5800
H119,2026-11-15,12,5200
H119,2026-11-16,10,5300
H119,2026-11-17,11,5250
H119,2026-11-18,13,5150
H119,2026-11-19,10,5300
H119,2026-11-20,10,5850
H119,2026-11-21,8,5950
H119,2026-11-22,14,5100
H119,2026-11-23,13,5200
H119,2026-11-24,10,5350
H119,2026-11-25,14,5100
H119,2026-11-26,12,5200
H119,2026-11-27,11,5850
H119,2026-11-28,10,5850
H119,2026-11-29,11,5250
H119,2026-11-30,13,5150
H119,2026-12-01,6,6600
H119,2026-12-02,7,6550
H119,2026-12-03,8,6500
H119,2026-12-04,6,7150
H119,2026-12-05,3,7300
H119,2026-12-06,6,6600
H119,2026-12-07,8,6500
H119,2026-12-08,8,6500
H119,2026-12-09,6,6600
H119,2026-12-10,7,6550
H119,2026-12-11,6,7150
H119,2026-12-12,5,7150
H119,2026-12-13,9,6450
H119,2026-12-14,6,6600
H119,2026-12-15,8,6500
H119,2026-12-16,6,6600
H119,2026-12-17,9,6450
H119,2026-12-18,5,7150
H119,2026-12-19,4,7250
H119,2026-12-20,3,7700
H119,2026-12-21,2,7800
H119,2026-12-22,4,7700
H119,2026-12-23,3,7750
H119,2026-12-24,1,7850
H119,2026-12-25,1,8400
H119,2026-12-26,1,8400
H119,2026-12-27,2,7750
H119,2026-12-28,3,7700
H119,2026-12-29,4,7700
H119,2026-12-30,1,7850
H119,2026-12-31,5,7600
H119,2027-01-01,3,7150
H119,2027-01-02,5,7100
H119,2027-01-03,12,5250
H119,2027-01-04,13,5150
H119,2027-01-05,14,5100
H119,2027-01-06,11,5250
H119,2027-01-07,13,5200
H119,2027-01-08,12,5750
H119,2027-01-09,11,5800
H119,2027-01-10,14,5100
H119,2027-01-11,12,5200
H119,2027-01-12,14,5150
H119,2027-01-13,12,5250
H119,2027-01-14,12,5200
H119,2027-01-15,11,5800
H119,2027-01-16,11,5800
H119,2027-01-17,14,5100
H119,2027-01-18,11,5250
H119,2027-01-19,13,5150
H119,2027-01-20,13,5200
H119,2027-01-21,11,5250
H119,2027-01-22,11,5800
H119,2027-01-23,9,5950
H119,2027-01-24,13,5150
H119,2027-01-25,14,5100
H119,2027-01-26,14,5100
H119,2027-01-27,12,5200
H119,2027-01-28,10,5300
H119,2027-01-29,9,5950
H119,2027-01-30,8,5950
H119,2027-01-31,11,5250
H119,2027-02-01,10,5350
H119,2027-02-02,11,5250
H119,2027-02-03,12,5200
H119,2027-02-04,11,5300
H119,2027-02-05,8,5950
H119,2027-02-06,8,5950
H119,2027-02-07,12,5250
H119,2027-02-08,14,5150
H119,2027-02-09,13,5200
H119,2027-02-10,10,5300
H119,2027-02-11,11,5250
H119,2027-02-12,9,5900
H119,2027-02-13,8,5950
H119,2027-02-14,11,5250
H119,2027-02-15,14,5100
H119,2027-02-16,10,5350
H119,2027-02-17,10,5300
H119,2027-02-18,10,5300
H119,2027-02-19,9,5900
H119,2027-02-20,8,5950
H119,2027-02-21,14,5100
H119,2027-02-22,13,5150
H119,2027-02-23,10,5300
H119,2027-02-24,13,5150
H119,2027-02-25,13,5150
H119,2027-02-26,8,5950
H119,2027-02-27,8,5950
H119,2027-02-28,14,5150
H119,2027-03-01,13,5150
H119,2027-03-02,10,5300
H119,2027-03-03,14,5100
H119,2027-03-04,11,5300
H119,2027-03-05,10,5850
H119,2027-03-06,9,5900
H119,2027-03-07,13,5200
H119,2027-03-08,14,5100
H119,2027-03-09,11,5300
H119,2027-03-10,13,5150
H119,2027-03-11,11,5250
H119,2027-03-12,10,5850
H119,2027-03-13,12,5750
H119,2027-03-14,14,5150
H119,2027-03-15,10,5300
H119,2027-03-16,10,5350
H119,2027-03-17,13,5150
H119,2027-03-18,10,5350
H119,2027-03-19,8,5950
H119,2027-03-20,11,5800
H119,2027-03-21,10,5350
H119,2027-03-22,13,5150
H119,2027-03-23,10,5300
H119,2027-03-24,10,5300
H119,2027-03-25,12,5250
H119,2027-03-26,9,5900
H119,2027-03-27,8,5950
H119,2027-03-28,13,5150
H119,2027-03-29,13,5150
H119,2027-03-30,11,5250
H119,2027-03-31,11,5300
H120,2026-10-01,4,7050
H120,2026-10-02,4,7650
H120,2026-10-03,3,7750
H120,2026-10-04,3,7150
H120,2026-10-05,5,7000
H120,2026-10-06,4,7100
H120,2026-10-07,5,7000
H120,2026-10-08,4,7100
H120,2026-10-09,3,7700
H120,2026-10-10,3,7800
H120,2026-10-11,6,6900
H120,2026-10-12,5,6950
H120,2026-10-13,6,6900
H120,2026-10-14,3,7150
H120,2026-10-15,5,7000
H120,2026-10-16,4,7650
H120,2026-10-17,3,7700
H120,2026-10-18,4,7100
H120,2026-10-19,4,7100
H120,2026-10-20,6,6900
H120,2026-10-21,5,6950
H120,2026-10-22,4,7050
H120,2026-10-23,3,7700
H120,2026-10-24,3,7750
H120,2026-10-25,6,6900
H120,2026-10-26,5,6950
H120,2026-10-27,5,7000
H120,2026-10-28,4,7050
H120,2026-10-29,4,7050
H120,2026-10-30,3,7800
H120,2026-10-31,3,7700
H120,2026-11-01,6,5700
H120,2026-11-02,8,5500
H120,2026-11-03,7,5650
H120,2026-11-04,7,5700
H120,2026-11-05,6,5700
H120,2026-11-06,3,7600
H120,2026-11-07,3,7650
H120,2026-11-08,6,6750
H120,2026-11-09,4,6950
H120,2026-11-10,6,6800
H120,2026-11-11,8,5550
H120,2026-11-12,8,5550
H120,2026-11-13,6,6300
H120,2026-11-14,5,6400
H120,2026-11-15,6,5700
H120,2026-11-16,6,5700
H120,2026-11-17,6,5700
H120,2026-11-18,7,5600
H120,2026-11-19,9,5500
H120,2026-11-20,5,6400
H120,2026-11-21,7,6250
H120,2026-11-22,8,5550
H120,2026-11-23,6,5700
H120,2026-11-24,7,5650
H120,2026-11-25,7,5700
H120,2026-11-26,8,5500
H120,2026-11-27,6,6300
H120,2026-11-28,5,6400
H120,2026-11-29,8,5600
H120,2026-11-30,8,5600
H120,2026-12-01,4,7100
H120,2026-12-02,6,6950
H120,2026-12-03,5,6950
H120,2026-12-04,2,7800
H120,2026-12-05,2,7850
H120,2026-12-06,4,7050
H120,2026-12-07,5,7000
H120,2026-12-08,4,7100
H120,2026-12-09,5,6950
H120,2026-12-10,4,7100
H120,2026-12-11,4,7650
H120,2026-12-12,4,7650
H120,2026-12-13,4,7050
H120,2026-12-14,4,7050
H120,2026-12-15,5,6950
H120,2026-12-16,5,7000
H120,2026-12-17,5,7000
H120,2026-12-18,2,7850
H120,2026-12-19,4,7650
H120,2026-12-20,2,8300
H120,2026-12-21,1,8400
H120,2026-12-22,3,8250
H120,2026-12-23,3,8200
H120,2026-12-24,3,8250
H120,2026-12-25,0,9000
H120,2026-12-26,1,8900
H120,2026-12-27,2,8250
H120,2026-12-28,2,8300
H120,2026-12-29,3,8250
H120,2026-12-30,2,8250
H120,2026-12-31,2,8300
H120,2027-01-01,3,7650
H120,2027-01-02,3,7600
H120,2027-01-03,8,5600
H120,2027-01-04,7,5600
H120,2027-01-05,9,5500
H120,2027-01-06,8,5550
H120,2027-01-07,9,5500
H120,2027-01-08,7,6200
H120,2027-01-09,5,6400
H120,2027-01-10,7,5650
H120,2027-01-11,9,5500
H120,2027-01-12,9,5500
H120,2027-01-13,6,5750
H120,2027-01-14,8,5500
H120,2027-01-15,6,6300
H120,2027-01-16,6,6300
H120,2027-01-17,8,5500
H120,2027-01-18,6,5700
H120,2027-01-19,6,5700
H120,2027-01-20,6,5700
H120,2027-01-21,8,5600
H120,2027-01-22,7,6200
H120,2027-01-23,5,6400
H120,2027-01-24,7,5600
H120,2027-01-25,8,5550
H120,2027-01-26,8,5550
H120,2027-01-27,8,5550
H120,2027-01-28,8,5500
H120,2027-01-29,5,6400
H120,2027-01-30,7,6200
H120,2027-01-31,8,5550
H120,2027-02-01,8,5550
H120,2027-02-02,7,5650
H120,2027-02-03,8,5500
H120,2027-02-04,9,5500
H120,2027-02-05,6,6350
H120,2027-02-06,7,6250
H120,2027-02-07,8,5500
H120,2027-02-08,7,5650
H120,2027-02-09,8,5600
H120,2027-02-10,7,5600
H120,2027-02-11,9,5500
H120,2027-02-12,6,6300
H120,2027-02-13,6,6300
H120,2027-02-14,7,5650
H120,2027-02-15,8,5550
H120,2027-02-16,7,5600
H120,2027-02-17,8,5500
H120,2027-02-18,8,5600
H120,2027-02-19,7,6200
H120,2027-02-20,6,6250
H120,2027-02-21,7,5600
H120,2027-02-22,8,5550
H120,2027-02-23,9,5500
H120,2027-02-24,6,5700
H120,2027-02-25,9,5500
H120,2027-02-26,6,6300
H120,2027-02-27,6,6300
H120,2027-02-28,8,5550
H120,2027-03-01,9,5500
H120,2027-03-02,7,5650
H120,2027-03-03,8,5550
H120,2027-03-04,6,5750
H120,2027-03-05,5,6400
H120,2027-03-06,6,6300
H120,2027-03-07,7,5650
H120,2027-03-08,6,5700
H120,2027-03-09,8,5600
H120,2027-03-10,7,5600
H120,2027-03-11,6,5700
H120,2027-03-12,5,6400
H120,2027-03-13,5,6350
H120,2027-03-14,8,5550
H120,2027-03-15,8,5550
H120,2027-03-16,8,5550
H120,2027-03-17,7,5700
H120,2027-03-18,8,5550
H120,2027-03-19,7,6250
H120,2027-03-20,6,6300
H120,2027-03-21,8,5550
H120,2027-03-22,8,5500
H120,2027-03-23,9,5500
H120,2027-03-24,9,5500
H120,2027-03-25,7,5650
H120,2027-03-26,7,6200
H120,2027-03-27,7,6250
H120,2027-03-28,7,5600
H120,2027-03-29,6,5700
H120,2027-03-30,9,5500
H120,2027-03-31,8,5550
H121,2026-10-01,26,11250
H121,2026-10-02,16,12450
H121,2026-10-03,18,12400
H121,2026-10-04,25,11300
H121,2026-10-05,34,11100
H121,2026-10-06,25,11300
H121,2026-10-07,29,11200
H121,2026-10-08,22,11350
H121,2026-10-09,15,12450
H121,2026-10-10,25,12250
H121,2026-10-11,26,11250
H121,2026-10-12,21,11400
H121,2026-10-13,30,11150
H121,2026-10-14,29,11200
H121,2026-10-15,29,11200
H121,2026-10-16,16,12450
H121,2026-10-17,15,12450
H121,2026-10-18,31,11150
H121,2026-10-19,28,11250
H121,2026-10-20,29,11200
H121,2026-10-21,20,11400
H121,2026-10-22,33,11100
H121,2026-10-23,17,12400
H121,2026-10-24,17,12400
H121,2026-10-25,22,11350
H121,2026-10-26,25,11300
H121,2026-10-27,18,11450
H121,2026-10-28,22,11350
H121,2026-10-29,34,11050
H121,2026-10-30,19,12350
H121,2026-10-31,23,12300
H121,2026-11-01,44,8950
H121,2026-11-02,40,9050
H121,2026-11-03,39,9100
H121,2026-11-04,37,9150
H121,2026-11-05,38,9100
H121,2026-11-06,15,12250
H121,2026-11-07,24,12050
H121,2026-11-08,22,11200
H121,2026-11-09,26,11050
H121,2026-11-10,36,10850
H121,2026-11-11,38,9100
H121,2026-11-12,45,8950
H121,2026-11-13,41,10000
H121,2026-11-14,29,10250
H121,2026-11-15,46,8900
H121,2026-11-16,41,9050
H121,2026-11-17,44,8950
H121,2026-11-18,49,8850
H121,2026-11-19,40,9050
H121,2026-11-20,40,10000
H121,2026-11-21,29,10250
H121,2026-11-22,36,9150
H121,2026-11-23,46,8900
H121,2026-11-24,47,8900
H121,2026-11-25,39,9100
H121,2026-11-26,37,9150
H121,2026-11-27,33,10150
H121,2026-11-28,43,9900
H121,2026-11-29,39,9100
H121,2026-11-30,46,8900
H121,2026-12-01,34,11050
H121,2026-12-02,20,11400
H121,2026-12-03,19,11450
H121,2026-12-04,21,12350
H121,2026-12-05,26,12200
H121,2026-12-06,33,11100
H121,2026-12-07,25,11300
H121,2026-12-08,25,11300
H121,2026-12-09,33,11100
H121,2026-12-10,31,11150
H121,2026-12-11,15,12450
H121,2026-12-12,12,12550
H121,2026-12-13,24,11350
H121,2026-12-14,30,11150
H121,2026-12-15,32,11100
H121,2026-12-16,28,11200
H121,2026-12-17,31,11150
H121,2026-12-18,25,12200
H121,2026-12-19,23,12250
H121,2026-12-20,14,13250
H121,2026-12-21,17,13150
H121,2026-12-22,15,13200
H121,2026-12-23,20,13100
H121,2026-12-24,10,13300
H121,2026-12-25,2,14450
H121,2026-12-26,11,14250
H121,2026-12-27,6,13450
H121,2026-12-28,15,13200
H121,2026-12-29,4,13500
H121,2026-12-30,5,13450
H121,2026-12-31,4,13450
H121,2027-01-01,26,12000
H121,2027-01-02,14,12300
H121,2027-01-03,42,9000
H121,2027-01-04,38,9100
H121,2027-01-05,39,9100
H121,2027-01-06,44,9000
H121,2027-01-07,48,8900
H121,2027-01-08,37,10050
H121,2027-01-09,31,10200
H121,2027-01-10,41,9050
H121,2027-01-11,36,9150
H121,2027-01-12,38,9100
H121,2027-01-13,46,8900
H121,2027-01-14,49,8850
H121,2027-01-15,35,10100
H121,2027-01-16,30,10250
H121,2027-01-17,50,8800
H121,2027-01-18,48,8850
H121,2027-01-19,38,9100
H121,2027-01-20,46,8900
H121,2027-01-21,48,8850
H121,2027-01-22,33,10150
H121,2027-01-23,28,10300
H121,2027-01-24,46,8950
H121,2027-01-25,41,9050
H121,2027-01-26,38,9100
H121,2027-01-27,35,9200
H121,2027-01-28,51,8800
H121,2027-01-29,35,10100
H121,2027-01-30,44,9900
H121,2027-01-31,43,9000
H121,2027-02-01,43,9000
H121,2027-02-02,50,8800
H121,2027-02-03,50,8850
H121,2027-02-04,38,9100
H121,2027-02-05,41,9950
H121,2027-02-06,31,10200
H121,2027-02-07,45,8950
H121,2027-02-08,36,9150
H121,2027-02-09,47,8900
H121,2027-02-10,50,8850
H121,2027-02-11,45,8950
H121,2027-02-12,43,9950
H121,2027-02-13,41,10000
H121,2027-02-14,45,8950
H121,2027-02-15,35,9200
H121,2027-02-16,48,8850
H121,2027-02-17,37,9150
H121,2027-02-18,49,8850
H121,2027-02-19,38,10050
H121,2027-02-20,35,10100
H121,2027-02-21,38,9100
H121,2027-02-22,38,9100
H121,2027-02-23,38,9100
H121,2027-02-24,44,8950
H121,2027-02-25,45,8950
H121,2027-02-26,29,10250
H121,2027-02-27,34,10150
H121,2027-02-28,40,9050
H121,2027-03-01,36,9150
H121,2027-03-02,50,8850
H121,2027-03-03,51,8800
H121,2027-03-04,36,9150
H121,2027-03-05,36,10100
H121,2027-03-06,39,10050
H121,2027-03-07,43,9000
H121,2027-03-08,51,8800
H121,2027-03-09,46,8950
H121,2027-03-10,50,8850
H121,2027-03-11,42,9000
H121,2027-03-12,41,10000
H121,2027-03-13,34,10150
H121,2027-03-14,45,8950
H121,2027-03-15,38,9100
H121,2027-03-16,45,8950
H121,2027-03-17,52,8800
H121,2027-03-18,48,8850
H121,2027-03-19,36,10100
H121,2027-03-20,39,10000
H121,2027-03-21,44,9000
H121,2027-03-22,46,8900
H121,2027-03-23,50,8800
H121,2027-03-24,48,8850
H121,2027-03-25,36,9150
H121,2027-03-26,43,9950
H121,2027-03-27,35,10150
H121,2027-03-28,46,8900
H121,2027-03-29,39,9100
H121,2027-03-30,36,9150
H121,2027-03-31,39,9100
H122,2026-10-01,19,12600
H122,2026-10-02,22,13550
H122,2026-10-03,23,13500
H122,2026-10-04,25,12400
H122,2026-10-05,24,12450
H122,2026-10-06,21,12550
H122,2026-10-07,31,12250
H122,2026-10-08,30,12300
H122,2026-10-09,18,13650
H122,2026-10-10,10,13900
H122,2026-10-11,22,12500
H122,2026-10-12,31,12250
H122,2026-10-13,25,12450
H122,2026-10-14,20,12600
H122,2026-10-15,30,12250
H122,2026-10-16,12,13850
H122,2026-10-17,24,13500
H122,2026-10-18,17,12650
H122,2026-10-19,24,12450
H122,2026-10-20,25,12400
H122,2026-10-21,22,12500
H122,2026-10-22,27,12400
H122,2026-10-23,20,13600
H122,2026-10-24,11,13900
H122,2026-10-25,31,12250
H122,2026-10-26,18,12650
H122,2026-10-27,29,12300
H122,2026-10-28,28,12350
H122,2026-10-29,22,12500
H122,2026-10-30,16,13750
H122,2026-10-31,19,13650
H122,2026-11-01,45,9750
H122,2026-11-02,36,10050
H122,2026-11-03,31,10200
H122,2026-11-04,38,9950
H122,2026-11-05,43,9800
H122,2026-11-06,18,13500
H122,2026-11-07,20,13400
H122,2026-11-08,24,12250
H122,2026-11-09,28,12150
H122,2026-11-10,28,12100
H122,2026-11-11,42,9850
H122,2026-11-12,32,10150
H122,2026-11-13,37,11050
H122,2026-11-14,29,11250
H122,2026-11-15,43,9850
H122,2026-11-16,37,10000
H122,2026-11-17,34,10100
H122,2026-11-18,41,9900
H122,2026-11-19,43,9850
H122,2026-11-20,38,11000
H122,2026-11-21,27,11350
H122,2026-11-22,32,10150
H122,2026-11-23,32,10150
H122,2026-11-24,42,9850
H122,2026-11-25,39,9950
H122,2026-11-26,35,10050
H122,2026-11-27,31,11200
H122,2026-11-28,35,11100
H122,2026-11-29,46,9750
H122,2026-11-30,38,10000
H122,2026-12-01,23,12450
H122,2026-12-02,19,12600
H122,2026-12-03,17,12700
H122,2026-12-04,13,13800
H122,2026-12-05,18,13650
H122,2026-12-06,22,12550
H122,2026-12-07,22,12500
H122,2026-12-08,24,12450
H122,2026-12-09,22,12500
H122,2026-12-10,17,12650
H122,2026-12-11,12,13850
H122,2026-12-12,12,13850
H122,2026-12-13,19,12600
H122,2026-12-14,30,12300
H122,2026-12-15,29,12300
H122,2026-12-16,20,12600
H122,2026-12-17,27,12400
H122,2026-12-18,24,13500
H122,2026-12-19,13,13850
H122,2026-12-20,9,14800
H122,2026-12-21,13,14650
H122,2026-12-22,4,14950
H122,2026-12-23,8,14800
H122,2026-12-24,14,14600
H122,2026-12-25,2,16000
H122,2026-12-26,2,16000
H122,2026-12-27,8,14800
H122,2026-12-28,9,14750
H122,2026-12-29,17,14550
H122,2026-12-30,9,14800
H122,2026-12-31,15,14600
H122,2027-01-01,14,13600
H122,2027-01-02,22,13350
H122,2027-01-03,31,10150
H122,2027-01-04,34,10100
H122,2027-01-05,46,9750
H122,2027-01-06,43,9800
H122,2027-01-07,41,9900
H122,2027-01-08,38,11000
H122,2027-01-09,33,11150
H122,2027-01-10,39,9950
H122,2027-01-11,39,9950
H122,2027-01-12,35,10050
H122,2027-01-13,41,9900
H122,2027-01-14,45,9750
H122,2027-01-15,28,11300
H122,2027-01-16,39,10950
H122,2027-01-17,37,10000
H122,2027-01-18,36,10050
H122,2027-01-19,36,10050
H122,2027-01-20,33,10150
H122,2027-01-21,46,9750
H122,2027-01-22,37,11050
H122,2027-01-23,28,11300
H122,2027-01-24,39,9950
H122,2027-01-25,43,9850
H122,2027-01-26,35,10050
H122,2027-01-27,36,10050
H122,2027-01-28,35,10050
H122,2027-01-29,25,11400
H122,2027-01-30,35,11100
H122,2027-01-31,38,10000
H122,2027-02-01,36,10050
H122,2027-02-02,33,10100
H122,2027-02-03,32,10150
H122,2027-02-04,39,9950
H122,2027-02-05,36,11050
H122,2027-02-06,32,11200
H122,2027-02-07,33,10100
H122,2027-02-08,41,9850
H122,2027-02-09,41,9900
H122,2027-02-10,38,10000
H122,2027-02-11,32,10150
H122,2027-02-12,33,11150
H122,2027-02-13,34,11100
H122,2027-02-14,42,9850
H122,2027-02-15,32,10150
H122,2027-02-16,45,9750
H122,2027-02-17,31,10200
H122,2027-02-18,45,9750
H122,2027-02-19,39,11000
H122,2027-02-20,36,11050
H122,2027-02-21,44,9800
H122,2027-02-22,41,9900
H122,2027-02-23,34,10100
H122,2027-02-24,41,9900
H122,2027-02-25,36,10050
H122,2027-02-26,36,11050
H122,2027-02-27,27,11300
H122,2027-02-28,33,10150
H122,2027-03-01,40,9900
H122,2027-03-02,33,10100
H122,2027-03-03,32,10150
H122,2027-03-04,32,10150
H122,2027-03-05,28,11300
H122,2027-03-06,38,11000
H122,2027-03-07,37,10000
H122,2027-03-08,37,10000
H122,2027-03-09,46,9750
H122,2027-03-10,45,9750
H122,2027-03-11,33,10100
H122,2027-03-12,28,11300
H122,2027-03-13,33,11150
H122,2027-03-14,39,9950
H122,2027-03-15,41,9850
H122,2027-03-16,39,9950
H122,2027-03-17,34,10100
H122,2027-03-18,40,9950
H122,2027-03-19,31,11200
H122,2027-03-20,32,11200
H122,2027-03-21,34,10100
H122,2027-03-22,36,10000
H122,2027-03-23,36,10050
H122,2027-03-24,41,9900
H122,2027-03-25,40,9900
H122,2027-03-26,36,11050
H122,2027-03-27,37,11000
H122,2027-03-28,41,9900
H122,2027-03-29,36,10050
H122,2027-03-30,38,9950
H122,2027-03-31,36,10050
H123,2026-10-01,25,14500
H123,2026-10-02,17,16000
H123,2026-10-03,11,16200
H123,2026-10-04,28,14400
H123,2026-10-05,31,14300
H123,2026-10-06,25,14500
H123,2026-10-07,25,14500
H123,2026-10-08,29,14350
H123,2026-10-09,13,16100
H123,2026-10-10,21,15850
H123,2026-10-11,31,14300
H123,2026-10-12,22,14600
H123,2026-10-13,23,14550
H123,2026-10-14,25,14500
H123,2026-10-15,26,14500
H123,2026-10-16,24,15750
H123,2026-10-17,12,16150
H123,2026-10-18,27,14450
H123,2026-10-19,31,14300
H123,2026-10-20,26,14450
H123,2026-10-21,24,14550
H123,2026-10-22,31,14300
H123,2026-10-23,15,16050
H123,2026-10-24,20,15900
H123,2026-10-25,26,14450
H123,2026-10-26,30,14350
H123,2026-10-27,20,14700
H123,2026-10-28,18,14750
H123,2026-10-29,28,14400
H123,2026-10-30,18,15950
H123,2026-10-31,12,16150
H123,2026-11-01,41,11550
H123,2026-11-02,39,11650
H123,2026-11-03,40,11600
H123,2026-11-04,43,11500
H123,2026-11-05,33,11800
H123,2026-11-06,26,15400
H123,2026-11-07,19,15650
H123,2026-11-08,19,14450
H123,2026-11-09,22,14350
H123,2026-11-10,27,14200
H123,2026-11-11,34,11800
H123,2026-11-12,34,11800
H123,2026-11-13,26,13250
H123,2026-11-14,36,12950
H123,2026-11-15,40,11600
H123,2026-11-16,37,11700
H123,2026-11-17,37,11700
H123,2026-11-18,45,11400
H123,2026-11-19,46,11400
H123,2026-11-20,29,13150
H123,2026-11-21,34,13000
H123,2026-11-22,35,11750
H123,2026-11-23,38,11650
H123,2026-11-24,46,11400
H123,2026-11-25,38,11650
H123,2026-11-26,35,11750
H123,2026-11-27,35,12950
H123,2026-11-28,28,13200
H123,2026-11-29,32,11850
H123,2026-11-30,45,11450
H123,2026-12-01,31,14300
H123,2026-12-02,27,14450
H123,2026-12-03,29,14400
H123,2026-12-04,13,16150
H123,2026-12-05,24,15750
H123,2026-12-06,20,14650
H123,2026-12-07,17,14750
H123,2026-12-08,32,14250
H123,2026-12-09,22,14600
H123,2026-12-10,29,14350
H123,2026-12-11,13,16100
H123,2026-12-12,23,15800
H123,2026-12-13,26,14450
H123,2026-12-14,27,14450
H123,2026-12-15,24,14550
H123,2026-12-16,29,14350
H123,2026-12-17,32,14250
H123,2026-12-18,20,15850
H123,2026-12-19,15,16050
H123,2026-12-20,7,17250
H123,2026-12-21,7,17250
H123,2026-12-22,5,17350
H123,2026-12-23,18,16900
H123,2026-12-24,9,17200
H123,2026-12-25,2,18650
H123,2026-12-26,5,18550
H123,2026-12-27,10,17200
H123,2026-12-28,5,17350
H123,2026-12-29,11,17150
H123,2026-12-30,11,17150
H123,2026-12-31,5,17350
H123,2027-01-01,12,15950
H123,2027-01-02,21,15600
H123,2027-01-03,47,11350
H123,2027-01-04,33,11800
H123,2027-01-05,43,11500
H123,2027-01-06,47,11350
H123,2027-01-07,43,11500
H123,2027-01-08,30,13150
H123,2027-01-09,25,13300
H123,2027-01-10,37,11700
H123,2027-01-11,39,11600
H123,2027-01-12,38,11650
H123,2027-01-13,45,11400
H123,2027-01-14,41,11550
H123,2027-01-15,33,13000
H123,2027-01-16,30,13150
H123,2027-01-17,47,11350
H123,2027-01-18,46,11350
H123,2027-01-19,33,11800
H123,2027-01-20,47,11350
H123,2027-01-21,42,11500
H123,2027-01-22,34,13000
H123,2027-01-23,38,12850
H123,2027-01-24,36,11750
H123,2027-01-25,46,11400
H123,2027-01-26,35,11750
H123,2027-01-27,46,11400
H123,2027-01-28,42,11500
H123,2027-01-29,37,12900
H123,2027-01-30,40,12800
H123,2027-01-31,45,11400
H123,2027-02-01,35,11800
H123,2027-02-02,32,11850
H123,2027-02-03,39,11600
H123,2027-02-04,47,11350
H123,2027-02-05,25,13300
H123,2027-02-06,34,13000
H123,2027-02-07,41,11550
H123,2027-02-08,41,11550
H123,2027-02-09,34,11800
H123,2027-02-10,33,11800
H123,2027-02-11,33,11800
H123,2027-02-12,40,12800
H123,2027-02-13,27,13250
H123,2027-02-14,46,11400
H123,2027-02-15,39,11600
H123,2027-02-16,34,11800
H123,2027-02-17,33,11850
H123,2027-02-18,41,11550
H123,2027-02-19,33,13050
H123,2027-02-20,32,13050
H123,2027-02-21,33,11800
H123,2027-02-22,42,11500
H123,2027-02-23,35,11750
H123,2027-02-24,40,11600
H123,2027-02-25,44,11450
H123,2027-02-26,37,12900
H123,2027-02-27,40,12800
H123,2027-02-28,35,11750
H123,2027-03-01,37,11700
H123,2027-03-02,33,11850
H123,2027-03-03,46,11400
H123,2027-03-04,40,11600
H123,2027-03-05,35,12950
H123,2027-03-06,34,13000
H123,2027-03-07,38,11650
H123,2027-03-08,39,11600
H123,2027-03-09,35,11750
H123,2027-03-10,45,11400
H123,2027-03-11,45,11400
H123,2027-03-12,37,12900
H123,2027-03-13,37,12900
H123,2027-03-14,45,11450
H123,2027-03-15,43,11450
H123,2027-03-16,47,11350
H123,2027-03-17,39,11650
H123,2027-03-18,35,11750
H123,2027-03-19,36,12900
H123,2027-03-20,28,13200
H123,2027-03-21,43,11500
H123,2027-03-22,37,11700
H123,2027-03-23,42,11550
H123,2027-03-24,35,11800
H123,2027-03-25,39,11600
H123,2027-03-26,37,12900
H123,2027-03-27,40,12800
H123,2027-03-28,45,11400
H123,2027-03-29,44,11450
H123,2027-03-30,36,11750
H123,2027-03-31,35,11750
H124,2026-10-01,28,9700
H124,2026-10-02,10,10950
H124,2026-10-03,24,10650
H124,2026-10-04,32,9650
H124,2026-10-05,26,9750
H124,2026-10-06,29,9700
H124,2026-10-07,24,9800
H124,2026-10-08,18,9950
H124,2026-10-09,22,10700
H124,2026-10-10,11,10900
H124,2026-10-11,30,9650
H124,2026-10-12,32,9650
H124,2026-10-13,26,9750
H124,2026-10-14,29,9700
H124,2026-10-15,27,9750
H124,2026-10-16,20,10700
H124,2026-10-17,12,10900
H124,2026-10-18,31,9650
H124,2026-10-19,27,9750
H124,2026-10-20,21,9850
H124,2026-10-21,25,9800
H124,2026-10-22,19,9950
H124,2026-10-23,12,10900
H124,2026-10-24,12,10900
H124,2026-10-25,31,9650
H124,2026-10-26,25,9800
H124,2026-10-27,19,9950
H124,2026-10-28,23,9850
H124,2026-10-29,23,9850
H124,2026-10-30,10,10950
H124,2026-10-31,13,10900
H124,2026-11-01,34,7950
H124,2026-11-02,38,7900
H124,2026-11-03,34,7950
H124,2026-11-04,46,7700
H124,2026-11-05,45,7700
H124,2026-11-06,25,10450
H124,2026-11-07,16,10650
H124,2026-11-08,22,9700
H124,2026-11-09,31,9500
H124,2026-11-10,22,9700
H124,2026-11-11,37,7900
H124,2026-11-12,44,7750
H124,2026-11-13,26,8950
H124,2026-11-14,34,8750
H124,2026-11-15,41,7800
H124,2026-11-16,41,7800
H124,2026-11-17,46,7700
H124,2026-11-18,39,7850
H124,2026-11-19,36,7950
H124,2026-11-20,33,8800
H124,2026-11-21,38,8650
H124,2026-11-22,47,7650
H124,2026-11-23,39,7850
H124,2026-11-24,36,7900
H124,2026-11-25,45,7700
H124,2026-11-26,39,7850
H124,2026-11-27,37,8700
H124,2026-11-28,25,8950
H124,2026-11-29,34,7950
H124,2026-11-30,40,7850
H124,2026-12-01,27,9750
H124,2026-12-02,26,9750
H124,2026-12-03,22,9850
H124,2026-12-04,11,10950
H124,2026-12-05,13,10900
H124,2026-12-06,23,9850
H124,2026-12-07,19,9950
H124,2026-12-08,24,9800
H124,2026-12-09,28,9700
H124,2026-12-10,27,9750
H124,2026-12-11,24,10650
H124,2026-12-12,18,10750
H124,2026-12-13,23,9850
H124,2026-12-14,26,9750
H124,2026-12-15,28,9700
H124,2026-12-16,18,9950
H124,2026-12-17,21,9900
H124,2026-12-18,10,10950
H124,2026-12-19,19,10750
H124,2026-12-20,18,11400
H124,2026-12-21,8,11650
H124,2026-12-22,6,11700
H124,2026-12-23,13,11500
H124,2026-12-24,17,11450
H124,2026-12-25,4,12550
H124,2026-12-26,2,12600
H124,2026-12-27,17,11450
H124,2026-12-28,10,11600
H124,2026-12-29,4,11750
H124,2026-12-30,11,11550
H124,2026-12-31,13,11550
H124,2027-01-01,16,10650
H124,2027-01-02,22,10500
H124,2027-01-03,44,7750
H124,2027-01-04,45,7700
H124,2027-01-05,47,7650
H124,2027-01-06,46,7700
H124,2027-01-07,42,7800
H124,2027-01-08,30,8850
H124,2027-01-09,35,8750
H124,2027-01-10,47,7650
H124,2027-01-11,42,7800
H124,2027-01-12,32,8000
H124,2027-01-13,45,7700
H124,2027-01-14,47,7650
H124,2027-01-15,40,8650
H124,2027-01-16,36,8700
H124,2027-01-17,40,7850
H124,2027-01-18,45,7700
H124,2027-01-19,32,8000
H124,2027-01-20,36,7900
H124,2027-01-21,35,7950
H124,2027-01-22,26,8950
H124,2027-01-23,35,8750
H124,2027-01-24,36,7900
H124,2027-01-25,40,7800
H124,2027-01-26,43,7750
H124,2027-01-27,35,7950
H124,2027-01-28,45,7700
H124,2027-01-29,34,8750
H124,2027-01-30,26,8950
H124,2027-01-31,44,7750
H124,2027-02-01,46,7700
H124,2027-02-02,34,7950
H124,2027-02-03,39,7850
H124,2027-02-04,46,7700
H124,2027-02-05,32,8800
H124,2027-02-06,37,8700
H124,2027-02-07,35,7950
H124,2027-02-08,40,7800
H124,2027-02-09,48,7650
H124,2027-02-10,41,7800
H124,2027-02-11,44,7750
H124,2027-02-12,25,8950
H124,2027-02-13,38,8650
H124,2027-02-14,38,7850
H124,2027-02-15,37,7900
H124,2027-02-16,46,7700
H124,2027-02-17,44,7700
H124,2027-02-18,38,7900
H124,2027-02-19,37,8700
H124,2027-02-20,37,8700
H124,2027-02-21,39,7850
H124,2027-02-22,44,7750
H124,2027-02-23,47,7650
H124,2027-02-24,37,7900
H124,2027-02-25,34,7950
H124,2027-02-26,36,8750
H124,2027-02-27,37,8700
H124,2027-02-28,44,7700
H124,2027-03-01,44,7700
H124,2027-03-02,45,7700
H124,2027-03-03,44,7750
H124,2027-03-04,39,7850
H124,2027-03-05,39,8650
H124,2027-03-06,37,8700
H124,2027-03-07,47,7650
H124,2027-03-08,47,7650
H124,2027-03-09,45,7700
H124,2027-03-10,39,7850
H124,2027-03-11,36,7900
H124,2027-03-12,37,8700
H124,2027-03-13,39,8650
H124,2027-03-14,45,7700
H124,2027-03-15,47,7650
H124,2027-03-16,34,7950
H124,2027-03-17,40,7800
H124,2027-03-18,44,7700
H124,2027-03-19,38,8650
H124,2027-03-20,28,8900
H124,2027-03-21,33,8000
H124,2027-03-22,43,7750
H124,2027-03-23,44,7750
H124,2027-03-24,36,7950
H124,2027-03-25,44,7750
H124,2027-03-26,35,8750
H124,2027-03-27,40,8650
H124,2027-03-28,38,7850
H124,2027-03-29,33,8000
H124,2027-03-30,36,7900
H124,2027-03-31,47,7650
H125,2026-10-01,34,33950
H125,2026-10-02,29,37050
H125,2026-10-03,28,37150
H125,2026-10-04,24,34550
H125,2026-10-05,26,34400
H125,2026-10-06,31,34100
H125,2026-10-07,35,33850
H125,2026-10-08,42,33450
H125,2026-10-09,23,37450
H125,2026-10-10,22,37500
H125,2026-10-11,42,33450
H125,2026-10-12,35,33900
H125,2026-10-13,34,34000
H125,2026-10-14,34,33950
H125,2026-10-15,28,34300
H125,2026-10-16,20,37600
H125,2026-10-17,19,37700
H125,2026-10-18,27,34400
H125,2026-10-19,35,33900
H125,2026-10-20,29,34250
H125,2026-10-21,36,33800
H125,2026-10-22,31,34150
H125,2026-10-23,23,37450
H125,2026-10-24,18,37700
H125,2026-10-25,39,33650
H125,2026-10-26,39,33700
H125,2026-10-27,39,33650
H125,2026-10-28,28,34300
H125,2026-10-29,29,34250
H125,2026-10-30,31,36950
H125,2026-10-31,19,37650
H125,2026-11-01,61,26750
H125,2026-11-02,64,26600
H125,2026-11-03,51,27350
H125,2026-11-04,52,27250
H125,2026-11-05,61,26750
H125,2026-11-06,25,36750
H125,2026-11-07,27,36650
H125,2026-11-08,37,33200
H125,2026-11-09,45,32750
H125,2026-11-10,31,33550
H125,2026-11-11,61,26750
H125,2026-11-12,61,26750
H125,2026-11-13,47,30400
H125,2026-11-14,43,30600
H125,2026-11-15,64,26550
H125,2026-11-16,58,26900
H125,2026-11-17,52,27250
H125,2026-11-18,56,27050
H125,2026-11-19,63,26650
H125,2026-11-20,52,30100
H125,2026-11-21,44,30550
H125,2026-11-22,54,27150
H125,2026-11-23,58,26900
H125,2026-11-24,46,27600
H125,2026-11-25,47,27550
H125,2026-11-26,51,27350
H125,2026-11-27,45,30500
H125,2026-11-28,38,30900
H125,2026-11-29,64,26550
H125,2026-11-30,45,27700
H125,2026-12-01,42,33500
H125,2026-12-02,43,33450
H125,2026-12-03,29,34250
H125,2026-12-04,19,37650
H125,2026-12-05,14,37950
H125,2026-12-06,42,33450
H125,2026-12-07,38,33700
H125,2026-12-08,38,33750
H125,2026-12-09,37,33750
H125,2026-12-10,23,34600
H125,2026-12-11,33,36800
H125,2026-12-12,34,36800
H125,2026-12-13,42,33450
H125,2026-12-14,32,34050
H125,2026-12-15,37,33800
H125,2026-12-16,23,34600
H125,2026-12-17,32,34100
H125,2026-12-18,15,37900
H125,2026-12-19,19,37650
H125,2026-12-20,14,40150
H125,2026-12-21,21,39800
H125,2026-12-22,11,40400
H125,2026-12-23,19,39900
H125,2026-12-24,8,40550
H125,2026-12-25,3,43650
H125,2026-12-26,8,43400
H125,2026-12-27,8,40550
H125,2026-12-28,18,39950
H125,2026-12-29,21,39800
H125,2026-12-30,16,40050
H125,2026-12-31,6,40700
H125,2027-01-01,30,36450
H125,2027-01-02,33,36300
H125,2027-01-03,46,27650
H125,2027-01-04,58,26900
H125,2027-01-05,58,26900
H125,2027-01-06,54,27150
H125,2027-01-07,48,27550
H125,2027-01-08,47,30400
H125,2027-01-09,43,30600
H125,2027-01-10,48,27500
H125,2027-01-11,62,26700
H125,2027-01-12,61,26700
H125,2027-01-13,64,26550
H125,2027-01-14,48,27500
H125,2027-01-15,53,30000
H125,2027-01-16,51,30150
H125,2027-01-17,44,27750
H125,2027-01-18,58,26900
H125,2027-01-19,46,27600
H125,2027-01-20,64,26550
H125,2027-01-21,51,27350
H125,2027-01-22,41,30750
H125,2027-01-23,36,31050
H125,2027-01-24,59,26900
H125,2027-01-25,46,27650
H125,2027-01-26,51,27350
H125,2027-01-27,53,27200
H125,2027-01-28,46,27600
H125,2027-01-29,47,30400
H125,2027-01-30,35,31100
H125,2027-01-31,55,27050
H125,2027-02-01,57,27000
H125,2027-02-02,63,26600
H125,2027-02-03,60,26800
H125,2027-02-04,51,27350
H125,2027-02-05,36,31050
H125,2027-02-06,41,30700
H125,2027-02-07,45,27700
H125,2027-02-08,57,27000
H125,2027-02-09,46,27600
H125,2027-02-10,64,26600
H125,2027-02-11,54,27150
H125,2027-02-12,35,31100
H125,2027-02-13,41,30750
H125,2027-02-14,55,27050
H125,2027-02-15,56,27050
H125,2027-02-16,63,26650
H125,2027-02-17,54,27200
H125,2027-02-18,60,26800
H125,2027-02-19,49,30250
H125,2027-02-20,45,30500
H125,2027-02-21,46,27650
H125,2027-02-22,53,27250
H125,2027-02-23,52,27250
H125,2027-02-24,49,27450
H125,2027-02-25,51,27350
H125,2027-02-26,34,31100
H125,2027-02-27,36,31000
H125,2027-02-28,57,27000
H125,2027-03-01,62,26650
H125,2027-03-02,58,26900
H125,2027-03-03,62,26700
H125,2027-03-04,61,26750
H125,2027-03-05,53,30000
H125,2027-03-06,46,30450
H125,2027-03-07,62,26650
H125,2027-03-08,64,26550
H125,2027-03-09,53,27250
H125,2027-03-10,61,26750
H125,2027-03-11,45,27650
H125,2027-03-12,44,30550
H125,2027-03-13,47,30400
H125,2027-03-14,52,27250
H125,2027-03-15,63,26600
H125,2027-03-16,56,27000
H125,2027-03-17,47,27550
H125,2027-03-18,59,26850
H125,2027-03-19,36,31000
H125,2027-03-20,48,30300
H125,2027-03-21,57,26950
H125,2027-03-22,50,27400
H125,2027-03-23,59,26850
H125,2027-03-24,53,27200
H125,2027-03-25,45,27650
H125,2027-03-26,48,30350
H125,2027-03-27,55,29950
H125,2027-03-28,52,27300
H125,2027-03-29,51,27300
H125,2027-03-30,50,27350
H125,2027-03-31,49,27450
H126,2026-10-01,47,33900
H126,2026-10-02,38,37050
H126,2026-10-03,25,37550
H126,2026-10-04,42,34100
H126,2026-10-05,63,33300
H126,2026-10-06,63,33300
H126,2026-10-07,61,33400
H126,2026-10-08,54,33650
H126,2026-10-09,44,36850
H126,2026-10-10,50,36550
H126,2026-10-11,54,33650
H126,2026-10-12,45,34000
H126,2026-10-13,63,33300
H126,2026-10-14,41,34150
H126,2026-10-15,55,33600
H126,2026-10-16,47,36700
H126,2026-10-17,23,37650
H126,2026-10-18,40,34150
H126,2026-10-19,48,33850
H126,2026-10-20,48,33900
H126,2026-10-21,57,33550
H126,2026-10-22,57,33550
H126,2026-10-23,40,36950
H126,2026-10-24,21,37700
H126,2026-10-25,59,33450
H126,2026-10-26,45,34000
H126,2026-10-27,54,33650
H126,2026-10-28,52,33750
H126,2026-10-29,41,34150
H126,2026-10-30,37,37050
H126,2026-10-31,34,37200
H126,2026-11-01,80,27100
H126,2026-11-02,76,27250
H126,2026-11-03,78,27150
H126,2026-11-04,90,26700
H126,2026-11-05,82,27000
H126,2026-11-06,49,36100
H126,2026-11-07,32,36750
H126,2026-11-08,65,32650
H126,2026-11-09,60,32900
H126,2026-11-10,50,33250
H126,2026-11-11,85,26850
H126,2026-11-12,90,26700
H126,2026-11-13,69,30300
H126,2026-11-14,61,30600
H126,2026-11-15,81,27050
H126,2026-11-16,71,27450
H126,2026-11-17,88,26800
H126,2026-11-18,95,26500
H126,2026-11-19,91,26650
H126,2026-11-20,84,29700
H126,2026-11-21,63,30500
H126,2026-11-22,99,26350
H126,2026-11-23,94,26550
H126,2026-11-24,73,27300
H126,2026-11-25,68,27550
H126,2026-11-26,78,27150
H126,2026-11-27,54,30850
H126,2026-11-28,63,30500
H126,2026-11-29,85,26850
H126,2026-11-30,97,26450
H126,2026-12-01,65,33250
H126,2026-12-02,57,33550
H126,2026-12-03,47,33950
H126,2026-12-04,44,36800
H126,2026-12-05,32,37300
H126,2026-12-06,60,33450
H126,2026-12-07,52,33700
H126,2026-12-08,62,33350
H126,2026-12-09,39,34200
H126,2026-12-10,44,34050
H126,2026-12-11,51,36550
H126,2026-12-12,38,37050
H126,2026-12-13,50,33800
H126,2026-12-14,54,33650
H126,2026-12-15,44,34050
H126,2026-12-16,51,33750
H126,2026-12-17,56,33600
H126,2026-12-18,40,36950
H126,2026-12-19,43,36850
H126,2026-12-20,19,40000
H126,2026-12-21,11,40300
H126,2026-12-22,35,39400
H126,2026-12-23,19,40000
H126,2026-12-24,18,40050
H126,2026-12-25,4,43350
H126,2026-12-26,15,42950
H126,2026-12-27,19,40000
H126,2026-12-28,25,39750
H126,2026-12-29,18,40050
H126,2026-12-30,11,40300
H126,2026-12-31,13,40250
H126,2027-01-01,55,35850
H126,2027-01-02,53,35900
H126,2027-01-03,97,26450
H126,2027-01-04,92,26600
H126,2027-01-05,89,26750
H126,2027-01-06,77,27200
H126,2027-01-07,67,27550
H126,2027-01-08,72,30150
H126,2027-01-09,69,30250
H126,2027-01-10,94,26550
H126,2027-01-11,70,27450
H126,2027-01-12,80,27100
H126,2027-01-13,93,26600
H126,2027-01-14,69,27500
H126,2027-01-15,63,30550
H126,2027-01-16,69,30300
H126,2027-01-17,72,27400
H126,2027-01-18,87,26800
H126,2027-01-19,86,26850
H126,2027-01-20,88,26800
H126,2027-01-21,70,27450
H126,2027-01-22,83,29750
H126,2027-01-23,68,30350
H126,2027-01-24,94,26550
H126,2027-01-25,89,26700
H126,2027-01-26,99,26350
H126,2027-01-27,92,26600
H126,2027-01-28,98,26400
H126,2027-01-29,84,29700
H126,2027-01-30,73,30150
H126,2027-01-31,71,27400
H126,2027-02-01,78,27150
H126,2027-02-02,76,27250
H126,2027-02-03,89,26750
H126,2027-02-04,77,27150
H126,2027-02-05,55,30850
H126,2027-02-06,68,30350
H126,2027-02-07,93,26550
H126,2027-02-08,87,26800
H126,2027-02-09,85,26850
H126,2027-02-10,71,27450
H126,2027-02-11,93,26550
H126,2027-02-12,64,30450
H126,2027-02-13,70,30250
H126,2027-02-14,86,26850
H126,2027-02-15,74,27300
H126,2027-02-16,92,26600
H126,2027-02-17,88,26750
H126,2027-02-18,73,27350
H126,2027-02-19,75,30050
H126,2027-02-20,64,30450
H126,2027-02-21,99,26350
H126,2027-02-22,78,27150
H126,2027-02-23,92,26600
H126,2027-02-24,92,26600
H126,2027-02-25,96,26450
H126,2027-02-26,71,30200
H126,2027-02-27,59,30700
H126,2027-02-28,92,26600
H126,2027-03-01,99,26350
H126,2027-03-02,77,27200
H126,2027-03-03,90,26700
H126,2027-03-04,97,26450
H126,2027-03-05,53,30900
H126,2027-03-06,79,29900
H126,2027-03-07,99,26350
H126,2027-03-08,93,26600
H126,2027-03-09,89,26750
H126,2027-03-10,98,26400
H126,2027-03-11,90,26700
H126,2027-03-12,74,30100
H126,2027-03-13,64,30500
H126,2027-03-14,86,26850
H126,2027-03-15,77,27200
H126,2027-03-16,80,27050
H126,2027-03-17,90,26700
H126,2027-03-18,82,27000
H126,2027-03-19,80,29850
H126,2027-03-20,66,30400
H126,2027-03-21,99,26350
H126,2027-03-22,95,26500
H126,2027-03-23,80,27100
H126,2027-03-24,96,26500
H126,2027-03-25,73,27350
H126,2027-03-26,77,30000
H126,2027-03-27,65,30450
H126,2027-03-28,83,26950
H126,2027-03-29,85,26850
H126,2027-03-30,71,27400
H126,2027-03-31,82,27000
H127,2026-10-01,7,2550
H127,2026-10-02,3,2850
H127,2026-10-03,4,2800
H127,2026-10-04,9,2500
H127,2026-10-05,6,2550
H127,2026-10-06,8,2550
H127,2026-10-07,8,2550
H127,2026-10-08,8,2550
H127,2026-10-09,4,2800
H127,2026-10-10,6,2800
H127,2026-10-11,9,2500
H127,2026-10-12,9,2500
H127,2026-10-13,6,2550
H127,2026-10-14,10,2500
H127,2026-10-15,10,2500
H127,2026-10-16,8,2750
H127,2026-10-17,4,2800
H127,2026-10-18,10,2500
H127,2026-10-19,6,2600
H127,2026-10-20,6,2600
H127,2026-10-21,9,2550
H127,2026-10-22,7,2550
H127,2026-10-23,4,2800
H127,2026-10-24,6,2800
H127,2026-10-25,6,2550
H127,2026-10-26,9,2500
H127,2026-10-27,9,2500
H127,2026-10-28,8,2550
H127,2026-10-29,9,2500
H127,2026-10-30,3,2850
H127,2026-10-31,8,2750
H127,2026-11-01,7,2550
H127,2026-11-02,8,2550
H127,2026-11-03,6,2550
H127,2026-11-04,5,2600
H127,2026-11-05,10,2500
H127,2026-11-06,1,3250
H127,2026-11-07,1,3250
H127,2026-11-08,5,3000
H127,2026-11-09,3,3000
H127,2026-11-10,4,3000
H127,2026-11-11,10,2500
H127,2026-11-12,7,2550
H127,2026-11-13,4,2800
H127,2026-11-14,7,2750
H127,2026-11-15,9,2500
H127,2026-11-16,7,2550
H127,2026-11-17,8,2550
H127,2026-11-18,10,2500
H127,2026-11-19,7,2550
H127,2026-11-20,4,2800
H127,2026-11-21,4,2800
H127,2026-11-22,9,2500
H127,2026-11-23,8,2550
H127,2026-11-24,7,2550
H127,2026-11-25,7,2550
H127,2026-11-26,9,2500
H127,2026-11-27,7,2750
H127,2026-11-28,5,2800
H127,2026-11-29,9,2550
H127,2026-11-30,8,2550
H127,2026-12-01,12,2050
H127,2026-12-02,14,2000
H127,2026-12-03,13,2000
H127,2026-12-04,9,2300
H127,2026-12-05,9,2300
H127,2026-12-06,11,2050
H127,2026-12-07,11,2050
H127,2026-12-08,11,2050
H127,2026-12-09,13,2050
H127,2026-12-10,12,2050
H127,2026-12-11,12,2250
H127,2026-12-12,9,2300
H127,2026-12-13,10,2050
H127,2026-12-14,11,2050
H127,2026-12-15,11,2050
H127,2026-12-16,15,2000
H127,2026-12-17,14,2000
H127,2026-12-18,10,2300
H127,2026-12-19,10,2300
H127,2026-12-20,6,2550
H127,2026-12-21,10,2450
H127,2026-12-22,6,2550
H127,2026-12-23,8,2500
H127,2026-12-24,9,2500
H127,2026-12-25,8,2700
H127,2026-12-26,8,2700
H127,2026-12-27,9,2450
H127,2026-12-28,10,2450
H127,2026-12-29,6,2550
H127,2026-12-30,8,2500
H127,2026-12-31,6,2550
H127,2027-01-01,5,2750
H127,2027-01-02,7,2750
H127,2027-01-03,14,2000
H127,2027-01-04,13,2000
H127,2027-01-05,13,2000
H127,2027-01-06,10,2050
H127,2027-01-07,12,2050
H127,2027-01-08,12,2250
H127,2027-01-09,11,2250
H127,2027-01-10,14,2000
H127,2027-01-11,13,2000
H127,2027-01-12,12,2050
H127,2027-01-13,14,2000
H127,2027-01-14,11,2050
H127,2027-01-15,11,2250
H127,2027-01-16,11,2250
H127,2027-01-17,13,2000
H127,2027-01-18,12,2050
H127,2027-01-19,13,2000
H127,2027-01-20,13,2000
H127,2027-01-21,11,2050
H127,2027-01-22,10,2300
H127,2027-01-23,12,2250
H127,2027-01-24,12,2050
H127,2027-01-25,15,2000
H127,2027-01-26,13,2000
H127,2027-01-27,13,2000
H127,2027-01-28,11,2050
H127,2027-01-29,12,2250
H127,2027-01-30,9,2300
H127,2027-01-31,11,2050
H127,2027-02-01,13,2000
H127,2027-02-02,15,2000
H127,2027-02-03,14,2000
H127,2027-02-04,15,2000
H127,2027-02-05,11,2250
H127,2027-02-06,10,2300
H127,2027-02-07,13,2000
H127,2027-02-08,15,2000
H127,2027-02-09,11,2050
H127,2027-02-10,13,2000
H127,2027-02-11,14,2000
H127,2027-02-12,8,2300
H127,2027-02-13,9,2300
H127,2027-02-14,12,2050
H127,2027-02-15,11,2050
H127,2027-02-16,12,2050
H127,2027-02-17,15,2000
H127,2027-02-18,15,2000
H127,2027-02-19,9,2300
H127,2027-02-20,8,2300
H127,2027-02-21,14,2000
H127,2027-02-22,13,2000
H127,2027-02-23,13,2000
H127,2027-02-24,11,2050
H127,2027-02-25,14,2000
H127,2027-02-26,12,2250
H127,2027-02-27,11,2250
H127,2027-02-28,14,2000
H127,2027-03-01,9,2500
H127,2027-03-02,9,2500
H127,2027-03-03,6,2550
H127,2027-03-04,6,2600
H127,2027-03-05,6,2800
H127,2027-03-06,4,2800
H127,2027-03-07,9,2500
H127,2027-03-08,10,2500
H127,2027-03-09,10,2500
H127,2027-03-10,8,2550
H127,2027-03-11,6,2550
H127,2027-03-12,7,2750
H127,2027-03-13,3,2850
H127,2027-03-14,7,2550
H127,2027-03-15,8,2550
H127,2027-03-16,10,2500
H127,2027-03-17,8,2550
H127,2027-03-18,9,2500
H127,2027-03-19,4,2850
H127,2027-03-20,6,2800
H127,2027-03-21,7,2550
H127,2027-03-22,6,2550
H127,2027-03-23,6,2550
H127,2027-03-24,7,2550
H127,2027-03-25,8,2550
H127,2027-03-26,6,2800
H127,2027-03-27,7,2750
H127,2027-03-28,6,2550
H127,2027-03-29,10,2500
H127,2027-03-30,7,2550
H127,2027-03-31,9,2500
H128,2026-10-01,13,3600
H128,2026-10-02,8,3950
H128,2026-10-03,5,4050
H128,2026-10-04,8,3650
H128,2026-10-05,12,3600
H128,2026-10-06,13,3550
H128,2026-10-07,10,3650
H128,2026-10-08,10,3650
H128,2026-10-09,7,4000
H128,2026-10-10,5,4050
H128,2026-10-11,9,3650
H128,2026-10-12,10,3600
H128,2026-10-13,12,3600
H128,2026-10-14,11,3600
H128,2026-10-15,9,3650
H128,2026-10-16,5,4050
H128,2026-10-17,5,4050
H128,2026-10-18,8,3700
H128,2026-10-19,10,3650
H128,2026-10-20,7,3700
H128,2026-10-21,11,3600
H128,2026-10-22,7,3700
H128,2026-10-23,9,3950
H128,2026-10-24,7,4000
H128,2026-10-25,12,3600
H128,2026-10-26,8,3650
H128,2026-10-27,10,3600
H128,2026-10-28,9,3650
H128,2026-10-29,8,3650
H128,2026-10-30,6,4000
H128,2026-10-31,10,3950
H128,2026-11-01,12,3600
H128,2026-11-02,7,3700
H128,2026-11-03,11,3600
H128,2026-11-04,12,3600
H128,2026-11-05,10,3650
H128,2026-11-06,1,4650
H128,2026-11-07,1,4650
H128,2026-11-08,4,4300
H128,2026-11-09,3,4300
H128,2026-11-10,1,4350
H128,2026-11-11,9,3650
H128,2026-11-12,13,3600
H128,2026-11-13,7,4000
H128,2026-11-14,7,4000
H128,2026-11-15,8,3650
H128,2026-11-16,9,3650
H128,2026-11-17,12,3600
H128,2026-11-18,12,3600
H128,2026-11-19,9,3650
H128,2026-11-20,4,4050
H128,2026-11-21,5,4050
H128,2026-11-22,11,3600
H128,2026-11-23,12,3600
H128,2026-11-24,13,3550
H128,2026-11-25,8,3700
H128,2026-11-26,7,3700
H128,2026-11-27,6,4000
H128,2026-11-28,10,3950
H128,2026-11-29,10,3650
H128,2026-11-30,12,3600
H128,2026-12-01,16,2900
H128,2026-12-02,15,2900
H128,2026-12-03,20,2850
H128,2026-12-04,15,3200
H128,2026-12-05,16,3200
H128,2026-12-06,19,2850
H128,2026-12-07,18,2850
H128,2026-12-08,16,2900
H128,2026-12-09,15,2950
H128,2026-12-10,19,2850
H128,2026-12-11,14,3250
H128,2026-12-12,13,3250
H128,2026-12-13,19,2850
H128,2026-12-14,16,2900
H128,2026-12-15,14,2950
H128,2026-12-16,18,2850
H128,2026-12-17,20,2850
H128,2026-12-18,15,3200
H128,2026-12-19,15,3250
H128,2026-12-20,10,3600
H128,2026-12-21,11,3550
H128,2026-12-22,13,3500
H128,2026-12-23,11,3550
H128,2026-12-24,13,3500
H128,2026-12-25,11,3850
H128,2026-12-26,10,3900
H128,2026-12-27,11,3550
H128,2026-12-28,11,3550
H128,2026-12-29,9,3600
H128,2026-12-30,10,3550
H128,2026-12-31,11,3550
H128,2027-01-01,8,3900
H128,2027-01-02,7,3950
H128,2027-01-03,19,2850
H128,2027-01-04,15,2950
H128,2027-01-05,14,2950
H128,2027-01-06,17,2900
H128,2027-01-07,17,2900
H128,2027-01-08,13,3250
H128,2027-01-09,17,3200
H128,2027-01-10,15,2900
H128,2027-01-11,15,2900
H128,2027-01-12,16,2900
H128,2027-01-13,18,2850
H128,2027-01-14,18,2850
H128,2027-01-15,16,3200
H128,2027-01-16,13,3250
H128,2027-01-17,18,2850
H128,2027-01-18,14,2950
H128,2027-01-19,18,2850
H128,2027-01-20,19,2850
H128,2027-01-21,18,2850
H128,2027-01-22,12,3300
H128,2027-01-23,14,3250
H128,2027-01-24,20,2850
H128,2027-01-25,16,2900
H128,2027-01-26,18,2850
H128,2027-01-27,14,2950
H128,2027-01-28,16,2900
H128,2027-01-29,15,3200
H128,2027-01-30,12,3300
H128,2027-01-31,15,2900
H128,2027-02-01,16,2900
H128,2027-02-02,15,2950
H128,2027-02-03,20,2850
H128,2027-02-04,15,2900
H128,2027-02-05,11,3300
H128,2027-02-06,12,3300
H128,2027-02-07,18,2850
H128,2027-02-08,18,2850
H128,2027-02-09,18,2850
H128,2027-02-10,16,2900
H128,2027-02-11,19,2850
H128,2027-02-12,11,3300
H128,2027-02-13,14,3250
H128,2027-02-14,20,2850
H128,2027-02-15,19,2850
H128,2027-02-16,17,2900
H128,2027-02-17,14,2950
H128,2027-02-18,18,2850
H128,2027-02-19,15,3200
H128,2027-02-20,15,3250
H128,2027-02-21,18,2850
H128,2027-02-22,15,2950
H128,2027-02-23,17,2900
H128,2027-02-24,19,2850
H128,2027-02-25,14,2950
H128,2027-02-26,11,3300
H128,2027-02-27,16,3200
H128,2027-02-28,19,2850
H128,2027-03-01,11,3600
H128,2027-03-02,9,3650
H128,2027-03-03,8,3650
H128,2027-03-04,12,3600
H128,2027-03-05,9,3950
H128,2027-03-06,7,4000
H128,2027-03-07,9,3650
H128,2027-03-08,12,3600
H128,2027-03-09,10,3650
H128,2027-03-10,12,3600
H128,2027-03-11,11,3600
H128,2027-03-12,9,3950
H128,2027-03-13,7,4000
H128,2027-03-14,7,3700
H128,2027-03-15,12,3600
H128,2027-03-16,10,3650
H128,2027-03-17,8,3700
H128,2027-03-18,10,3650
H128,2027-03-19,6,4000
H128,2027-03-20,6,4000
H128,2027-03-21,12,3600
H128,2027-03-22,9,3650
H128,2027-03-23,8,3700
H128,2027-03-24,9,3650
H128,2027-03-25,8,3700
H128,2027-03-26,7,4000
H128,2027-03-27,9,3950
H128,2027-03-28,7,3700
H128,2027-03-29,9,3650
H128,2027-03-30,10,3650
H128,2027-03-31,7,3700
H129,2026-10-01,4,3200
H129,2026-10-02,5,3450
H129,2026-10-03,3,3500
H129,2026-10-04,7,3150
H129,2026-10-05,6,3150
H129,2026-10-06,6,3150
H129,2026-10-07,8,3100
H129,2026-10-08,6,3150
H129,2026-10-09,6,3450
H129,2026-10-10,5,3450
H129,2026-10-11,7,3100
H129,2026-10-12,7,3100
H129,2026-10-13,8,3100
H129,2026-10-14,7,3150
H129,2026-10-15,8,3100
H129,2026-10-16,4,3450
H129,2026-10-17,6,3450
H129,2026-10-18,8,3100
H129,2026-10-19,5,3200
H129,2026-10-20,7,3150
H129,2026-10-21,7,3100
H129,2026-10-22,5,3200
H129,2026-10-23,5,3450
H129,2026-10-24,3,3500
H129,2026-10-25,7,3150
H129,2026-10-26,8,3100
H129,2026-10-27,8,3100
H129,2026-10-28,8,3100
H129,2026-10-29,8,3100
H129,2026-10-30,6,3400
H129,2026-10-31,3,3500
H129,2026-11-01,4,3200
H129,2026-11-02,6,3150
H129,2026-11-03,5,3150
H129,2026-11-04,5,3150
H129,2026-11-05,8,3100
H129,2026-11-06,3,3950
H129,2026-11-07,3,4000
H129,2026-11-08,4,3650
H129,2026-11-09,2,3750
H129,2026-11-10,4,3650
H129,2026-11-11,7,3150
H129,2026-11-12,8,3100
H129,2026-11-13,6,3400
H129,2026-11-14,5,3450
H129,2026-11-15,5,3200
H129,2026-11-16,6,3150
H129,2026-11-17,6,3150
H129,2026-11-18,6,3150
H129,2026-11-19,8,3100
H129,2026-11-20,5,3450
H129,2026-11-21,3,3500
H129,2026-11-22,7,3100
H129,2026-11-23,7,3100
H129,2026-11-24,6,3150
H129,2026-11-25,7,3100
H129,2026-11-26,6,3150
H129,2026-11-27,4,3450
H129,2026-11-28,3,3500
H129,2026-11-29,5,3200
H129,2026-11-30,7,3150
H129,2026-12-01,12,2450
H129,2026-12-02,12,2450
H129,2026-12-03,12,2450
H129,2026-12-04,10,2800
H129,2026-12-05,8,2850
H129,2026-12-06,8,2550
H129,2026-12-07,10,2500
H129,2026-12-08,10,2500
H129,2026-12-09,10,2550
H129,2026-12-10,9,2550
H129,2026-12-11,9,2800
H129,2026-12-12,10,2750
H129,2026-12-13,12,2450
H129,2026-12-14,12,2450
H129,2026-12-15,11,2500
H129,2026-12-16,8,2550
H129,2026-12-17,8,2550
H129,2026-12-18,10,2800
H129,2026-12-19,9,2800
H129,2026-12-20,7,3050
H129,2026-12-21,8,3050
H129,2026-12-22,6,3100
H129,2026-12-23,6,3100
H129,2026-12-24,7,3050
H129,2026-12-25,3,3450
H129,2026-12-26,5,3400
H129,2026-12-27,9,3050
H129,2026-12-28,6,3100
H129,2026-12-29,7,3050
H129,2026-12-30,6,3100
H129,2026-12-31,7,3100
H129,2027-01-01,3,3450
H129,2027-01-02,5,3400
H129,2027-01-03,12,2450
H129,2027-01-04,10,2550
H129,2027-01-05,12,2450
H129,2027-01-06,9,2550
H129,2027-01-07,12,2450
H129,2027-01-08,7,2850
H129,2027-01-09,9,2800
H129,2027-01-10,12,2450
H129,2027-01-11,9,2550
H129,2027-01-12,9,2550
H129,2027-01-13,8,2550
H129,2027-01-14,9,2550
H129,2027-01-15,10,2800
H129,2027-01-16,7,2850
H129,2027-01-17,12,2500
H129,2027-01-18,11,2500
H129,2027-01-19,11,2500
H129,2027-01-20,11,2500
H129,2027-01-21,11,2500
H129,2027-01-22,7,2850
H129,2027-01-23,7,2850
H129,2027-01-24,9,2550
H129,2027-01-25,9,2550
H129,2027-01-26,9,2550
H129,2027-01-27,10,2500
H129,2027-01-28,9,2550
H129,2027-01-29,7,2850
H129,2027-01-30,9,2800
H129,2027-01-31,9,2550
H129,2027-02-01,9,2550
H129,2027-02-02,10,2500
H129,2027-02-03,11,2500
H129,2027-02-04,8,2550
H129,2027-02-05,8,2850
H129,2027-02-06,7,2850
H129,2027-02-07,9,2550
H129,2027-02-08,10,2500
H129,2027-02-09,9,2550
H129,2027-02-10,9,2550
H129,2027-02-11,10,2500
H129,2027-02-12,9,2800
H129,2027-02-13,9,2800
H129,2027-02-14,11,2500
H129,2027-02-15,12,2450
H129,2027-02-16,9,2550
H129,2027-02-17,12,2450
H129,2027-02-18,9,2550
H129,2027-02-19,8,2850
H129,2027-02-20,7,2850
H129,2027-02-21,9,2550
H129,2027-02-22,9,2550
H129,2027-02-23,11,2500
H129,2027-02-24,10,2500
H129,2027-02-25,12,2450
H129,2027-02-26,8,2850
H129,2027-02-27,10,2800
H129,2027-02-28,11,2500
H129,2027-03-01,8,3100
H129,2027-03-02,6,3150
H129,2027-03-03,5,3200
H129,2027-03-04,6,3150
H129,2027-03-05,3,3500
H129,2027-03-06,6,3400
H129,2027-03-07,6,3150
H129,2027-03-08,6,3150
H129,2027-03-09,5,3200
H129,2027-03-10,7,3100
H129,2027-03-11,5,3200
H129,2027-03-12,6,3400
H129,2027-03-13,3,3500
H129,2027-03-14,5,3200
H129,2027-03-15,5,3200
H129,2027-03-16,5,3200
H129,2027-03-17,6,3150
H129,2027-03-18,7,3150
H129,2027-03-19,5,3450
H129,2027-03-20,5,3450
H129,2027-03-21,7,3100
H129,2027-03-22,7,3100
H129,2027-03-23,8,3100
H129,2027-03-24,7,3150
H129,2027-03-25,6,3150
H129,2027-03-26,4,3500
H129,2027-03-27,3,3500
H129,2027-03-28,6,3150
H129,2027-03-29,5,3200
H129,2027-03-30,7,3150
H129,2027-03-31,5,3200
H130,2026-10-01,26,6900
H130,2026-10-02,25,7500
H130,2026-10-03,10,7700
H130,2026-10-04,19,7000
H130,2026-10-05,27,6850
H130,2026-10-06,21,6950
H130,2026-10-07,30,6800
H130,2026-10-08,22,6950
H130,2026-10-09,19,7550
H130,2026-10-10,10,7700
H130,2026-10-11,24,6900
H130,2026-10-12,19,7000
H130,2026-10-13,23,6950
H130,2026-10-14,21,6950
H130,2026-10-15,32,6800
H130,2026-10-16,22,7500
H130,2026-10-17,21,7550
H130,2026-10-18,33,6750
H130,2026-10-19,28,6850
H130,2026-10-20,19,7000
H130,2026-10-21,29,6850
H130,2026-10-22,20,7000
H130,2026-10-23,18,7550
H130,2026-10-24,26,7450
H130,2026-10-25,18,7000
H130,2026-10-26,20,7000
H130,2026-10-27,19,7000
H130,2026-10-28,27,6850
H130,2026-10-29,27,6850
H130,2026-10-30,18,7600
H130,2026-10-31,10,7700
H130,2026-11-01,23,6950
H130,2026-11-02,27,6850
H130,2026-11-03,19,7000
H130,2026-11-04,29,6850
H130,2026-11-05,19,7000
H130,2026-11-06,7,8800
H130,2026-11-07,11,8700
H130,2026-11-08,10,8150
H130,2026-11-09,3,8250
H130,2026-11-10,5,8250
H130,2026-11-11,21,6950
H130,2026-11-12,24,6900
H130,2026-11-13,24,7500
H130,2026-11-14,12,7700
H130,2026-11-15,27,6850
H130,2026-11-16,31,6800
H130,2026-11-17,19,7000
H130,2026-11-18,30,6800
H130,2026-11-19,24,6900
H130,2026-11-20,11,7700
H130,2026-11-21,16,7600
H130,2026-11-22,27,6850
H130,2026-11-23,17,7000
H130,2026-11-24,22,6950
H130,2026-11-25,22,6950
H130,2026-11-26,26,6900
H130,2026-11-27,17,7600
H130,2026-11-28,19,7550
H130,2026-11-29,29,6850
H130,2026-11-30,24,6900
H130,2026-12-01,37,5550
H130,2026-12-02,49,5400
H130,2026-12-03,41,5500
H130,2026-12-04,28,6300
H130,2026-12-05,35,6150
H130,2026-12-06,45,5450
H130,2026-12-07,42,5500
H130,2026-12-08,42,5500
H130,2026-12-09,47,5400
H130,2026-12-10,49,5400
H130,2026-12-11,35,6150
H130,2026-12-12,35,6200
H130,2026-12-13,35,5600
H130,2026-12-14,39,5550
H130,2026-12-15,43,5500
H130,2026-12-16,48,5400
H130,2026-12-17,37,5550
H130,2026-12-18,31,6250
H130,2026-12-19,41,6050
H130,2026-12-20,33,6650
H130,2026-12-21,20,6850
H130,2026-12-22,34,6650
H130,2026-12-23,21,6850
H130,2026-12-24,33,6650
H130,2026-12-25,19,7450
H130,2026-12-26,16,7500
H130,2026-12-27,25,6800
H130,2026-12-28,28,6750
H130,2026-12-29,31,6700
H130,2026-12-30,29,6750
H130,2026-12-31,24,6800
H130,2027-01-01,25,7350
H130,2027-01-02,23,7400
H130,2027-01-03,41,5500
H130,2027-01-04,39,5550
H130,2027-01-05,37,5550
H130,2027-01-06,36,5600
H130,2027-01-07,38,5550
H130,2027-01-08,37,6150
H130,2027-01-09,31,6250
H130,2027-01-10,40,5500
H130,2027-01-11,49,5400
H130,2027-01-12,48,5400
H130,2027-01-13,45,5450
H130,2027-01-14,36,5600
H130,2027-01-15,29,6250
H130,2027-01-16,28,6300
H130,2027-01-17,33,5650
H130,2027-01-18,36,5600
H130,2027-01-19,44,5450
H130,2027-01-20,47,5400
H130,2027-01-21,34,5600
H130,2027-01-22,27,6300
H130,2027-01-23,40,6100
H130,2027-01-24,46,5450
H130,2027-01-25,43,5450
H130,2027-01-26,33,5650
H130,2027-01-27,36,5600
H130,2027-01-28,38,5550
H130,2027-01-29,28,6300
H130,2027-01-30,38,6150
H130,2027-01-31,49,5400
H130,2027-02-01,39,5550
H130,2027-02-02,35,5600
H130,2027-02-03,42,5500
H130,2027-02-04,45,5450
H130,2027-02-05,33,6200
H130,2027-02-06,28,6300
H130,2027-02-07,36,5600
H130,2027-02-08,36,5600
H130,2027-02-09,42,5500
H130,2027-02-10,36,5600
H130,2027-02-11,34,5600
H130,2027-02-12,28,6300
H130,2027-02-13,38,6100
H130,2027-02-14,43,5500
H130,2027-02-15,41,5500
H130,2027-02-16,42,5500
H130,2027-02-17,43,5450
H130,2027-02-18,45,5450
H130,2027-02-19,26,6300
H130,2027-02-20,27,6300
H130,2027-02-21,38,5550
H130,2027-02-22,47,5400
H130,2027-02-23,38,5550
H130,2027-02-24,45,5450
H130,2027-02-25,39,5550
H130,2027-02-26,42,6050
H130,2027-02-27,36,6150
H130,2027-02-28,48,5400
H130,2027-03-01,26,6900
H130,2027-03-02,30,6850
H130,2027-03-03,25,6900
H130,2027-03-04,25,6900
H130,2027-03-05,13,7650
H130,2027-03-06,21,7550
H130,2027-03-07,19,7000
H130,2027-03-08,20,7000
H130,2027-03-09,24,6900
H130,2027-03-10,19,7000
H130,2027-03-11,31,6800
H130,2027-03-12,26,7450
H130,2027-03-13,16,7600
H130,2027-03-14,18,7000
H130,2027-03-15,29,6850
H130,2027-03-16,19,7000
H130,2027-03-17,21,6950
H130,2027-03-18,29,6850
H130,2027-03-19,16,7600
H130,2027-03-20,20,7550
H130,2027-03-21,28,6850
H130,2027-03-22,21,6950
H130,2027-03-23,30,6850
H130,2027-03-24,31,6800
H130,2027-03-25,28,6850
H130,2027-03-26,22,7550
H130,2027-03-27,19,7550
H130,2027-03-28,20,6950
H130,2027-03-29,31,6800
H130,2027-03-30,31,6800
H130,2027-03-31,18,7000
H131,2026-10-01,17,6700
H131,2026-10-02,9,7500
H131,2026-10-03,11,7450
H131,2026-10-04,13,6800
H131,2026-10-05,14,6800
H131,2026-10-06,14,6800
H131,2026-10-07,19,6650
H131,2026-10-08,19,6650
H131,2026-10-09,14,7350
H131,2026-10-10,10,7450
H131,2026-10-11,18,6700
H131,2026-10-12,16,6750
H131,2026-10-13,16,6750
H131,2026-10-14,13,6800
H131,2026-10-15,17,6700
H131,2026-10-16,15,7350
H131,2026-10-17,14,7350
H131,2026-10-18,15,6800
H131,2026-10-19,18,6700
H131,2026-10-20,18,6700
H131,2026-10-21,17,6700
H131,2026-10-22,13,6850
H131,2026-10-23,11,7450
H131,2026-10-24,14,7350
H131,2026-10-25,14,6800
H131,2026-10-26,19,6650
H131,2026-10-27,18,6700
H131,2026-10-28,16,6750
H131,2026-10-29,12,6850
H131,2026-10-30,9,7500
H131,2026-10-31,15,7350
H131,2026-11-01,15,6800
H131,2026-11-02,11,6850
H131,2026-11-03,11,6900
H131,2026-11-04,16,6750
H131,2026-11-05,14,6800
H131,2026-11-06,6,8550
H131,2026-11-07,5,8600
H131,2026-11-08,4,8050
H131,2026-11-09,10,7900
H131,2026-11-10,7,8000
H131,2026-11-11,16,6750
H131,2026-11-12,16,6750
H131,2026-11-13,7,7550
H131,2026-11-14,14,7350
H131,2026-11-15,16,6750
H131,2026-11-16,17,6700
H131,2026-11-17,15,6800
H131,2026-11-18,16,6750
H131,2026-11-19,14,6800
H131,2026-11-20,13,7350
H131,2026-11-21,9,7500
H131,2026-11-22,19,6650
H131,2026-11-23,11,6850
H131,2026-11-24,14,6800
H131,2026-11-25,17,6700
H131,2026-11-26,14,6800
H131,2026-11-27,7,7550
H131,2026-11-28,15,7350
H131,2026-11-29,12,6850
H131,2026-11-30,15,6750
H131,2026-12-01,28,5300
H131,2026-12-02,22,5450
H131,2026-12-03,27,5350
H131,2026-12-04,17,6150
H131,2026-12-05,19,6100
H131,2026-12-06,22,5450
H131,2026-12-07,20,5500
H131,2026-12-08,23,5450
H131,2026-12-09,22,5450
H131,2026-12-10,26,5350
H131,2026-12-11,24,5950
H131,2026-12-12,20,6050
H131,2026-12-13,27,5300
H131,2026-12-14,22,5450
H131,2026-12-15,21,5500
H131,2026-12-16,26,5350
H131,2026-12-17,24,5400
H131,2026-12-18,17,6150
H131,2026-12-19,21,6050
H131,2026-12-20,18,6600
H131,2026-12-21,20,6550
H131,2026-12-22,18,6550
H131,2026-12-23,18,6600
H131,2026-12-24,12,6700
H131,2026-12-25,15,7200
H131,2026-12-26,11,7300
H131,2026-12-27,19,6550
H131,2026-12-28,16,6650
H131,2026-12-29,18,6600
H131,2026-12-30,14,6700
H131,2026-12-31,12,6750
H131,2027-01-01,12,7300
H131,2027-01-02,12,7300
H131,2027-01-03,24,5400
H131,2027-01-04,25,5400
H131,2027-01-05,23,5450
H131,2027-01-06,26,5350
H131,2027-01-07,28,5300
H131,2027-01-08,23,6000
H131,2027-01-09,22,6000
H131,2027-01-10,28,5300
H131,2027-01-11,28,5300
H131,2027-01-12,21,5500
H131,2027-01-13,22,5450
H131,2027-01-14,21,5500
H131,2027-01-15,17,6150
H131,2027-01-16,20,6050
H131,2027-01-17,22,5450
H131,2027-01-18,22,5450
H131,2027-01-19,28,5300
H131,2027-01-20,28,5300
H131,2027-01-21,26,5350
H131,2027-01-22,16,6200
H131,2027-01-23,21,6050
H131,2027-01-24,21,5500
H131,2027-01-25,23,5450
H131,2027-01-26,28,5300
H131,2027-01-27,19,5550
H131,2027-01-28,23,5450
H131,2027-01-29,22,6050
H131,2027-01-30,19,6100
H131,2027-01-31,24,5400
H131,2027-02-01,23,5450
H131,2027-02-02,20,5500
H131,2027-02-03,28,5300
H131,2027-02-04,25,5350
H131,2027-02-05,22,6000
H131,2027-02-06,20,6100
H131,2027-02-07,28,5300
H131,2027-02-08,27,5300
H131,2027-02-09,22,5450
H131,2027-02-10,28,5300
H131,2027-02-11,26,5350
H131,2027-02-12,19,6100
H131,2027-02-13,16,6200
H131,2027-02-14,22,5450
H131,2027-02-15,19,5550
H131,2027-02-16,22,5450
H131,2027-02-17,19,5550
H131,2027-02-18,23,5450
H131,2027-02-19,17,6150
H131,2027-02-20,18,6100
H131,2027-02-21,28,5300
H131,2027-02-22,26,5350
H131,2027-02-23,22,5450
H131,2027-02-24,28,5300
H131,2027-02-25,28,5300
H131,2027-02-26,17,6150
H131,2027-02-27,18,6100
H131,2027-02-28,27,5300
H131,2027-03-01,13,6850
H131,2027-03-02,13,6800
H131,2027-03-03,13,6800
H131,2027-03-04,19,6650
H131,2027-03-05,9,7500
H131,2027-03-06,11,7450
H131,2027-03-07,17,6700
H131,2027-03-08,12,6850
H131,2027-03-09,16,6750
H131,2027-03-10,16,6750
H131,2027-03-11,19,6650
H131,2027-03-12,14,7350
H131,2027-03-13,10,7450
H131,2027-03-14,17,6700
H131,2027-03-15,11,6850
H131,2027-03-16,14,6800
H131,2027-03-17,19,6650
H131,2027-03-18,16,6750
H131,2027-03-19,12,7400
H131,2027-03-20,11,7450
H131,2027-03-21,11,6850
H131,2027-03-22,19,6650
H131,2027-03-23,10,6900
H131,2027-03-24,18,6700
H131,2027-03-25,12,6850
H131,2027-03-26,7,7550
H131,2027-03-27,13,7350
H131,2027-03-28,18,6700
H131,2027-03-29,14,6800
H131,2027-03-30,10,6900
H131,2027-03-31,12,6850
H132,2026-10-01,12,7500
H132,2026-10-02,10,8150
H132,2026-10-03,14,8000
H132,2026-10-04,16,7350
H132,2026-10-05,16,7350
H132,2026-10-06,17,7300
H132,2026-10-07,18,7300
H132,2026-10-08,16,7350
H132,2026-10-09,14,8000
H132,2026-10-10,11,8100
H132,2026-10-11,18,7300
H132,2026-10-12,15,7400
H132,2026-10-13,19,7300
H132,2026-10-14,10,7500
H132,2026-10-15,18,7300
H132,2026-10-16,12,8100
H132,2026-10-17,9,8150
H132,2026-10-18,15,7400
H132,2026-10-19,14,7400
H132,2026-10-20,13,7450
H132,2026-10-21,18,7300
H132,2026-10-22,12,7450
H132,2026-10-23,11,8100
H132,2026-10-24,12,8100
H132,2026-10-25,20,7250
H132,2026-10-26,12,7450
H132,2026-10-27,17,7350
H132,2026-10-28,15,7400
H132,2026-10-29,16,7350
H132,2026-10-30,9,8150
H132,2026-10-31,8,8200
H132,2026-11-01,17,7350
H132,2026-11-02,16,7350
H132,2026-11-03,19,7300
H132,2026-11-04,16,7350
H132,2026-11-05,18,7300
H132,2026-11-06,2,9450
H132,2026-11-07,6,9350
H132,2026-11-08,7,8700
H132,2026-11-09,7,8700
H132,2026-11-10,5,8750
H132,2026-11-11,19,7250
H132,2026-11-12,19,7250
H132,2026-11-13,10,8150
H132,2026-11-14,7,8200
H132,2026-11-15,10,7500
H132,2026-11-16,11,7500
H132,2026-11-17,16,7350
H132,2026-11-18,18,7300
H132,2026-11-19,15,7400
H132,2026-11-20,7,8200
H132,2026-11-21,9,8150
H132,2026-11-22,19,7250
H132,2026-11-23,18,7300
H132,2026-11-24,11,7500
H132,2026-11-25,17,7350
H132,2026-11-26,12,7450
H132,2026-11-27,8,8200
H132,2026-11-28,13,8050
H132,2026-11-29,14,7400
H132,2026-11-30,18,7300
H132,2026-12-01,24,5900
H132,2026-12-02,27,5850
H132,2026-12-03,29,5750
H132,2026-12-04,20,6650
H132,2026-12-05,25,6500
H132,2026-12-06,26,5850
H132,2026-12-07,27,5800
H132,2026-12-08,21,6000
H132,2026-12-09,25,5900
H132,2026-12-10,26,5850
H132,2026-12-11,22,6550
H132,2026-12-12,21,6600
H132,2026-12-13,29,5800
H132,2026-12-14,25,5900
H132,2026-12-15,23,5950
H132,2026-12-16,25,5900
H132,2026-12-17,20,6000
H132,2026-12-18,16,6750
H132,2026-12-19,23,6550
H132,2026-12-20,16,7250
H132,2026-12-21,17,7200
H132,2026-12-22,17,7200
H132,2026-12-23,19,7150
H132,2026-12-24,17,7200
H132,2026-12-25,10,8000
H132,2026-12-26,7,8100
H132,2026-12-27,12,7350
H132,2026-12-28,19,7150
H132,2026-12-29,12,7350
H132,2026-12-30,17,7200
H132,2026-12-31,12,7350
H132,2027-01-01,11,8000
H132,2027-01-02,15,7900
H132,2027-01-03,26,5850
H132,2027-01-04,28,5800
H132,2027-01-05,26,5850
H132,2027-01-06,24,5900
H132,2027-01-07,26,5850
H132,2027-01-08,17,6700
H132,2027-01-09,23,6550
H132,2027-01-10,29,5750
H132,2027-01-11,26,5850
H132,2027-01-12,27,5850
H132,2027-01-13,26,5850
H132,2027-01-14,25,5900
H132,2027-01-15,19,6650
H132,2027-01-16,20,6650
H132,2027-01-17,21,6000
H132,2027-01-18,27,5800
H132,2027-01-19,26,5850
H132,2027-01-20,28,5800
H132,2027-01-21,22,5950
H132,2027-01-22,24,6500
H132,2027-01-23,21,6600
H132,2027-01-24,20,6000
H132,2027-01-25,24,5900
H132,2027-01-26,22,5950
H132,2027-01-27,23,5950
H132,2027-01-28,28,5800
H132,2027-01-29,18,6700
H132,2027-01-30,24,6500
H132,2027-01-31,20,6000
H132,2027-02-01,23,5950
H132,2027-02-02,20,6000
H132,2027-02-03,23,5950
H132,2027-02-04,25,5850
H132,2027-02-05,19,6650
H132,2027-02-06,24,6500
H132,2027-02-07,29,5800
H132,2027-02-08,21,6000
H132,2027-02-09,21,6000
H132,2027-02-10,29,5750
H132,2027-02-11,29,5750
H132,2027-02-12,24,6550
H132,2027-02-13,24,6500
H132,2027-02-14,25,5850
H132,2027-02-15,23,5950
H132,2027-02-16,28,5800
H132,2027-02-17,26,5850
H132,2027-02-18,25,5900
H132,2027-02-19,24,6550
H132,2027-02-20,21,6600
H132,2027-02-21,25,5850
H132,2027-02-22,24,5900
H132,2027-02-23,23,5900
H132,2027-02-24,22,6000
H132,2027-02-25,24,5900
H132,2027-02-26,23,6550
H132,2027-02-27,19,6650
H132,2027-02-28,26,5850
H132,2027-03-01,11,7500
H132,2027-03-02,13,7450
H132,2027-03-03,11,7500
H132,2027-03-04,18,7300
H132,2027-03-05,15,8000
H132,2027-03-06,13,8050
H132,2027-03-07,14,7400
H132,2027-03-08,13,7450
H132,2027-03-09,18,7300
H132,2027-03-10,16,7350
H132,2027-03-11,16,7350
H132,2027-03-12,9,8150
H132,2027-03-13,9,8150
H132,2027-03-14,12,7450
H132,2027-03-15,19,7250
H132,2027-03-16,12,7450
H132,2027-03-17,14,7400
H132,2027-03-18,16,7350
H132,2027-03-19,10,8150
H132,2027-03-20,8,8200
H132,2027-03-21,12,7450
H132,2027-03-22,12,7450
H132,2027-03-23,11,7500
H132,2027-03-24,19,7250
H132,2027-03-25,14,7400
H132,2027-03-26,14,8050
H132,2027-03-27,14,8000
H132,2027-03-28,19,7250
H132,2027-03-29,16,7350
H132,2027-03-30,10,7500
H132,2027-03-31,17,7350
H133,2026-10-01,26,5850
H133,2026-10-02,14,6550
H133,2026-10-03,10,6600
H133,2026-10-04,20,5950
H133,2026-10-05,22,5900
H133,2026-10-06,15,6000
H133,2026-10-07,20,5950
H133,2026-10-08,23,5900
H133,2026-10-09,17,6500
H133,2026-10-10,13,6550
H133,2026-10-11,26,5850
H133,2026-10-12,16,6000
H133,2026-10-13,27,5850
H133,2026-10-14,15,6050
H133,2026-10-15,16,6000
H133,2026-10-16,13,6550
H133,2026-10-17,17,6500
H133,2026-10-18,24,5900
H133,2026-10-19,18,6000
H133,2026-10-20,16,6000
H133,2026-10-21,17,6000
H133,2026-10-22,19,5950
H133,2026-10-23,10,6600
H133,2026-10-24,17,6500
H133,2026-10-25,26,5850
H133,2026-10-26,25,5850
H133,2026-10-27,24,5850
H133,2026-10-28,21,5950
H133,2026-10-29,27,5800
H133,2026-10-30,20,6450
H133,2026-10-31,9,6600
H133,2026-11-01,15,6050
H133,2026-11-02,18,6000
H133,2026-11-03,17,6000
H133,2026-11-04,17,6000
H133,2026-11-05,25,5850
H133,2026-11-06,2,7600
H133,2026-11-07,2,7600
H133,2026-11-08,6,7050
H133,2026-11-09,5,7050
H133,2026-11-10,15,6900
H133,2026-11-11,23,5900
H133,2026-11-12,15,6050
H133,2026-11-13,12,6550
H133,2026-11-14,17,6500
H133,2026-11-15,25,5850
H133,2026-11-16,17,6000
H133,2026-11-17,19,5950
H133,2026-11-18,15,6050
H133,2026-11-19,17,6000
H133,2026-11-20,10,6600
H133,2026-11-21,19,6450
H133,2026-11-22,27,5850
H133,2026-11-23,17,6000
H133,2026-11-24,19,5950
H133,2026-11-25,26,5850
H133,2026-11-26,21,5950
H133,2026-11-27,14,6550
H133,2026-11-28,21,6400
H133,2026-11-29,24,5900
H133,2026-11-30,27,5850
H133,2026-12-01,40,4650
H133,2026-12-02,34,4750
H133,2026-12-03,28,4850
H133,2026-12-04,32,5250
H133,2026-12-05,34,5250
H133,2026-12-06,28,4850
H133,2026-12-07,35,4700
H133,2026-12-08,29,4800
H133,2026-12-09,37,4700
H133,2026-12-10,29,4800
H133,2026-12-11,27,5350
H133,2026-12-12,25,5350
H133,2026-12-13,31,4800
H133,2026-12-14,28,4850
H133,2026-12-15,35,4700
H133,2026-12-16,33,4750
H133,2026-12-17,28,4850
H133,2026-12-18,32,5250
H133,2026-12-19,34,5200
H133,2026-12-20,22,5800
H133,2026-12-21,25,5750
H133,2026-12-22,17,5900
H133,2026-12-23,19,5850
H133,2026-12-24,18,5850
H133,2026-12-25,11,6500
H133,2026-12-26,11,6500
H133,2026-12-27,16,5900
H133,2026-12-28,20,5850
H133,2026-12-29,28,5700
H133,2026-12-30,22,5800
H133,2026-12-31,23,5800
H133,2027-01-01,20,6350
H133,2027-01-02,19,6350
H133,2027-01-03,33,4750
H133,2027-01-04,36,4700
H133,2027-01-05,35,4700
H133,2027-01-06,29,4800
H133,2027-01-07,30,4800
H133,2027-01-08,22,5400
H133,2027-01-09,27,5350
H133,2027-01-10,34,4750
H133,2027-01-11,40,4650
H133,2027-01-12,30,4800
H133,2027-01-13,40,4650
H133,2027-01-14,40,4650
H133,2027-01-15,24,5400
H133,2027-01-16,29,5300
H133,2027-01-17,29,4800
H133,2027-01-18,32,4800
H133,2027-01-19,30,4800
H133,2027-01-20,30,4800
H133,2027-01-21,28,4850
H133,2027-01-22,31,5250
H133,2027-01-23,26,5350
H133,2027-01-24,39,4650
H133,2027-01-25,31,4800
H133,2027-01-26,32,4750
H133,2027-01-27,39,4650
H133,2027-01-28,38,4700
H133,2027-01-29,30,5300
H133,2027-01-30,22,5450
H133,2027-01-31,38,4650
H133,2027-02-01,37,4700
H133,2027-02-02,33,4750
H133,2027-02-03,28,4850
H133,2027-02-04,37,4700
H133,2027-02-05,33,5250
H133,2027-02-06,28,5350
H133,2027-02-07,39,4650
H133,2027-02-08,41,4650
H133,2027-02-09,30,4800
H133,2027-02-10,40,4650
H133,2027-02-11,34,4750
H133,2027-02-12,27,5350
H133,2027-02-13,27,5350
H133,2027-02-14,32,4800
H133,2027-02-15,28,4850
H133,2027-02-16,36,4700
H133,2027-02-17,39,4650
H133,2027-02-18,30,4800
H133,2027-02-19,33,5250
H133,2027-02-20,28,5350
H133,2027-02-21,41,4650
H133,2027-02-22,39,4650
H133,2027-02-23,38,4650
H133,2027-02-24,34,4750
H133,2027-02-25,35,4700
H133,2027-02-26,34,5200
H133,2027-02-27,25,5400
H133,2027-02-28,31,4800
H133,2027-03-01,24,5900
H133,2027-03-02,22,5900
H133,2027-03-03,16,6000
H133,2027-03-04,24,5900
H133,2027-03-05,9,6600
H133,2027-03-06,19,6450
H133,2027-03-07,19,5950
H133,2027-03-08,16,6000
H133,2027-03-09,22,5900
H133,2027-03-10,24,5900
H133,2027-03-11,23,5900
H133,2027-03-12,15,6500
H133,2027-03-13,16,6500
H133,2027-03-14,27,5850
H133,2027-03-15,22,5900
H133,2027-03-16,23,5900
H133,2027-03-17,16,6000
H133,2027-03-18,22,5900
H133,2027-03-19,11,6600
H133,2027-03-20,19,6450
H133,2027-03-21,19,5950
H133,2027-03-22,20,5950
H133,2027-03-23,17,6000
H133,2027-03-24,26,5850
H133,2027-03-25,27,5850
H133,2027-03-26,19,6450
H133,2027-03-27,12,6550
H133,2027-03-28,23,5900
H133,2027-03-29,16,6000
H133,2027-03-30,24,5900
H133,2027-03-31,21,5950
H134,2026-10-01,56,17500
H134,2026-10-02,31,19550
H134,2026-10-03,25,19700
H134,2026-10-04,43,17800
H134,2026-10-05,31,18100
H134,2026-10-06,54,17550
H134,2026-10-07,42,17850
H134,2026-10-08,46,17750
H134,2026-10-09,36,19450
H134,2026-10-10,38,19400
H134,2026-10-11,49,17650
H134,2026-10-12,53,17600
H134,2026-10-13,51,17650
H134,2026-10-14,36,18000
H134,2026-10-15,34,18000
H134,2026-10-16,22,19800
H134,2026-10-17,45,19250
H134,2026-10-18,34,18000
H134,2026-10-19,45,17750
H134,2026-10-20,37,17950
H134,2026-10-21,35,18000
H134,2026-10-22,41,17850
H134,2026-10-23,28,19650
H134,2026-10-24,44,19250
H134,2026-10-25,57,17500
H134,2026-10-26,48,17700
H134,2026-10-27,41,17850
H134,2026-10-28,45,17750
H134,2026-10-29,40,17900
H134,2026-10-30,24,19700
H134,2026-10-31,29,19600
H134,2026-11-01,44,17800
H134,2026-11-02,34,18000
H134,2026-11-03,36,18000
H134,2026-11-04,54,17550
H134,2026-11-05,52,17600
H134,2026-11-06,7,22800
H134,2026-11-07,12,22650
H134,2026-11-08,16,21100
H134,2026-11-09,14,21150
H134,2026-11-10,29,20800
H134,2026-11-11,45,17750
H134,2026-11-12,44,17800
H134,2026-11-13,45,19250
H134,2026-11-14,21,19800
H134,2026-11-15,51,17650
H134,2026-11-16,46,17750
H134,2026-11-17,55,17500
H134,2026-11-18,41,17850
H134,2026-11-19,34,18000
H134,2026-11-20,38,19400
H134,2026-11-21,32,19550
H134,2026-11-22,39,17900
H134,2026-11-23,32,18050
H134,2026-11-24,34,18050
H134,2026-11-25,37,17950
H134,2026-11-26,43,17800
H134,2026-11-27,36,19450
H134,2026-11-28,29,19600
H134,2026-11-29,45,17750
H134,2026-11-30,30,18100
H134,2026-12-01,66,14350
H134,2026-12-02,71,14200
H134,2026-12-03,71,14250
H134,2026-12-04,68,15750
H134,2026-12-05,69,15750
H134,2026-12-06,59,14500
H134,2026-12-07,70,14250
H134,2026-12-08,81,14000
H134,2026-12-09,81,14000
H134,2026-12-10,83,13950
H134,2026-12-11,62,15900
H134,2026-12-12,49,16200
H134,2026-12-13,67,14300
H134,2026-12-14,80,14000
H134,2026-12-15,59,14500
H134,2026-12-16,81,14000
H134,2026-12-17,76,14100
H134,2026-12-18,69,15750
H134,2026-12-19,70,15700
H134,2026-12-20,45,17450
H134,2026-12-21,60,17100
H134,2026-12-22,43,17550
H134,2026-12-23,45,17500
H134,2026-12-24,54,17250
H134,2026-12-25,31,19300
H134,2026-12-26,38,19100
H134,2026-12-27,38,17650
H134,2026-12-28,49,17400
H134,2026-12-29,41,17550
H134,2026-12-30,39,17600
H134,2026-12-31,43,17550
H134,2027-01-01,22,19500
H134,2027-01-02,24,19450
H134,2027-01-03,70,14250
H134,2027-01-04,69,14250
H134,2027-01-05,83,13950
H134,2027-01-06,59,14500
H134,2027-01-07,76,14100
H134,2027-01-08,61,15900
H134,2027-01-09,66,15800
H134,2027-01-10,69,14250
H134,2027-01-11,75,14100
H134,2027-01-12,59,14500
H134,2027-01-13,62,14450
H134,2027-01-14,83,13950
H134,2027-01-15,69,15750
H134,2027-01-16,55,16050
H134,2027-01-17,60,14500
H134,2027-01-18,73,14150
H134,2027-01-19,72,14200
H134,2027-01-20,62,14450
H134,2027-01-21,80,14000
H134,2027-01-22,65,15800
H134,2027-01-23,58,16000
H134,2027-01-24,68,14300
H134,2027-01-25,58,14500
H134,2027-01-26,78,14050
H134,2027-01-27,84,13900
H134,2027-01-28,82,13950
H134,2027-01-29,55,16050
H134,2027-01-30,61,15950
H134,2027-01-31,81,14000
H134,2027-02-01,62,14450
H134,2027-02-02,69,14250
H134,2027-02-03,70,14250
H134,2027-02-04,71,14200
H134,2027-02-05,72,15650
H134,2027-02-06,63,15900
H134,2027-02-07,71,14250
H134,2027-02-08,62,14450
H134,2027-02-09,83,13950
H134,2027-02-10,61,14450
H134,2027-02-11,79,14050
H134,2027-02-12,66,15800
H134,2027-02-13,68,15750
H134,2027-02-14,59,14500
H134,2027-02-15,79,14050
H134,2027-02-16,62,14450
H134,2027-02-17,61,14450
H134,2027-02-18,60,14500
H134,2027-02-19,68,15750
H134,2027-02-20,58,16000
H134,2027-02-21,68,14300
H134,2027-02-22,66,14350
H134,2027-02-23,83,13950
H134,2027-02-24,78,14050
H134,2027-02-25,64,14400
H134,2027-02-26,50,16200
H134,2027-02-27,62,15900
H134,2027-02-28,65,14350
H134,2027-03-01,53,17550
H134,2027-03-02,55,17500
H134,2027-03-03,39,17900
H134,2027-03-04,46,17750
H134,2027-03-05,23,19750
H134,2027-03-06,45,19250
H134,2027-03-07,45,17800
H134,2027-03-08,33,18050
H134,2027-03-09,35,18000
H134,2027-03-10,39,17900
H134,2027-03-11,50,17650
H134,2027-03-12,24,19750
H134,2027-03-13,19,19850
H134,2027-03-14,36,17950
H134,2027-03-15,44,17800
H134,2027-03-16,51,17600
H134,2027-03-17,41,17850
H134,2027-03-18,40,17850
H134,2027-03-19,43,19300
H134,2027-03-20,20,19800
H134,2027-03-21,46,17750
H134,2027-03-22,39,17900
H134,2027-03-23,33,18050
H134,2027-03-24,36,18000
H134,2027-03-25,51,17600
H134,2027-03-26,23,19750
H134,2027-03-27,30,19600
H134,2027-03-28,56,17500
H134,2027-03-29,32,18050
H134,2027-03-30,48,17700
H134,2027-03-31,57,17500
H135,2026-10-01,56,19150
H135,2026-10-02,37,21150
H135,2026-10-03,36,21150
H135,2026-10-04,63,19000
H135,2026-10-05,35,19600
H135,2026-10-06,39,19500
H135,2026-10-07,40,19500
H135,2026-10-08,58,19100
H135,2026-10-09,29,21300
H135,2026-10-10,25,21400
H135,2026-10-11,66,18950
H135,2026-10-12,45,19400
H135,2026-10-13,52,19250
H135,2026-10-14,35,19600
H135,2026-10-15,36,19600
H135,2026-10-16,32,21250
H135,2026-10-17,24,21400
H135,2026-10-18,67,18900
H135,2026-10-19,37,19550
H135,2026-10-20,37,19550
H135,2026-10-21,52,19250
H135,2026-10-22,43,19400
H135,2026-10-23,35,21200
H135,2026-10-24,35,21200
H135,2026-10-25,43,19450
H135,2026-10-26,43,19400
H135,2026-10-27,66,18950
H135,2026-10-28,36,19550
H135,2026-10-29,55,19150
H135,2026-10-30,47,20900
H135,2026-10-31,33,21200
H135,2026-11-01,53,19200
H135,2026-11-02,60,19050
H135,2026-11-03,35,19600
H135,2026-11-04,56,19150
H135,2026-11-05,42,19450
H135,2026-11-06,10,24600
H135,2026-11-07,19,24400
H135,2026-11-08,23,22700
H135,2026-11-09,37,22400
H135,2026-11-10,32,22500
H135,2026-11-11,65,18950
H135,2026-11-12,54,19200
H135,2026-11-13,28,21350
H135,2026-11-14,26,21400
H135,2026-11-15,46,19350
H135,2026-11-16,57,19150
H135,2026-11-17,63,19000
H135,2026-11-18,54,19200
H135,2026-11-19,39,19500
H135,2026-11-20,36,21150
H135,2026-11-21,21,21500
H135,2026-11-22,50,19250
H135,2026-11-23,44,19400
H135,2026-11-24,46,19350
H135,2026-11-25,54,19200
H135,2026-11-26,65,18950
H135,2026-11-27,50,20850
H135,2026-11-28,32,21250
H135,2026-11-29,42,19450
H135,2026-11-30,40,19500
H135,2026-12-01,91,15200
H135,2026-12-02,88,15250
H135,2026-12-03,75,15550
H135,2026-12-04,73,17200
H135,2026-12-05,75,17150
H135,2026-12-06,71,15650
H135,2026-12-07,81,15400
H135,2026-12-08,88,15250
H135,2026-12-09,95,15100
H135,2026-12-10,68,15700
H135,2026-12-11,66,17350
H135,2026-12-12,69,17250
H135,2026-12-13,71,15650
H135,2026-12-14,71,15650
H135,2026-12-15,89,15250
H135,2026-12-16,94,15150
H135,2026-12-17,98,15050
H135,2026-12-18,81,17000
H135,2026-12-19,83,16950
H135,2026-12-20,71,18500
H135,2026-12-21,67,18600
H135,2026-12-22,67,18600
H135,2026-12-23,69,18550
H135,2026-12-24,65,18600
H135,2026-12-25,48,20600
H135,2026-12-26,37,20800
H135,2026-12-27,44,19050
H135,2026-12-28,52,18900
H135,2026-12-29,62,18700
H135,2026-12-30,67,18600
H135,2026-12-31,59,18750
H135,2027-01-01,25,21050
H135,2027-01-02,54,20450
H135,2027-01-03,93,15150
H135,2027-01-04,78,15500
H135,2027-01-05,77,15500
H135,2027-01-06,73,15600
H135,2027-01-07,84,15350
H135,2027-01-08,64,17400
H135,2027-01-09,62,17400
H135,2027-01-10,71,15650
H135,2027-01-11,92,15200
H135,2027-01-12,85,15350
H135,2027-01-13,81,15400
H135,2027-01-14,97,15050
H135,2027-01-15,74,17150
H135,2027-01-16,80,17050
H135,2027-01-17,74,15550
H135,2027-01-18,79,15450
H135,2027-01-19,97,15100
H135,2027-01-20,70,15650
H135,2027-01-21,88,15250
H135,2027-01-22,85,16950
H135,2027-01-23,76,17150
H135,2027-01-24,73,15600
H135,2027-01-25,79,15450
H135,2027-01-26,80,15450
H135,2027-01-27,89,15250
H135,2027-01-28,83,15350
H135,2027-01-29,78,17100
H135,2027-01-30,76,17150
H135,2027-01-31,94,15150
H135,2027-02-01,91,15200
H135,2027-02-02,76,15550
H135,2027-02-03,73,15600
H135,2027-02-04,82,15400
H135,2027-02-05,82,17000
H135,2027-02-06,82,17000
H135,2027-02-07,72,15600
H135,2027-02-08,96,15100
H135,2027-02-09,96,15100
H135,2027-02-10,76,15500
H135,2027-02-11,71,15650
H135,2027-02-12,56,17550
H135,2027-02-13,63,17400
H135,2027-02-14,98,15050
H135,2027-02-15,77,15500
H135,2027-02-16,87,15300
H135,2027-02-17,99,15050
H135,2027-02-18,74,15600
H135,2027-02-19,53,17600
H135,2027-02-20,76,17100
H135,2027-02-21,91,15200
H135,2027-02-22,78,15500
H135,2027-02-23,79,15450
H135,2027-02-24,70,15650
H135,2027-02-25,71,15650
H135,2027-02-26,65,17350
H135,2027-02-27,59,17500
H135,2027-02-28,96,15100
H135,2027-03-01,66,18950
H135,2027-03-02,49,19300
H135,2027-03-03,52,19200
H135,2027-03-04,53,19200
H135,2027-03-05,41,21050
H135,2027-03-06,31,21300
H135,2027-03-07,36,19600
H135,2027-03-08,54,19200
H135,2027-03-09,51,19250
H135,2027-03-10,38,19550
H135,2027-03-11,68,18900
H135,2027-03-12,47,20900
H135,2027-03-13,42,21050
H135,2027-03-14,61,19050
H135,2027-03-15,54,19200
H135,2027-03-16,65,18950
H135,2027-03-17,41,19450
H135,2027-03-18,65,18950
H135,2027-03-19,24,21400
H135,2027-03-20,42,21050
H135,2027-03-21,55,19150
H135,2027-03-22,54,19200
H135,2027-03-23,62,19000
H135,2027-03-24,57,19150
H135,2027-03-25,40,19500
H135,2027-03-26,22,21450
H135,2027-03-27,38,21100
H135,2027-03-28,61,19050
H135,2027-03-29,64,18950
H135,2027-03-30,58,19100
H135,2027-03-31,62,19000
H136,2026-10-01,7,1750
H136,2026-10-02,8,1950
H136,2026-10-03,8,1950
H136,2026-10-04,9,1750
H136,2026-10-05,10,1700
H136,2026-10-06,7,1800
H136,2026-10-07,8,1750
H136,2026-10-08,10,1700
H136,2026-10-09,7,1950
H136,2026-10-10,7,1950
H136,2026-10-11,10,1700
H136,2026-10-12,7,1750
H136,2026-10-13,10,1700
H136,2026-10-14,10,1700
H136,2026-10-15,9,1750
H136,2026-10-16,7,1950
H136,2026-10-17,8,1900
H136,2026-10-18,7,1750
H136,2026-10-19,9,1700
H136,2026-10-20,10,1700
H136,2026-10-21,8,1750
H136,2026-10-22,7,1750
H136,2026-10-23,8,1950
H136,2026-10-24,8,1900
H136,2026-10-25,9,1750
H136,2026-10-26,9,1750
H136,2026-10-27,10,1700
H136,2026-10-28,9,1750
H136,2026-10-29,9,1750
H136,2026-10-30,7,1950
H136,2026-10-31,5,2000
H136,2026-11-01,5,2200
H136,2026-11-02,4,2200
H136,2026-11-03,4,2200
H136,2026-11-04,7,2150
H136,2026-11-05,4,2200
H136,2026-11-06,0,2800
H136,2026-11-07,0,2800
H136,2026-11-08,3,2550
H136,2026-11-09,4,2550
H136,2026-11-10,4,2550
H136,2026-11-11,5,2200
H136,2026-11-12,6,2150
H136,2026-11-13,4,2400
H136,2026-11-14,3,2400
H136,2026-11-15,5,2200
H136,2026-11-16,4,2200
H136,2026-11-17,4,2200
H136,2026-11-18,4,2200
H136,2026-11-19,6,2150
H136,2026-11-20,5,2350
H136,2026-11-21,4,2400
H136,2026-11-22,6,2150
H136,2026-11-23,4,2200
H136,2026-11-24,5,2200
H136,2026-11-25,6,2150
H136,2026-11-26,5,2150
H136,2026-11-27,4,2400
H136,2026-11-28,2,2450
H136,2026-11-29,6,2150
H136,2026-11-30,4,2200
H136,2026-12-01,4,2200
H136,2026-12-02,4,2200
H136,2026-12-03,4,2200
H136,2026-12-04,5,2350
H136,2026-12-05,4,2400
H136,2026-12-06,7,2150
H136,2026-12-07,4,2200
H136,2026-12-08,6,2150
H136,2026-12-09,5,2200
H136,2026-12-10,6,2150
H136,2026-12-11,4,2400
H136,2026-12-12,2,2450
H136,2026-12-13,5,2200
H136,2026-12-14,4,2200
H136,2026-12-15,4,2200
H136,2026-12-16,4,2200
H136,2026-12-17,5,2200
H136,2026-12-18,3,2400
H136,2026-12-19,3,2400
H136,2026-12-20,1,2600
H136,2026-12-21,2,2600
H136,2026-12-22,4,2550
H136,2026-12-23,1,2600
H136,2026-12-24,2,2600
H136,2026-12-25,2,2750
H136,2026-12-26,0,2800
H136,2026-12-27,4,2550
H136,2026-12-28,1,2600
H136,2026-12-29,1,2600
H136,2026-12-30,2,2550
H136,2026-12-31,4,2550
H136,2027-01-01,0,2800
H136,2027-01-02,0,2800
H136,2027-01-03,6,2150
H136,2027-01-04,4,2200
H136,2027-01-05,6,2150
H136,2027-01-06,6,2150
H136,2027-01-07,6,2150
H136,2027-01-08,3,2400
H136,2027-01-09,3,2400
H136,2027-01-10,4,2200
H136,2027-01-11,5,2150
H136,2027-01-12,4,2200
H136,2027-01-13,5,2200
H136,2027-01-14,6,2150
H136,2027-01-15,5,2350
H136,2027-01-16,4,2400
H136,2027-01-17,5,2200
H136,2027-01-18,6,2150
H136,2027-01-19,5,2150
H136,2027-01-20,4,2200
H136,2027-01-21,6,2150
H136,2027-01-22,4,2400
H136,2027-01-23,2,2450
H136,2027-01-24,6,2150
H136,2027-01-25,7,2150
H136,2027-01-26,4,2200
H136,2027-01-27,4,2200
H136,2027-01-28,4,2200
H136,2027-01-29,5,2350
H136,2027-01-30,4,2400
H136,2027-01-31,4,2200
H136,2027-02-01,6,2150
H136,2027-02-02,5,2200
H136,2027-02-03,4,2200
H136,2027-02-04,6,2150
H136,2027-02-05,5,2350
H136,2027-02-06,5,2400
H136,2027-02-07,7,2150
H136,2027-02-08,5,2200
H136,2027-02-09,5,2200
H136,2027-02-10,5,2200
H136,2027-02-11,6,2150
H136,2027-02-12,5,2350
H136,2027-02-13,4,2400
H136,2027-02-14,4,2200
H136,2027-02-15,5,2200
H136,2027-02-16,4,2200
H136,2027-02-17,5,2200
H136,2027-02-18,4,2200
H136,2027-02-19,4,2400
H136,2027-02-20,2,2450
H136,2027-02-21,5,2200
H136,2027-02-22,5,2200
H136,2027-02-23,6,2150
H136,2027-02-24,6,2150
H136,2027-02-25,5,2200
H136,2027-02-26,5,2350
H136,2027-02-27,3,2400
H136,2027-02-28,4,2200
H136,2027-03-01,4,2200
H136,2027-03-02,6,2150
H136,2027-03-03,7,2150
H136,2027-03-04,4,2200
H136,2027-03-05,3,2400
H136,2027-03-06,5,2350
H136,2027-03-07,4,2200
H136,2027-03-08,6,2150
H136,2027-03-09,4,2200
H136,2027-03-10,5,2200
H136,2027-03-11,5,2200
H136,2027-03-12,3,2400
H136,2027-03-13,4,2400
H136,2027-03-14,5,2200
H136,2027-03-15,6,2150
H136,2027-03-16,6,2150
H136,2027-03-17,6,2150
H136,2027-03-18,5,2200
H136,2027-03-19,4,2400
H136,2027-03-20,5,2350
H136,2027-03-21,4,2200
H136,2027-03-22,6,2150
H136,2027-03-23,6,2150
H136,2027-03-24,6,2150
H136,2027-03-25,5,2150
H136,2027-03-26,3,2400
H136,2027-03-27,3,2400
H136,2027-03-28,4,2200
H136,2027-03-29,6,2150
H136,2027-03-30,4,2200
H136,2027-03-31,7,2150
H137,2026-10-01,15,1350
H137,2026-10-02,10,1550
H137,2026-10-03,12,1550
H137,2026-10-04,17,1350
H137,2026-10-05,18,1350
H137,2026-10-06,17,1350
H137,2026-10-07,15,1350
H137,2026-10-08,15,1350
H137,2026-10-09,12,1500
H137,2026-10-10,12,1550
H137,2026-10-11,18,1350
H137,2026-10-12,15,1350
H137,2026-10-13,13,1350
H137,2026-10-14,13,1400
H137,2026-10-15,16,1350
H137,2026-10-16,13,1500
H137,2026-10-17,13,1500
H137,2026-10-18,14,1350
H137,2026-10-19,15,1350
H137,2026-10-20,18,1350
H137,2026-10-21,13,1350
H137,2026-10-22,13,1400
H137,2026-10-23,14,1500
H137,2026-10-24,12,1550
H137,2026-10-25,16,1350
H137,2026-10-26,17,1350
H137,2026-10-27,13,1350
H137,2026-10-28,14,1350
H137,2026-10-29,16,1350
H137,2026-10-30,14,1500
H137,2026-10-31,14,1500
H137,2026-11-01,12,1650
H137,2026-11-02,11,1700
H137,2026-11-03,10,1700
H137,2026-11-04,7,1700
H137,2026-11-05,11,1700
H137,2026-11-06,4,2150
H137,2026-11-07,2,2150
H137,2026-11-08,1,2050
H137,2026-11-09,6,2000
H137,2026-11-10,2,2050
H137,2026-11-11,7,1700
H137,2026-11-12,11,1650
H137,2026-11-13,8,1850
H137,2026-11-14,6,1850
H137,2026-11-15,7,1700
H137,2026-11-16,7,1700
H137,2026-11-17,12,1650
H137,2026-11-18,10,1700
H137,2026-11-19,12,1650
H137,2026-11-20,6,1850
H137,2026-11-21,6,1850
H137,2026-11-22,8,1700
H137,2026-11-23,11,1700
H137,2026-11-24,8,1700
H137,2026-11-25,12,1650
H137,2026-11-26,8,1700
H137,2026-11-27,8,1850
H137,2026-11-28,8,1850
H137,2026-11-29,8,1700
H137,2026-11-30,11,1700
H137,2026-12-01,8,1700
H137,2026-12-02,12,1650
H137,2026-12-03,11,1700
H137,2026-12-04,4,1900
H137,2026-12-05,7,1850
H137,2026-12-06,10,1700
H137,2026-12-07,7,1700
H137,2026-12-08,8,1700
H137,2026-12-09,7,1700
H137,2026-12-10,12,1650
H137,2026-12-11,6,1850
H137,2026-12-12,5,1900
H137,2026-12-13,10,1700
H137,2026-12-14,8,1700
H137,2026-12-15,9,1700
H137,2026-12-16,8,1700
H137,2026-12-17,11,1700
H137,2026-12-18,6,1850
H137,2026-12-19,9,1850
H137,2026-12-20,5,2000
H137,2026-12-21,1,2050
H137,2026-12-22,7,1950
H137,2026-12-23,5,2000
H137,2026-12-24,6,2000
H137,2026-12-25,1,2200
H137,2026-12-26,1,2200
H137,2026-12-27,1,2050
H137,2026-12-28,2,2000
H137,2026-12-29,2,2000
H137,2026-12-30,2,2000
H137,2026-12-31,4,2000
H137,2027-01-01,1,2200
H137,2027-01-02,4,2150
H137,2027-01-03,10,1700
H137,2027-01-04,12,1650
H137,2027-01-05,11,1650
H137,2027-01-06,9,1700
H137,2027-01-07,12,1650
H137,2027-01-08,8,1850
H137,2027-01-09,6,1850
H137,2027-01-10,10,1700
H137,2027-01-11,8,1700
H137,2027-01-12,10,1700
H137,2027-01-13,12,1650
H137,2027-01-14,12,1650
H137,2027-01-15,8,1850
H137,2027-01-16,6,1850
H137,2027-01-17,10,1700
H137,2027-01-18,7,1700
H137,2027-01-19,12,1650
H137,2027-01-20,9,1700
H137,2027-01-21,7,1700
H137,2027-01-22,7,1850
H137,2027-01-23,9,1850
H137,2027-01-24,10,1700
H137,2027-01-25,8,1700
H137,2027-01-26,9,1700
H137,2027-01-27,12,1650
H137,2027-01-28,8,1700
H137,2027-01-29,10,1850
H137,2027-01-30,10,1850
H137,2027-01-31,10,1700
H137,2027-02-01,10,1700
H137,2027-02-02,8,1700
H137,2027-02-03,12,1650
H137,2027-02-04,7,1700
H137,2027-02-05,9,1850
H137,2027-02-06,10,1850
H137,2027-02-07,11,1700
H137,2027-02-08,10,1700
H137,2027-02-09,12,1650
H137,2027-02-10,8,1700
H137,2027-02-11,8,1700
H137,2027-02-12,8,1850
H137,2027-02-13,6,1850
H137,2027-02-14,8,1700
H137,2027-02-15,12,1650
H137,2027-02-16,10,1700
H137,2027-02-17,10,1700
H137,2027-02-18,9,1700
H137,2027-02-19,4,1900
H137,2027-02-20,4,1900
H137,2027-02-21,11,1700
H137,2027-02-22,7,1700
H137,2027-02-23,10,1700
H137,2027-02-24,12,1650
H137,2027-02-25,12,1650
H137,2027-02-26,4,1900
H137,2027-02-27,7,1850
H137,2027-02-28,10,1700
H137,2027-03-01,7,1700
H137,2027-03-02,9,1700
H137,2027-03-03,10,1700
H137,2027-03-04,9,1700
H137,2027-03-05,5,1900
H137,2027-03-06,10,1850
H137,2027-03-07,9,1700
H137,2027-03-08,12,1650
H137,2027-03-09,9,1700
H137,2027-03-10,11,1650
H137,2027-03-11,10,1700
H137,2027-03-12,9,1850
H137,2027-03-13,7,1850
H137,2027-03-14,9,1700
H137,2027-03-15,8,1700
H137,2027-03-16,11,1700
H137,2027-03-17,9,1700
H137,2027-03-18,11,1700
H137,2027-03-19,7,1850
H137,2027-03-20,4,1900
H137,2027-03-21,8,1700
H137,2027-03-22,9,1700
H137,2027-03-23,10,1700
H137,2027-03-24,11,1650
H137,2027-03-25,10,1700
H137,2027-03-26,8,1850
H137,2027-03-27,5,1900
H137,2027-03-28,8,1700
H137,2027-03-29,8,1700
H137,2027-03-30,9,1700
H137,2027-03-31,11,1700
H138,2026-10-01,16,1350
H138,2026-10-02,13,1500
H138,2026-10-03,10,1550
H138,2026-10-04,14,1350
H138,2026-10-05,15,1350
H138,2026-10-06,13,1350
H138,2026-10-07,12,1350
H138,2026-10-08,13,1350
H138,2026-10-09,11,1500
H138,2026-10-10,14,1500
H138,2026-10-11,14,1350
H138,2026-10-12,15,1350
H138,2026-10-13,17,1300
H138,2026-10-14,12,1400
H138,2026-10-15,14,1350
H138,2026-10-16,12,1500
H138,2026-10-17,12,1500
H138,2026-10-18,14,1350
H138,2026-10-19,14,1350
H138,2026-10-20,12,1350
H138,2026-10-21,13,1350
H138,2026-10-22,15,1350
H138,2026-10-23,10,1550
H138,2026-10-24,10,1550
H138,2026-10-25,17,1300
H138,2026-10-26,13,1350
H138,2026-10-27,12,1350
H138,2026-10-28,15,1350
H138,2026-10-29,13,1350
H138,2026-10-30,12,1500
H138,2026-10-31,11,1550
H138,2026-11-01,7,1700
H138,2026-11-02,9,1700
H138,2026-11-03,8,1700
H138,2026-11-04,11,1650
H138,2026-11-05,9,1700
H138,2026-11-06,4,2150
H138,2026-11-07,1,2150
H138,2026-11-08,3,2000
H138,2026-11-09,6,2000
H138,2026-11-10,5,2000
H138,2026-11-11,9,1700
H138,2026-11-12,10,1700
H138,2026-11-13,6,1850
H138,2026-11-14,4,1900
H138,2026-11-15,11,1650
H138,2026-11-16,8,1700
H138,2026-11-17,8,1700
H138,2026-11-18,10,1700
H138,2026-11-19,11,1650
H138,2026-11-20,7,1850
H138,2026-11-21,4,1900
H138,2026-11-22,9,1700
H138,2026-11-23,8,1700
H138,2026-11-24,9,1700
H138,2026-11-25,11,1650
H138,2026-11-26,10,1700
H138,2026-11-27,9,1850
H138,2026-11-28,6,1850
H138,2026-11-29,11,1650
H138,2026-11-30,10,1700
H138,2026-12-01,6,1700
H138,2026-12-02,8,1700
H138,2026-12-03,9,1700
H138,2026-12-04,5,1900
H138,2026-12-05,8,1850
H138,2026-12-06,9,1700
H138,2026-12-07,7,1700
H138,2026-12-08,10,1700
H138,2026-12-09,7,1700
H138,2026-12-10,9,1700
H138,2026-12-11,7,1850
H138,2026-12-12,6,1850
H138,2026-12-13,10,1700
H138,2026-12-14,8,1700
H138,2026-12-15,10,1700
H138,2026-12-16,9,1700
H138,2026-12-17,8,1700
H138,2026-12-18,4,1900
H138,2026-12-19,4,1900
H138,2026-12-20,3,2000
H138,2026-12-21,1,2050
H138,2026-12-22,1,2050
H138,2026-12-23,5,2000
H138,2026-12-24,6,2000
H138,2026-12-25,1,2200
H138,2026-12-26,4,2150
H138,2026-12-27,5,2000
H138,2026-12-28,6,2000
H138,2026-12-29,6,2000
H138,2026-12-30,4,2000
H138,2026-12-31,4,2000
H138,2027-01-01,1,2150
H138,2027-01-02,1,2150
H138,2027-01-03,7,1700
H138,2027-01-04,7,1700
H138,2027-01-05,8,1700
H138,2027-01-06,11,1650
H138,2027-01-07,7,1700
H138,2027-01-08,7,1850
H138,2027-01-09,7,1850
H138,2027-01-10,7,1700
H138,2027-01-11,10,1650
H138,2027-01-12,8,1700
H138,2027-01-13,10,1700
H138,2027-01-14,10,1700
H138,2027-01-15,8,1850
H138,2027-01-16,9,1850
H138,2027-01-17,11,1650
H138,2027-01-18,8,1700
H138,2027-01-19,9,1700
H138,2027-01-20,10,1700
H138,2027-01-21,8,1700
H138,2027-01-22,9,1850
H138,2027-01-23,4,1900
H138,2027-01-24,8,1700
H138,2027-01-25,9,1700
H138,2027-01-26,7,1700
H138,2027-01-27,10,1700
H138,2027-01-28,8,1700
H138,2027-01-29,7,1850
H138,2027-01-30,8,1850
H138,2027-01-31,11,1650
H138,2027-02-01,6,1700
H138,2027-02-02,11,1650
H138,2027-02-03,7,1700
H138,2027-02-04,11,1650
H138,2027-02-05,9,1850
H138,2027-02-06,5,1900
H138,2027-02-07,11,1650
H138,2027-02-08,9,1700
H138,2027-02-09,8,1700
H138,2027-02-10,9,1700
H138,2027-02-11,9,1700
H138,2027-02-12,4,1900
H138,2027-02-13,9,1850
H138,2027-02-14,10,1700
H138,2027-02-15,11,1650
H138,2027-02-16,7,1700
H138,2027-02-17,8,1700
H138,2027-02-18,11,1650
H138,2027-02-19,5,1900
H138,2027-02-20,8,1850
H138,2027-02-21,10,1700
H138,2027-02-22,10,1700
H138,2027-02-23,10,1700
H138,2027-02-24,10,1700
H138,2027-02-25,9,1700
H138,2027-02-26,8,1850
H138,2027-02-27,7,1850
H138,2027-02-28,11,1650
H138,2027-03-01,9,1700
H138,2027-03-02,10,1650
H138,2027-03-03,10,1700
H138,2027-03-04,10,1700
H138,2027-03-05,6,1850
H138,2027-03-06,4,1900
H138,2027-03-07,8,1700
H138,2027-03-08,8,1700
H138,2027-03-09,10,1700
H138,2027-03-10,11,1650
H138,2027-03-11,6,1700
H138,2027-03-12,5,1850
H138,2027-03-13,6,1850
H138,2027-03-14,8,1700
H138,2027-03-15,6,1700
H138,2027-03-16,7,1700
H138,2027-03-17,11,1650
H138,2027-03-18,6,1700
H138,2027-03-19,9,1850
H138,2027-03-20,4,1900
H138,2027-03-21,7,1700
H138,2027-03-22,7,1700
H138,2027-03-23,10,1700
H138,2027-03-24,10,1700
H138,2027-03-25,7,1700
H138,2027-03-26,7,1850
H138,2027-03-27,9,1850
H138,2027-03-28,8,1700
H138,2027-03-29,10,1700
H138,2027-03-30,8,1700
H138,2027-03-31,11,1650
H139,2026-10-01,43,3500
H139,2026-10-02,38,3900
H139,2026-10-03,33,3950
H139,2026-10-04,45,3500
H139,2026-10-05,45,3500
H139,2026-10-06,39,3550
H139,2026-10-07,38,3550
H139,2026-10-08,53,3400
H139,2026-10-09,31,3950
H139,2026-10-10,44,3850
H139,2026-10-11,38,3550
H139,2026-10-12,42,3500
H139,2026-10-13,54,3400
H139,2026-10-14,50,3450
H139,2026-10-15,37,3550
H139,2026-10-16,40,3900
H139,2026-10-17,43,3850
H139,2026-10-18,43,3500
H139,2026-10-19,53,3400
H139,2026-10-20,50,3450
H139,2026-10-21,46,3450
H139,2026-10-22,45,3500
H139,2026-10-23,41,3900
H139,2026-10-24,31,3950
H139,2026-10-25,40,3550
H139,2026-10-26,51,3450
H139,2026-10-27,53,3400
H139,2026-10-28,49,3450
H139,2026-10-29,44,3500
H139,2026-10-30,37,3900
H139,2026-10-31,30,4000
H139,2026-11-01,24,4400
H139,2026-11-02,30,4350
H139,2026-11-03,36,4300
H139,2026-11-04,20,4450
H139,2026-11-05,20,4450
H139,2026-11-06,6,5550
H139,2026-11-07,3,5600
H139,2026-11-08,20,5100
H139,2026-11-09,5,5200
H139,2026-11-10,12,5150
H139,2026-11-11,33,4300
H139,2026-11-12,28,4350
H139,2026-11-13,15,4850
H139,2026-11-14,13,4850
H139,2026-11-15,22,4400
H139,2026-11-16,32,4300
H139,2026-11-17,20,4450
H139,2026-11-18,27,4350
H139,2026-11-19,34,4300
H139,2026-11-20,27,4750
H139,2026-11-21,20,4800
H139,2026-11-22,30,4350
H139,2026-11-23,36,4300
H139,2026-11-24,36,4300
H139,2026-11-25,35,4300
H139,2026-11-26,28,4350
H139,2026-11-27,12,4850
H139,2026-11-28,28,4700
H139,2026-11-29,27,4350
H139,2026-11-30,23,4400
H139,2026-12-01,23,4400
H139,2026-12-02,36,4300
H139,2026-12-03,21,4400
H139,2026-12-04,13,4850
H139,2026-12-05,22,4750
H139,2026-12-06,22,4400
H139,2026-12-07,30,4350
H139,2026-12-08,36,4300
H139,2026-12-09,29,4350
H139,2026-12-10,29,4350
H139,2026-12-11,12,4850
H139,2026-12-12,20,4800
H139,2026-12-13,37,4300
H139,2026-12-14,32,4300
H139,2026-12-15,31,4350
H139,2026-12-16,31,4350
H139,2026-12-17,32,4300
H139,2026-12-18,14,4850
H139,2026-12-19,20,4800
H139,2026-12-20,14,5150
H139,2026-12-21,10,5150
H139,2026-12-22,14,5150
H139,2026-12-23,16,5100
H139,2026-12-24,20,5100
H139,2026-12-25,2,5600
H139,2026-12-26,3,5600
H139,2026-12-27,6,5200
H139,2026-12-28,10,5150
H139,2026-12-29,8,5200
H139,2026-12-30,17,5100
H139,2026-12-31,9,5200
H139,2027-01-01,2,5600
H139,2027-01-02,2,5600
H139,2027-01-03,30,4350
H139,2027-01-04,22,4400
H139,2027-01-05,34,4300
H139,2027-01-06,19,4450
H139,2027-01-07,22,4400
H139,2027-01-08,17,4800
H139,2027-01-09,13,4850
H139,2027-01-10,23,4400
H139,2027-01-11,20,4400
H139,2027-01-12,34,4300
H139,2027-01-13,33,4300
H139,2027-01-14,23,4400
H139,2027-01-15,18,4800
H139,2027-01-16,25,4750
H139,2027-01-17,28,4350
H139,2027-01-18,35,4300
H139,2027-01-19,23,4400
H139,2027-01-20,28,4350
H139,2027-01-21,30,4350
H139,2027-01-22,23,4750
H139,2027-01-23,17,4800
H139,2027-01-24,22,4400
H139,2027-01-25,25,4400
H139,2027-01-26,32,4300
H139,2027-01-27,32,4300
H139,2027-01-28,23,4400
H139,2027-01-29,21,4800
H139,2027-01-30,23,4750
H139,2027-01-31,31,4350
H139,2027-02-01,30,4350
H139,2027-02-02,31,4350
H139,2027-02-03,22,4400
H139,2027-02-04,25,4400
H139,2027-02-05,23,4750
H139,2027-02-06,28,4700
H139,2027-02-07,23,4400
H139,2027-02-08,26,4350
H139,2027-02-09,33,4300
H139,2027-02-10,36,4300
H139,2027-02-11,30,4350
H139,2027-02-12,25,4750
H139,2027-02-13,18,4800
H139,2027-02-14,22,4400
H139,2027-02-15,25,4400
H139,2027-02-16,33,4300
H139,2027-02-17,21,4400
H139,2027-02-18,37,4300
H139,2027-02-19,25,4750
H139,2027-02-20,24,4750
H139,2027-02-21,27,4350
H139,2027-02-22,26,4400
H139,2027-02-23,29,4350
H139,2027-02-24,33,4300
H139,2027-02-25,29,4350
H139,2027-02-26,24,4750
H139,2027-02-27,14,4850
H139,2027-02-28,19,4450
H139,2027-03-01,36,4300
H139,2027-03-02,30,4350
H139,2027-03-03,25,4400
H139,2027-03-04,23,4400
H139,2027-03-05,21,4800
H139,2027-03-06,20,4800
H139,2027-03-07,21,4400
H139,2027-03-08,26,4350
H139,2027-03-09,25,4400
H139,2027-03-10,36,4300
H139,2027-03-11,24,4400
H139,2027-03-12,11,4850
H139,2027-03-13,20,4800
H139,2027-03-14,23,4400
H139,2027-03-15,24,4400
H139,2027-03-16,33,4300
H139,2027-03-17,33,4300
H139,2027-03-18,30,4350
H139,2027-03-19,13,4850
H139,2027-03-20,20,4800
H139,2027-03-21,20,4400
H139,2027-03-22,27,4350
H139,2027-03-23,23,4400
H139,2027-03-24,34,4300
H139,2027-03-25,25,4400
H139,2027-03-26,26,4750
H139,2027-03-27,27,4700
H139,2027-03-28,34,4300
H139,2027-03-29,29,4350
H139,2027-03-30,30,4350
H139,2027-03-31,36,4300
H140,2026-10-01,30,2300
H140,2026-10-02,27,2550
H140,2026-10-03,19,2650
H140,2026-10-04,23,2350
H140,2026-10-05,22,2350
H140,2026-10-06,32,2250
H140,2026-10-07,25,2350
H140,2026-10-08,27,2350
H140,2026-10-09,25,2600
H140,2026-10-10,24,2600
H140,2026-10-11,26,2350
H140,2026-10-12,22,2350
H140,2026-10-13,23,2350
H140,2026-10-14,25,2350
H140,2026-10-15,29,2300
H140,2026-10-16,22,2600
H140,2026-10-17,20,2650
H140,2026-10-18,27,2300
H140,2026-10-19,30,2300
H140,2026-10-20,31,2300
H140,2026-10-21,30,2300
H140,2026-10-22,30,2300
H140,2026-10-23,19,2650
H140,2026-10-24,20,2650
H140,2026-10-25,31,2300
H140,2026-10-26,31,2300
H140,2026-10-27,32,2250
H140,2026-10-28,25,2350
H140,2026-10-29,25,2350
H140,2026-10-30,20,2650
H140,2026-10-31,26,2550
H140,2026-11-01,22,2850
H140,2026-11-02,22,2850
H140,2026-11-03,17,2900
H140,2026-11-04,12,2950
H140,2026-11-05,20,2900
H140,2026-11-06,5,3700
H140,2026-11-07,5,3700
H140,2026-11-08,2,3500
H140,2026-11-09,11,3400
H140,2026-11-10,4,3450
H140,2026-11-11,17,2900
H140,2026-11-12,13,2950
H140,2026-11-13,17,3150
H140,2026-11-14,9,3250
H140,2026-11-15,19,2900
H140,2026-11-16,18,2900
H140,2026-11-17,18,2900
H140,2026-11-18,16,2900
H140,2026-11-19,16,2900
H140,2026-11-20,7,3250
H140,2026-11-21,8,3250
H140,2026-11-22,15,2900
H140,2026-11-23,16,2900
H140,2026-11-24,14,2950
H140,2026-11-25,14,2950
H140,2026-11-26,21,2850
H140,2026-11-27,7,3250
H140,2026-11-28,7,3250
H140,2026-11-29,15,2900
H140,2026-11-30,21,2850
H140,2026-12-01,15,2900
H140,2026-12-02,19,2900
H140,2026-12-03,14,2950
H140,2026-12-04,17,3150
H140,2026-12-05,11,3200
H140,2026-12-06,19,2900
H140,2026-12-07,15,2900
H140,2026-12-08,22,2850
H140,2026-12-09,17,2900
H140,2026-12-10,18,2900
H140,2026-12-11,14,3150
H140,2026-12-12,10,3200
H140,2026-12-13,17,2900
H140,2026-12-14,19,2900
H140,2026-12-15,16,2900
H140,2026-12-16,13,2950
H140,2026-12-17,20,2850
H140,2026-12-18,16,3150
H140,2026-12-19,13,3200
H140,2026-12-20,7,3450
H140,2026-12-21,6,3450
H140,2026-12-22,8,3400
H140,2026-12-23,7,3450
H140,2026-12-24,4,3450
H140,2026-12-25,2,3700
H140,2026-12-26,1,3750
H140,2026-12-27,11,3400
H140,2026-12-28,10,3400
H140,2026-12-29,3,3450
H140,2026-12-30,5,3450
H140,2026-12-31,5,3450
H140,2027-01-01,1,3750
H140,2027-01-02,7,3650
H140,2027-01-03,12,2950
H140,2027-01-04,13,2950
H140,2027-01-05,17,2900
H140,2027-01-06,20,2850
H140,2027-01-07,14,2950
H140,2027-01-08,13,3200
H140,2027-01-09,7,3250
H140,2027-01-10,13,2950
H140,2027-01-11,15,2900
H140,2027-01-12,18,2900
H140,2027-01-13,16,2900
H140,2027-01-14,14,2950
H140,2027-01-15,11,3200
H140,2027-01-16,11,3200
H140,2027-01-17,17,2900
H140,2027-01-18,15,2900
H140,2027-01-19,12,2950
H140,2027-01-20,14,2950
H140,2027-01-21,20,2850
H140,2027-01-22,11,3200
H140,2027-01-23,15,3150
H140,2027-01-24,16,2900
H140,2027-01-25,20,2900
H140,2027-01-26,14,2950
H140,2027-01-27,19,2900
H140,2027-01-28,12,2950
H140,2027-01-29,14,3150
H140,2027-01-30,13,3200
H140,2027-01-31,18,2900
H140,2027-02-01,13,2950
H140,2027-02-02,20,2850
H140,2027-02-03,20,2850
H140,2027-02-04,12,2950
H140,2027-02-05,14,3150
H140,2027-02-06,11,3200
H140,2027-02-07,13,2950
H140,2027-02-08,19,2900
H140,2027-02-09,22,2850
H140,2027-02-10,20,2850
H140,2027-02-11,13,2950
H140,2027-02-12,9,3200
H140,2027-02-13,11,3200
H140,2027-02-14,17,2900
H140,2027-02-15,12,2950
H140,2027-02-16,19,2900
H140,2027-02-17,13,2950
H140,2027-02-18,12,2950
H140,2027-02-19,10,3200
H140,2027-02-20,8,3250
H140,2027-02-21,14,2950
H140,2027-02-22,15,2900
H140,2027-02-23,15,2900
H140,2027-02-24,15,2950
H140,2027-02-25,14,2950
H140,2027-02-26,12,3200
H140,2027-02-27,9,3200
H140,2027-02-28,14,2950
H140,2027-03-01,17,2900
H140,2027-03-02,20,2850
H140,2027-03-03,17,2900
H140,2027-03-04,16,2900
H140,2027-03-05,7,3250
H140,2027-03-06,13,3200
H140,2027-03-07,12,2950
H140,2027-03-08,18,2900
H140,2027-03-09,16,2900
H140,2027-03-10,20,2850
H140,2027-03-11,16,2900
H140,2027-03-12,16,3150
H140,2027-03-13,16,3150
H140,2027-03-14,22,2850
H140,2027-03-15,14,2950
H140,2027-03-16,13,2950
H140,2027-03-17,21,2850
H140,2027-03-18,16,2900
H140,2027-03-19,9,3200
H140,2027-03-20,8,3250
H140,2027-03-21,12,2950
H140,2027-03-22,18,2900
H140,2027-03-23,12,2950
H140,2027-03-24,14,2950
H140,2027-03-25,15,2950
H140,2027-03-26,14,3150
H140,2027-03-27,8,3250
H140,2027-03-28,18,2900
H140,2027-03-29,14,2950
H140,2027-03-30,20,2850
H140,2027-03-31,14,2950
H141,2026-10-01,56,3050
H141,2026-10-02,45,3450
H141,2026-10-03,44,3450
H141,2026-10-04,44,3150
H141,2026-10-05,60,3000
H141,2026-10-06,55,3050
H141,2026-10-07,49,3100
H141,2026-10-08,48,3100
H141,2026-10-09,35,3500
H141,2026-10-10,44,3450
H141,2026-10-11,48,3100
H141,2026-10-12,50,3100
H141,2026-10-13,43,3150
H141,2026-10-14,41,3150
H141,2026-10-15,57,3050
H141,2026-10-16,45,3450
H141,2026-10-17,46,3450
H141,2026-10-18,48,3100
H141,2026-10-19,52,3100
H141,2026-10-20,59,3050
H141,2026-10-21,52,3100
H141,2026-10-22,54,3050
H141,2026-10-23,51,3400
H141,2026-10-24,49,3400
H141,2026-10-25,51,3100
H141,2026-10-26,43,3150
H141,2026-10-27,46,3150
H141,2026-10-28,53,3100
H141,2026-10-29,44,3150
H141,2026-10-30,49,3450
H141,2026-10-31,47,3450
H141,2026-11-01,33,3850
H141,2026-11-02,37,3850
H141,2026-11-03,27,3900
H141,2026-11-04,38,3800
H141,2026-11-05,27,3900
H141,2026-11-06,13,4900
H141,2026-11-07,3,4950
H141,2026-11-08,8,4600
H141,2026-11-09,12,4600
H141,2026-11-10,17,4550
H141,2026-11-11,29,3900
H141,2026-11-12,35,3850
H141,2026-11-13,31,4200
H141,2026-11-14,25,4250
H141,2026-11-15,22,3950
H141,2026-11-16,39,3800
H141,2026-11-17,39,3800
H141,2026-11-18,35,3850
H141,2026-11-19,23,3950
H141,2026-11-20,18,4300
H141,2026-11-21,13,4300
H141,2026-11-22,26,3900
H141,2026-11-23,28,3900
H141,2026-11-24,39,3800
H141,2026-11-25,35,3850
H141,2026-11-26,30,3900
H141,2026-11-27,17,4300
H141,2026-11-28,15,4300
H141,2026-11-29,40,3800
H141,2026-11-30,33,3850
H141,2026-12-01,33,3850
H141,2026-12-02,41,3800
H141,2026-12-03,30,3900
H141,2026-12-04,28,4200
H141,2026-12-05,13,4300
H141,2026-12-06,22,3950
H141,2026-12-07,37,3850
H141,2026-12-08,25,3900
H141,2026-12-09,25,3900
H141,2026-12-10,22,3950
H141,2026-12-11,21,4250
H141,2026-12-12,16,4300
H141,2026-12-13,22,3950
H141,2026-12-14,30,3900
H141,2026-12-15,29,3900
H141,2026-12-16,23,3950
H141,2026-12-17,35,3850
H141,2026-12-18,14,4300
H141,2026-12-19,31,4200
H141,2026-12-20,9,4600
H141,2026-12-21,21,4500
H141,2026-12-22,4,4650
H141,2026-12-23,23,4500
H141,2026-12-24,14,4550
H141,2026-12-25,10,4900
H141,2026-12-26,3,4950
H141,2026-12-27,12,4600
H141,2026-12-28,5,4650
H141,2026-12-29,6,4650
H141,2026-12-30,21,4500
H141,2026-12-31,19,4550
H141,2027-01-01,3,4950
H141,2027-01-02,9,4950
H141,2027-01-03,29,3900
H141,2027-01-04,37,3850
H141,2027-01-05,37,3850
H141,2027-01-06,39,3800
H141,2027-01-07,40,3800
H141,2027-01-08,23,4250
H141,2027-01-09,20,4250
H141,2027-01-10,22,3950
H141,2027-01-11,32,3850
H141,2027-01-12,32,3850
H141,2027-01-13,38,3800
H141,2027-01-14,29,3900
H141,2027-01-15,19,4300
H141,2027-01-16,30,4200
H141,2027-01-17,22,3950
H141,2027-01-18,28,3900
H141,2027-01-19,34,3850
H141,2027-01-20,27,3900
H141,2027-01-21,40,3800
H141,2027-01-22,27,4200
H141,2027-01-23,15,4300
H141,2027-01-24,32,3850
H141,2027-01-25,39,3800
H141,2027-01-26,28,3900
H141,2027-01-27,37,3850
H141,2027-01-28,25,3900
H141,2027-01-29,27,4200
H141,2027-01-30,21,4250
H141,2027-01-31,30,3900
H141,2027-02-01,36,3850
H141,2027-02-02,39,3800
H141,2027-02-03,39,3800
H141,2027-02-04,26,3900
H141,2027-02-05,21,4250
H141,2027-02-06,18,4300
H141,2027-02-07,39,3800
H141,2027-02-08,35,3850
H141,2027-02-09,38,3800
H141,2027-02-10,27,3900
H141,2027-02-11,35,3850
H141,2027-02-12,19,4300
H141,2027-02-13,16,4300
H141,2027-02-14,28,3900
H141,2027-02-15,26,3900
H141,2027-02-16,29,3900
H141,2027-02-17,35,3850
H141,2027-02-18,23,3950
H141,2027-02-19,14,4300
H141,2027-02-20,24,4250
H141,2027-02-21,34,3850
H141,2027-02-22,25,3900
H141,2027-02-23,23,3950
H141,2027-02-24,34,3850
H141,2027-02-25,22,3950
H141,2027-02-26,13,4300
H141,2027-02-27,30,4200
H141,2027-02-28,39,3800
H141,2027-03-01,31,3850
H141,2027-03-02,31,3850
H141,2027-03-03,37,3850
H141,2027-03-04,26,3900
H141,2027-03-05,27,4250
H141,2027-03-06,30,4200
H141,2027-03-07,38,3800
H141,2027-03-08,25,3900
H141,2027-03-09,29,3900
H141,2027-03-10,29,3900
H141,2027-03-11,39,3800
H141,2027-03-12,14,4300
H141,2027-03-13,24,4250
H141,2027-03-14,37,3850
H141,2027-03-15,33,3850
H141,2027-03-16,29,3900
H141,2027-03-17,34,3850
H141,2027-03-18,29,3900
H141,2027-03-19,13,4300
H141,2027-03-20,20,4250
H141,2027-03-21,23,3950
H141,2027-03-22,31,3850
H141,2027-03-23,35,3850
H141,2027-03-24,30,3900
H141,2027-03-25,23,3950
H141,2027-03-26,22,4250
H141,2027-03-27,23,4250
H141,2027-03-28,39,3800
H141,2027-03-29,36,3850
H141,2027-03-30,35,3850
H141,2027-03-31,37,3850
H142,2026-10-01,50,3200
H142,2026-10-02,38,3650
H142,2026-10-03,29,3750
H142,2026-10-04,42,3300
H142,2026-10-05,43,3300
H142,2026-10-06,49,3250
H142,2026-10-07,42,3300
H142,2026-10-08,49,3250
H142,2026-10-09,43,3600
H142,2026-10-10,40,3650
H142,2026-10-11,45,3250
H142,2026-10-12,37,3350
H142,2026-10-13,42,3300
H142,2026-10-14,45,3250
H142,2026-10-15,38,3350
H142,2026-10-16,30,3750
H142,2026-10-17,32,3700
H142,2026-10-18,41,3300
H142,2026-10-19,51,3200
H142,2026-10-20,50,3200
H142,2026-10-21,47,3250
H142,2026-10-22,38,3350
H142,2026-10-23,31,3750
H142,2026-10-24,36,3700
H142,2026-10-25,44,3250
H142,2026-10-26,37,3350
H142,2026-10-27,39,3300
H142,2026-10-28,49,3250
H142,2026-10-29,43,3300
H142,2026-10-30,29,3750
H142,2026-10-31,37,3650
H142,2026-11-01,22,4150
H142,2026-11-02,33,4050
H142,2026-11-03,31,4050
H142,2026-11-04,24,4150
H142,2026-11-05,27,4100
H142,2026-11-06,6,5250
H142,2026-11-07,9,5200
H142,2026-11-08,8,4900
H142,2026-11-09,8,4900
H142,2026-11-10,18,4800
H142,2026-11-11,30,4100
H142,2026-11-12,30,4100
H142,2026-11-13,22,4500
H142,2026-11-14,13,4550
H142,2026-11-15,30,4100
H142,2026-11-16,20,4150
H142,2026-11-17,22,4150
H142,2026-11-18,24,4150
H142,2026-11-19,22,4150
H142,2026-11-20,24,4450
H142,2026-11-21,19,4500
H142,2026-11-22,30,4100
H142,2026-11-23,27,4100
H142,2026-11-24,24,4150
H142,2026-11-25,21,4150
H142,2026-11-26,33,4050
H142,2026-11-27,23,4500
H142,2026-11-28,12,4600
H142,2026-11-29,34,4050
H142,2026-11-30,23,4150
H142,2026-12-01,26,4100
H142,2026-12-02,31,4050
H142,2026-12-03,23,4150
H142,2026-12-04,26,4450
H142,2026-12-05,11,4600
H142,2026-12-06,30,4100
H142,2026-12-07,34,4050
H142,2026-12-08,30,4100
H142,2026-12-09,23,4150
H142,2026-12-10,34,4050
H142,2026-12-11,19,4500
H142,2026-12-12,22,4500
H142,2026-12-13,32,4050
H142,2026-12-14,28,4100
H142,2026-12-15,22,4150
H142,2026-12-16,32,4050
H142,2026-12-17,25,4100
H142,2026-12-18,22,4500
H142,2026-12-19,16,4550
H142,2026-12-20,17,4800
H142,2026-12-21,16,4800
H142,2026-12-22,5,4900
H142,2026-12-23,18,4800
H142,2026-12-24,5,4900
H142,2026-12-25,2,5300
H142,2026-12-26,3,5300
H142,2026-12-27,9,4900
H142,2026-12-28,7,4900
H142,2026-12-29,17,4800
H142,2026-12-30,11,4850
H142,2026-12-31,6,4900
H142,2027-01-01,8,5250
H142,2027-01-02,11,5200
H142,2027-01-03,23,4150
H142,2027-01-04,20,4150
H142,2027-01-05,24,4150
H142,2027-01-06,29,4100
H142,2027-01-07,25,4150
H142,2027-01-08,26,4450
H142,2027-01-09,11,4600
H142,2027-01-10,20,4150
H142,2027-01-11,25,4150
H142,2027-01-12,34,4050
H142,2027-01-13,21,4150
H142,2027-01-14,26,4100
H142,2027-01-15,20,4500
H142,2027-01-16,15,4550
H142,2027-01-17,19,4200
H142,2027-01-18,19,4200
H142,2027-01-19,18,4200
H142,2027-01-20,34,4050
H142,2027-01-21,30,4100
H142,2027-01-22,21,4500
H142,2027-01-23,27,4450
H142,2027-01-24,28,4100
H142,2027-01-25,19,4200
H142,2027-01-26,34,4050
H142,2027-01-27,33,4050
H142,2027-01-28,20,4150
H142,2027-01-29,22,4500
H142,2027-01-30,20,4500
H142,2027-01-31,28,4100
H142,2027-02-01,34,4050
H142,2027-02-02,29,4100
H142,2027-02-03,32,4050
H142,2027-02-04,29,4100
H142,2027-02-05,11,4600
H142,2027-02-06,20,4500
H142,2027-02-07,22,4150
H142,2027-02-08,21,4150
H142,2027-02-09,20,4150
H142,2027-02-10,27,4100
H142,2027-02-11,29,4100
H142,2027-02-12,21,4500
H142,2027-02-13,26,4450
H142,2027-02-14,25,4100
H142,2027-02-15,21,4150
H142,2027-02-16,25,4150
H142,2027-02-17,30,4100
H142,2027-02-18,26,4100
H142,2027-02-19,12,4600
H142,2027-02-20,19,4500
H142,2027-02-21,27,4100
H142,2027-02-22,22,4150
H142,2027-02-23,20,4150
H142,2027-02-24,33,4050
H142,2027-02-25,33,4050
H142,2027-02-26,26,4450
H142,2027-02-27,16,4550
H142,2027-02-28,20,4150
H142,2027-03-01,20,4150
H142,2027-03-02,22,4150
H142,2027-03-03,22,4150
H142,2027-03-04,18,4200
H142,2027-03-05,17,4550
H142,2027-03-06,17,4550
H142,2027-03-07,18,4200
H142,2027-03-08,27,4100
H142,2027-03-09,22,4150
H142,2027-03-10,21,4150
H142,2027-03-11,34,4050
H142,2027-03-12,25,4450
H142,2027-03-13,26,4450
H142,2027-03-14,31,4050
H142,2027-03-15,22,4150
H142,2027-03-16,25,4150
H142,2027-03-17,26,4100
H142,2027-03-18,18,4200
H142,2027-03-19,11,4600
H142,2027-03-20,16,4550
H142,2027-03-21,27,4100
H142,2027-03-22,27,4100
H142,2027-03-23,20,4150
H142,2027-03-24,26,4100
H142,2027-03-25,24,4150
H142,2027-03-26,25,4450
H142,2027-03-27,22,4500
H142,2027-03-28,33,4050
H142,2027-03-29,19,4200
H142,2027-03-30,30,4100
H142,2027-03-31,30,4100
H143,2026-10-01,50,10000
H143,2026-10-02,55,10900
H143,2026-10-03,36,11300
H143,2026-10-04,67,9650
H143,2026-10-05,65,9700
H143,2026-10-06,55,9900
H143,2026-10-07,64,9700
H143,2026-10-08,67,9650
H143,2026-10-09,47,11100
H143,2026-10-10,47,11050
H143,2026-10-11,59,9800
H143,2026-10-12,54,9900
H143,2026-10-13,51,10000
H143,2026-10-14,63,9750
H143,2026-10-15,66,9700
H143,2026-10-16,39,11250
H143,2026-10-17,43,11150
H143,2026-10-18,63,9750
H143,2026-10-19,60,9800
H143,2026-10-20,50,10000
H143,2026-10-21,62,9750
H143,2026-10-22,55,9900
H143,2026-10-23,40,11250
H143,2026-10-24,57,10900
H143,2026-10-25,58,9850
H143,2026-10-26,56,9850
H143,2026-10-27,55,9900
H143,2026-10-28,47,10050
H143,2026-10-29,57,9850
H143,2026-10-30,55,10900
H143,2026-10-31,37,11300
H143,2026-11-01,30,12450
H143,2026-11-02,37,12300
H143,2026-11-03,29,12450
H143,2026-11-04,31,12450
H143,2026-11-05,34,12350
H143,2026-11-06,7,15800
H143,2026-11-07,9,15700
H143,2026-11-08,18,14500
H143,2026-11-09,23,14400
H143,2026-11-10,14,14600
H143,2026-11-11,40,12250
H143,2026-11-12,25,12550
H143,2026-11-13,30,13450
H143,2026-11-14,24,13600
H143,2026-11-15,40,12250
H143,2026-11-16,43,12200
H143,2026-11-17,25,12550
H143,2026-11-18,38,12300
H143,2026-11-19,42,12200
H143,2026-11-20,31,13450
H143,2026-11-21,16,13750
H143,2026-11-22,31,12450
H143,2026-11-23,37,12300
H143,2026-11-24,28,12500
H143,2026-11-25,30,12450
H143,2026-11-26,31,12450
H143,2026-11-27,26,13550
H143,2026-11-28,27,13550
H143,2026-11-29,26,12500
H143,2026-11-30,33,12400
H143,2026-12-01,46,12150
H143,2026-12-02,45,12150
H143,2026-12-03,41,12200
H143,2026-12-04,29,13500
H143,2026-12-05,23,13600
H143,2026-12-06,40,12250
H143,2026-12-07,28,12500
H143,2026-12-08,33,12400
H143,2026-12-09,28,12500
H143,2026-12-10,38,12250
H143,2026-12-11,29,13500
H143,2026-12-12,30,13450
H143,2026-12-13,26,12550
H143,2026-12-14,26,12550
H143,2026-12-15,29,12450
H143,2026-12-16,41,12200
H143,2026-12-17,35,12350
H143,2026-12-18,23,13600
H143,2026-12-19,23,13600
H143,2026-12-20,19,14500
H143,2026-12-21,15,14600
H143,2026-12-22,10,14700
H143,2026-12-23,11,14650
H143,2026-12-24,23,14400
H143,2026-12-25,15,15600
H143,2026-12-26,10,15700
H143,2026-12-27,22,14450
H143,2026-12-28,7,14750
H143,2026-12-29,18,14550
H143,2026-12-30,12,14650
H143,2026-12-31,10,14700
H143,2027-01-01,3,15850
H143,2027-01-02,12,15650
H143,2027-01-03,26,12500
H143,2027-01-04,29,12450
H143,2027-01-05,45,12150
H143,2027-01-06,32,12400
H143,2027-01-07,31,12400
H143,2027-01-08,17,13700
H143,2027-01-09,21,13650
H143,2027-01-10,27,12500
H143,2027-01-11,35,12350
H143,2027-01-12,37,12300
H143,2027-01-13,37,12300
H143,2027-01-14,44,12150
H143,2027-01-15,35,13350
H143,2027-01-16,26,13550
H143,2027-01-17,24,12550
H143,2027-01-18,33,12350
H143,2027-01-19,39,12250
H143,2027-01-20,28,12500
H143,2027-01-21,37,12300
H143,2027-01-22,20,13650
H143,2027-01-23,24,13600
H143,2027-01-24,27,12500
H143,2027-01-25,44,12150
H143,2027-01-26,35,12350
H143,2027-01-27,39,12250
H143,2027-01-28,30,12450
H143,2027-01-29,25,13600
H143,2027-01-30,20,13650
H143,2027-01-31,29,12450
H143,2027-02-01,30,12450
H143,2027-02-02,35,12350
H143,2027-02-03,35,12350
H143,2027-02-04,43,12150
H143,2027-02-05,31,13450
H143,2027-02-06,27,13550
H143,2027-02-07,29,12450
H143,2027-02-08,25,12550
H143,2027-02-09,38,12250
H143,2027-02-10,41,12200
H143,2027-02-11,27,12500
H143,2027-02-12,24,13600
H143,2027-02-13,27,13550
H143,2027-02-14,27,12500
H143,2027-02-15,37,12300
H143,2027-02-16,44,12150
H143,2027-02-17,43,12200
H143,2027-02-18,42,12200
H143,2027-02-19,18,13700
H143,2027-02-20,31,13450
H143,2027-02-21,32,12400
H143,2027-02-22,27,12500
H143,2027-02-23,42,12200
H143,2027-02-24,39,12250
H143,2027-02-25,41,12200
H143,2027-02-26,18,13700
H143,2027-02-27,17,13750
H143,2027-02-28,42,12200
H143,2027-03-01,32,12400
H143,2027-03-02,31,12450
H143,2027-03-03,26,12500
H143,2027-03-04,39,12250
H143,2027-03-05,23,13600
H143,2027-03-06,15,13800
H143,2027-03-07,27,12500
H143,2027-03-08,29,12450
H143,2027-03-09,37,12300
H143,2027-03-10,35,12350
H143,2027-03-11,37,12300
H143,2027-03-12,18,13700
H143,2027-03-13,28,13500
H143,2027-03-14,27,12500
H143,2027-03-15,36,12300
H143,2027-03-16,26,12550
H143,2027-03-17,40,12250
H143,2027-03-18,33,12400
H143,2027-03-19,26,13550
H143,2027-03-20,14,13800
H143,2027-03-21,34,12350
H143,2027-03-22,35,12350
H143,2027-03-23,40,12250
H143,2027-03-24,28,12500
H143,2027-03-25,39,12250
H143,2027-03-26,31,13450
H143,2027-03-27,33,13400
H143,2027-03-28,37,12300
H143,2027-03-29,26,12550
H143,2027-03-30,33,12400
H143,2027-03-31,40,12250
H144,2026-10-01,42,11250
H144,2026-10-02,39,12500
H144,2026-10-03,40,12450
H144,2026-10-04,43,11250
H144,2026-10-05,48,11100
H144,2026-10-06,40,11300
H144,2026-10-07,55,10900
H144,2026-10-08,41,11300
H144,2026-10-09,32,12700
H144,2026-10-10,44,12350
H144,2026-10-11,48,11100
H144,2026-10-12,57,10850
H144,2026-10-13,53,10950
H144,2026-10-14,43,11250
H144,2026-10-15,40,11300
H144,2026-10-16,31,12700
H144,2026-10-17,37,12550
H144,2026-10-18,53,10950
H144,2026-10-19,46,11150
H144,2026-10-20,55,10900
H144,2026-10-21,47,11150
H144,2026-10-22,45,11200
H144,2026-10-23,32,12700
H144,2026-10-24,42,12450
H144,2026-10-25,45,11200
H144,2026-10-26,51,11050
H144,2026-10-27,40,11350
H144,2026-10-28,48,11100
H144,2026-10-29,45,11200
H144,2026-10-30,44,12350
H144,2026-10-31,48,12250
H144,2026-11-01,35,13750
H144,2026-11-02,30,13900
H144,2026-11-03,34,13800
H144,2026-11-04,23,14100
H144,2026-11-05,37,13700
H144,2026-11-06,11,17650
H144,2026-11-07,3,17850
H144,2026-11-08,14,16400
H144,2026-11-09,11,16500
H144,2026-11-10,17,16300
H144,2026-11-11,37,13700
H144,2026-11-12,28,13950
H144,2026-11-13,20,15350
H144,2026-11-14,28,15100
H144,2026-11-15,26,14000
H144,2026-11-16,29,13900
H144,2026-11-17,33,13800
H144,2026-11-18,27,14000
H144,2026-11-19,36,13750
H144,2026-11-20,18,15400
H144,2026-11-21,24,15200
H144,2026-11-22,24,14050
H144,2026-11-23,34,13800
H144,2026-11-24,24,14050
H144,2026-11-25,27,14000
H144,2026-11-26,28,13950
H144,2026-11-27,28,15100
H144,2026-11-28,27,15150
H144,2026-11-29,24,14050
H144,2026-11-30,31,13850
H144,2026-12-01,31,13850
H144,2026-12-02,32,13850
H144,2026-12-03,25,14050
H144,2026-12-04,23,15250
H144,2026-12-05,29,15100
H144,2026-12-06,22,14100
H144,2026-12-07,35,13750
H144,2026-12-08,23,14100
H144,2026-12-09,32,13850
H144,2026-12-10,30,13900
H144,2026-12-11,23,15250
H144,2026-12-12,27,15100
H144,2026-12-13,25,14050
H144,2026-12-14,21,14150
H144,2026-12-15,27,13950
H144,2026-12-16,23,14100
H144,2026-12-17,22,14100
H144,2026-12-18,27,15150
H144,2026-12-19,30,15050
H144,2026-12-20,17,16300
H144,2026-12-21,16,16350
H144,2026-12-22,15,16350
H144,2026-12-23,11,16500
H144,2026-12-24,17,16300
H144,2026-12-25,4,17800
H144,2026-12-26,11,17650
H144,2026-12-27,18,16300
H144,2026-12-28,14,16400
H144,2026-12-29,13,16450
H144,2026-12-30,11,16500
H144,2026-12-31,13,16450
H144,2027-01-01,11,17650
H144,2027-01-02,3,17850
H144,2027-01-03,30,13900
H144,2027-01-04,36,13750
H144,2027-01-05,31,13850
H144,2027-01-06,25,14050
H144,2027-01-07,36,13750
H144,2027-01-08,13,15500
H144,2027-01-09,13,15500
H144,2027-01-10,30,13900
H144,2027-01-11,37,13700
H144,2027-01-12,21,14150
H144,2027-01-13,22,14100
H144,2027-01-14,28,13950
H144,2027-01-15,24,15200
H144,2027-01-16,14,15450
H144,2027-01-17,37,13700
H144,2027-01-18,24,14050
H144,2027-01-19,30,13900
H144,2027-01-20,29,13900
H144,2027-01-21,27,14000
H144,2027-01-22,24,15200
H144,2027-01-23,22,15250
H144,2027-01-24,26,14000
H144,2027-01-25,24,14050
H144,2027-01-26,35,13750
H144,2027-01-27,37,13700
H144,2027-01-28,26,14000
H144,2027-01-29,27,15150
H144,2027-01-30,23,15250
H144,2027-01-31,24,14050
H144,2027-02-01,25,14050
H144,2027-02-02,30,13900
H144,2027-02-03,29,13900
H144,2027-02-04,38,13700
H144,2027-02-05,13,15500
H144,2027-02-06,21,15300
H144,2027-02-07,32,13850
H144,2027-02-08,32,13850
H144,2027-02-09,21,14150
H144,2027-02-10,30,13900
H144,2027-02-11,36,13750
H144,2027-02-12,19,15350
H144,2027-02-13,22,15300
H144,2027-02-14,26,14000
H144,2027-02-15,22,14100
H144,2027-02-16,32,13850
H144,2027-02-17,36,13750
H144,2027-02-18,34,13800
H144,2027-02-19,20,15350
H144,2027-02-20,15,15450
H144,2027-02-21,23,14100
H144,2027-02-22,27,14000
H144,2027-02-23,31,13850
H144,2027-02-24,29,13900
H144,2027-02-25,28,13950
H144,2027-02-26,23,15250
H144,2027-02-27,13,15500
H144,2027-02-28,22,14150
H144,2027-03-01,25,14050
H144,2027-03-02,26,14000
H144,2027-03-03,27,14000
H144,2027-03-04,34,13800
H144,2027-03-05,17,15400
H144,2027-03-06,30,15050
H144,2027-03-07,31,13850
H144,2027-03-08,23,14100
H144,2027-03-09,36,13750
H144,2027-03-10,29,13900
H144,2027-03-11,25,14050
H144,2027-03-12,13,15500
H144,2027-03-13,20,15350
H144,2027-03-14,38,13700
H144,2027-03-15,33,13850
H144,2027-03-16,31,13850
H144,2027-03-17,29,13900
H144,2027-03-18,23,14100
H144,2027-03-19,24,15200
H144,2027-03-20,23,15250
H144,2027-03-21,24,14050
H144,2027-03-22,23,14100
H144,2027-03-23,24,14050
H144,2027-03-24,25,14050
H144,2027-03-25,29,13900
H144,2027-03-26,22,15250
H144,2027-03-27,15,15450
H144,2027-03-28,36,13750
H144,2027-03-29,35,13750
H144,2027-03-30,22,14100
H144,2027-03-31,38,13700
H145,2026-10-01,8,1350
H145,2026-10-02,5,1450
H145,2026-10-03,7,1450
H145,2026-10-04,6,1350
H145,2026-10-05,9,1300
H145,2026-10-06,6,1350
H145,2026-10-07,9,1350
H145,2026-10-08,10,1300
H145,2026-10-09,8,1450
H145,2026-10-10,5,1450
H145,2026-10-11,9,1300
H145,2026-10-12,9,1300
H145,2026-10-13,8,1350
H145,2026-10-14,10,1300
H145,2026-10-15,9,1300
H145,2026-10-16,5,1450
H145,2026-10-17,4,1500
H145,2026-10-18,9,1300
H145,2026-10-19,9,1300
H145,2026-10-20,10,1300
H145,2026-10-21,7,1350
H145,2026-10-22,10,1300
H145,2026-10-23,8,1450
H145,2026-10-24,7,1450
H145,2026-10-25,9,1350
H145,2026-10-26,8,1350
H145,2026-10-27,8,1350
H145,2026-10-28,9,1300
H145,2026-10-29,10,1300
H145,2026-10-30,4,1500
H145,2026-10-31,4,1500
H145,2026-11-01,7,1350
H145,2026-11-02,10,1300
H145,2026-11-03,8,1350
H145,2026-11-04,9,1300
H145,2026-11-05,8,1350
H145,2026-11-06,3,1700
H145,2026-11-07,2,1700
H145,2026-11-08,1,1600
H145,2026-11-09,1,1600
H145,2026-11-10,5,1550
H145,2026-11-11,7,1350
H145,2026-11-12,8,1350
H145,2026-11-13,6,1450
H145,2026-11-14,7,1450
H145,2026-11-15,6,1350
H145,2026-11-16,7,1350
H145,2026-11-17,6,1350
H145,2026-11-18,10,1300
H145,2026-11-19,7,1350
H145,2026-11-20,7,1450
H145,2026-11-21,8,1450
H145,2026-11-22,9,1350
H145,2026-11-23,8,1350
H145,2026-11-24,11,1300
H145,2026-11-25,7,1350
H145,2026-11-26,7,1350
H145,2026-11-27,7,1450
H145,2026-11-28,3,1500
H145,2026-11-29,11,1300
H145,2026-11-30,6,1350
H145,2026-12-01,9,1300
H145,2026-12-02,6,1350
H145,2026-12-03,7,1350
H145,2026-12-04,5,1450
H145,2026-12-05,5,1450
H145,2026-12-06,10,1300
H145,2026-12-07,7,1350
H145,2026-12-08,7,1350
H145,2026-12-09,7,1350
H145,2026-12-10,7,1350
H145,2026-12-11,3,1500
H145,2026-12-12,6,1450
H145,2026-12-13,8,1350
H145,2026-12-14,6,1350
H145,2026-12-15,8,1350
H145,2026-12-16,6,1350
H145,2026-12-17,8,1350
H145,2026-12-18,4,1500
H145,2026-12-19,7,1450
H145,2026-12-20,5,1550
H145,2026-12-21,5,1550
H145,2026-12-22,5,1550
H145,2026-12-23,2,1600
H145,2026-12-24,5,1550
H145,2026-12-25,1,1700
H145,2026-12-26,2,1700
H145,2026-12-27,5,1550
H145,2026-12-28,2,1600
H145,2026-12-29,5,1550
H145,2026-12-30,6,1550
H145,2026-12-31,1,1600
H145,2027-01-01,1,1700
H145,2027-01-02,3,1700
H145,2027-01-03,10,1300
H145,2027-01-04,6,1350
H145,2027-01-05,10,1300
H145,2027-01-06,10,1300
H145,2027-01-07,8,1350
H145,2027-01-08,3,1500
H145,2027-01-09,7,1450
H145,2027-01-10,10,1300
H145,2027-01-11,7,1350
H145,2027-01-12,9,1300
H145,2027-01-13,7,1350
H145,2027-01-14,6,1350
H145,2027-01-15,6,1450
H145,2027-01-16,5,1450
H145,2027-01-17,7,1350
H145,2027-01-18,9,1300
H145,2027-01-19,7,1350
H145,2027-01-20,9,1300
H145,2027-01-21,9,1300
H145,2027-01-22,8,1450
H145,2027-01-23,4,1500
H145,2027-01-24,9,1300
H145,2027-01-25,10,1300
H145,2027-01-26,6,1350
H145,2027-01-27,7,1350
H145,2027-01-28,6,1350
H145,2027-01-29,4,1500
H145,2027-01-30,7,1450
H145,2027-01-31,8,1350
H145,2027-02-01,10,1300
H145,2027-02-02,6,1350
H145,2027-02-03,7,1350
H145,2027-02-04,10,1300
H145,2027-02-05,7,1450
H145,2027-02-06,4,1500
H145,2027-02-07,7,1350
H145,2027-02-08,10,1300
H145,2027-02-09,8,1350
H145,2027-02-10,6,1350
H145,2027-02-11,8,1350
H145,2027-02-12,5,1450
H145,2027-02-13,5,1450
H145,2027-02-14,9,1300
H145,2027-02-15,9,1300
H145,2027-02-16,10,1300
H145,2027-02-17,6,1350
H145,2027-02-18,9,1300
H145,2027-02-19,6,1450
H145,2027-02-20,7,1450
H145,2027-02-21,9,1350
H145,2027-02-22,8,1350
H145,2027-02-23,9,1300
H145,2027-02-24,6,1350
H145,2027-02-25,6,1350
H145,2027-02-26,3,1500
H145,2027-02-27,5,1450
H145,2027-02-28,10,1300
H145,2027-03-01,9,1300
H145,2027-03-02,9,1300
H145,2027-03-03,7,1350
H145,2027-03-04,6,1350
H145,2027-03-05,5,1450
H145,2027-03-06,4,1500
H145,2027-03-07,10,1300
H145,2027-03-08,10,1300
H145,2027-03-09,8,1350
H145,2027-03-10,10,1300
H145,2027-03-11,10,1300
H145,2027-03-12,4,1500
H145,2027-03-13,5,1450
H145,2027-03-14,8,1350
H145,2027-03-15,9,1300
H145,2027-03-16,9,1300
H145,2027-03-17,9,1300
H145,2027-03-18,8,1350
H145,2027-03-19,8,1450
H145,2027-03-20,4,1500
H145,2027-03-21,6,1350
H145,2027-03-22,7,1350
H145,2027-03-23,7,1350
H145,2027-03-24,7,1350
H145,2027-03-25,9,1300
H145,2027-03-26,6,1450
H145,2027-03-27,4,1500
H145,2027-03-28,7,1350
H145,2027-03-29,10,1300
H145,2027-03-30,9,1300
H145,2027-03-31,11,1300
H146,2026-10-01,4,1100
H146,2026-10-02,3,1200
H146,2026-10-03,2,1200
H146,2026-10-04,4,1100
H146,2026-10-05,5,1100
H146,2026-10-06,5,1100
H146,2026-10-07,3,1100
H146,2026-10-08,5,1100
H146,2026-10-09,3,1200
H146,2026-10-10,2,1200
H146,2026-10-11,5,1100
H146,2026-10-12,3,1100
H146,2026-10-13,5,1050
H146,2026-10-14,5,1100
H146,2026-10-15,5,1050
H146,2026-10-16,4,1200
H146,2026-10-17,4,1200
H146,2026-10-18,4,1100
H146,2026-10-19,5,1050
H146,2026-10-20,4,1100
H146,2026-10-21,5,1100
H146,2026-10-22,5,1100
H146,2026-10-23,3,1200
H146,2026-10-24,2,1200
H146,2026-10-25,5,1050
H146,2026-10-26,3,1100
H146,2026-10-27,4,1100
H146,2026-10-28,5,1100
H146,2026-10-29,3,1100
H146,2026-10-30,2,1200
H146,2026-10-31,3,1200
H146,2026-11-01,4,1100
H146,2026-11-02,5,1100
H146,2026-11-03,5,1050
H146,2026-11-04,5,1050
H146,2026-11-05,5,1100
H146,2026-11-06,2,1400
H146,2026-11-07,1,1400
H146,2026-11-08,2,1300
H146,2026-11-09,3,1250
H146,2026-11-10,2,1300
H146,2026-11-11,4,1100
H146,2026-11-12,5,1050
H146,2026-11-13,2,1200
H146,2026-11-14,3,1200
H146,2026-11-15,4,1100
H146,2026-11-16,5,1100
H146,2026-11-17,3,1100
H146,2026-11-18,4,1100
H146,2026-11-19,5,1100
H146,2026-11-20,2,1200
H146,2026-11-21,2,1200
H146,2026-11-22,4,1100
H146,2026-11-23,5,1100
H146,2026-11-24,3,1100
H146,2026-11-25,4,1100
H146,2026-11-26,3,1100
H146,2026-11-27,3,1200
H146,2026-11-28,4,1200
H146,2026-11-29,5,1100
H146,2026-11-30,3,1100
H146,2026-12-01,3,1100
H146,2026-12-02,3,1100
H146,2026-12-03,4,1100
H146,2026-12-04,3,1200
H146,2026-12-05,3,1200
H146,2026-12-06,4,1100
H146,2026-12-07,5,1050
H146,2026-12-08,5,1050
H146,2026-12-09,4,1100
H146,2026-12-10,5,1100
H146,2026-12-11,2,1200
H146,2026-12-12,2,1200
H146,2026-12-13,3,1100
H146,2026-12-14,3,1100
H146,2026-12-15,4,1100
H146,2026-12-16,3,1100
H146,2026-12-17,5,1100
H146,2026-12-18,3,1200
H146,2026-12-19,4,1200
H146,2026-12-20,2,1300
H146,2026-12-21,2,1300
H146,2026-12-22,2,1300
H146,2026-12-23,2,1300
H146,2026-12-24,3,1300
H146,2026-12-25,1,1400
H146,2026-12-26,0,1400
H146,2026-12-27,1,1300
H146,2026-12-28,1,1300
H146,2026-12-29,2,1300
H146,2026-12-30,2,1300
H146,2026-12-31,1,1300
H146,2027-01-01,1,1400
H146,2027-01-02,0,1400
H146,2027-01-03,5,1100
H146,2027-01-04,4,1100
H146,2027-01-05,4,1100
H146,2027-01-06,5,1100
H146,2027-01-07,4,1100
H146,2027-01-08,2,1200
H146,2027-01-09,2,1200
H146,2027-01-10,4,1100
H146,2027-01-11,5,1050
H146,2027-01-12,4,1100
H146,2027-01-13,3,1100
H146,2027-01-14,4,1100
H146,2027-01-15,3,1200
H146,2027-01-16,4,1200
H146,2027-01-17,5,1050
H146,2027-01-18,5,1100
H146,2027-01-19,4,1100
H146,2027-01-20,4,1100
H146,2027-01-21,4,1100
H146,2027-01-22,3,1200
H146,2027-01-23,4,1200
H146,2027-01-24,5,1100
H146,2027-01-25,4,1100
H146,2027-01-26,4,1100
H146,2027-01-27,5,1050
H146,2027-01-28,5,1050
H146,2027-01-29,2,1200
H146,2027-01-30,4,1200
H146,2027-01-31,4,1100
H146,2027-02-01,4,1100
H146,2027-02-02,4,1100
H146,2027-02-03,4,1100
H146,2027-02-04,3,1100
H146,2027-02-05,4,1200
H146,2027-02-06,4,1200
H146,2027-02-07,4,1100
H146,2027-02-08,4,1100
H146,2027-02-09,3,1100
H146,2027-02-10,3,1100
H146,2027-02-11,5,1050
H146,2027-02-12,3,1200
H146,2027-02-13,2,1200
H146,2027-02-14,5,1100
H146,2027-02-15,3,1100
H146,2027-02-16,4,1100
H146,2027-02-17,3,1100
H146,2027-02-18,5,1100
H146,2027-02-19,4,1200
H146,2027-02-20,2,1200
H146,2027-02-21,4,1100
H146,2027-02-22,4,1100
H146,2027-02-23,4,1100
H146,2027-02-24,3,1100
H146,2027-02-25,5,1100
H146,2027-02-26,2,1200
H146,2027-02-27,4,1200
H146,2027-02-28,3,1100
H146,2027-03-01,4,1100
H146,2027-03-02,5,1100
H146,2027-03-03,5,1100
H146,2027-03-04,3,1100
H146,2027-03-05,3,1200
H146,2027-03-06,3,1200
H146,2027-03-07,5,1100
H146,2027-03-08,4,1100
H146,2027-03-09,5,1050
H146,2027-03-10,4,1100
H146,2027-03-11,5,1050
H146,2027-03-12,4,1200
H146,2027-03-13,3,1200
H146,2027-03-14,4,1100
H146,2027-03-15,4,1100
H146,2027-03-16,5,1050
H146,2027-03-17,5,1100
H146,2027-03-18,3,1100
H146,2027-03-19,2,1200
H146,2027-03-20,2,1200
H146,2027-03-21,4,1100
H146,2027-03-22,5,1100
H146,2027-03-23,5,1050
H146,2027-03-24,3,1100
H146,2027-03-25,3,1100
H146,2027-03-26,2,1200
H146,2027-03-27,3,1200
H146,2027-03-28,5,1100
H146,2027-03-29,3,1100
H146,2027-03-30,4,1100
H146,2027-03-31,5,1100
H147,2026-10-01,7,1100
H147,2026-10-02,6,1200
H147,2026-10-03,7,1200
H147,2026-10-04,7,1100
H147,2026-10-05,5,1100
H147,2026-10-06,8,1100
H147,2026-10-07,8,1050
H147,2026-10-08,5,1100
H147,2026-10-09,6,1200
H147,2026-10-10,3,1200
H147,2026-10-11,6,1100
H147,2026-10-12,8,1100
H147,2026-10-13,5,1100
H147,2026-10-14,5,1100
H147,2026-10-15,8,1100
H147,2026-10-16,6,1200
H147,2026-10-17,4,1200
H147,2026-10-18,6,1100
H147,2026-10-19,8,1100
H147,2026-10-20,7,1100
H147,2026-10-21,8,1100
H147,2026-10-22,8,1050
H147,2026-10-23,3,1200
H147,2026-10-24,5,1200
H147,2026-10-25,5,1100
H147,2026-10-26,8,1100
H147,2026-10-27,6,1100
H147,2026-10-28,6,1100
H147,2026-10-29,5,1100
H147,2026-10-30,4,1200
H147,2026-10-31,3,1200
H147,2026-11-01,5,1100
H147,2026-11-02,6,1100
H147,2026-11-03,6,1100
H147,2026-11-04,6,1100
H147,2026-11-05,9,1050
H147,2026-11-06,1,1400
H147,2026-11-07,1,1400
H147,2026-11-08,4,1250
H147,2026-11-09,4,1300
H147,2026-11-10,4,1300
H147,2026-11-11,6,1100
H147,2026-11-12,5,1100
H147,2026-11-13,7,1200
H147,2026-11-14,3,1200
H147,2026-11-15,7,1100
H147,2026-11-16,5,1100
H147,2026-11-17,7,1100
H147,2026-11-18,5,1100
H147,2026-11-19,6,1100
H147,2026-11-20,6,1200
H147,2026-11-21,5,1200
H147,2026-11-22,6,1100
H147,2026-11-23,8,1100
H147,2026-11-24,8,1050
H147,2026-11-25,8,1100
H147,2026-11-26,5,1100
H147,2026-11-27,4,1200
H147,2026-11-28,5,1200
H147,2026-11-29,7,1100
H147,2026-11-30,5,1100
H147,2026-12-01,5,1100
H147,2026-12-02,6,1100
H147,2026-12-03,9,1050
H147,2026-12-04,5,1200
H147,2026-12-05,5,1200
H147,2026-12-06,6,1100
H147,2026-12-07,5,1100
H147,2026-12-08,7,1100
H147,2026-12-09,7,1100
H147,2026-12-10,5,1100
H147,2026-12-11,5,1200
H147,2026-12-12,5,1200
H147,2026-12-13,9,1050
H147,2026-12-14,6,1100
H147,2026-12-15,8,1100
H147,2026-12-16,8,1100
H147,2026-12-17,5,1100
H147,2026-12-18,4,1200
H147,2026-12-19,4,1200
H147,2026-12-20,2,1300
H147,2026-12-21,1,1300
H147,2026-12-22,1,1300
H147,2026-12-23,2,1300
H147,2026-12-24,1,1300
H147,2026-12-25,3,1400
H147,2026-12-26,1,1400
H147,2026-12-27,4,1300
H147,2026-12-28,2,1300
H147,2026-12-29,3,1300
H147,2026-12-30,2,1300
H147,2026-12-31,4,1300
H147,2027-01-01,3,1400
H147,2027-01-02,2,1400
H147,2027-01-03,6,1100
H147,2027-01-04,8,1100
H147,2027-01-05,6,1100
H147,2027-01-06,5,1100
H147,2027-01-07,8,1100
H147,2027-01-08,4,1200
H147,2027-01-09,6,1200
H147,2027-01-10,8,1050
H147,2027-01-11,6,1100
H147,2027-01-12,7,1100
H147,2027-01-13,5,1100
H147,2027-01-14,5,1100
H147,2027-01-15,5,1200
H147,2027-01-16,5,1200
H147,2027-01-17,8,1050
H147,2027-01-18,7,1100
H147,2027-01-19,7,1100
H147,2027-01-20,5,1100
H147,2027-01-21,6,1100
H147,2027-01-22,3,1200
H147,2027-01-23,5,1200
H147,2027-01-24,7,1100
H147,2027-01-25,7,1100
H147,2027-01-26,7,1100
H147,2027-01-27,6,1100
H147,2027-01-28,7,1100
H147,2027-01-29,4,1200
H147,2027-01-30,7,1200
H147,2027-01-31,9,1050
H147,2027-02-01,7,1100
H147,2027-02-02,8,1050
H147,2027-02-03,7,1100
H147,2027-02-04,5,1100
H147,2027-02-05,3,1200
H147,2027-02-06,5,1200
H147,2027-02-07,5,1100
H147,2027-02-08,6,1100
H147,2027-02-09,6,1100
H147,2027-02-10,7,1100
H147,2027-02-11,5,1100
H147,2027-02-12,5,1200
H147,2027-02-13,5,1200
H147,2027-02-14,7,1100
H147,2027-02-15,7,1100
H147,2027-02-16,6,1100
H147,2027-02-17,7,1100
H147,2027-02-18,5,1100
H147,2027-02-19,6,1200
H147,2027-02-20,4,1200
H147,2027-02-21,9,1050
H147,2027-02-22,6,1100
H147,2027-02-23,9,1050
H147,2027-02-24,9,1050
H147,2027-02-25,6,1100
H147,2027-02-26,5,1200
H147,2027-02-27,6,1200
H147,2027-02-28,8,1100
H147,2027-03-01,7,1100
H147,2027-03-02,6,1100
H147,2027-03-03,8,1100
H147,2027-03-04,8,1050
H147,2027-03-05,5,1200
H147,2027-03-06,6,1200
H147,2027-03-07,5,1100
H147,2027-03-08,8,1100
H147,2027-03-09,7,1100
H147,2027-03-10,6,1100
H147,2027-03-11,7,1100
H147,2027-03-12,4,1200
H147,2027-03-13,4,1200
H147,2027-03-14,5,1100
H147,2027-03-15,5,1100
H147,2027-03-16,7,1100
H147,2027-03-17,5,1100
H147,2027-03-18,5,1100
H147,2027-03-19,5,1200
H147,2027-03-20,6,1200
H147,2027-03-21,8,1100
H147,2027-03-22,6,1100
H147,2027-03-23,6,1100
H147,2027-03-24,7,1100
H147,2027-03-25,5,1100
H147,2027-03-26,6,1200
H147,2027-03-27,6,1200
H147,2027-03-28,6,1100
H147,2027-03-29,8,1050
H147,2027-03-30,6,1100
H147,2027-03-31,9,1050
H148,2026-10-01,23,3350
H148,2026-10-02,20,3700
H148,2026-10-03,10,3750
H148,2026-10-04,20,3400
H148,2026-10-05,18,3400
H148,2026-10-06,21,3400
H148,2026-10-07,23,3400
H148,2026-10-08,17,3400
H148,2026-10-09,14,3750
H148,2026-10-10,9,3800
H148,2026-10-11,24,3350
H148,2026-10-12,15,3450
H148,2026-10-13,23,3350
H148,2026-10-14,23,3350
H148,2026-10-15,15,3450
H148,2026-10-16,18,3700
H148,2026-10-17,21,3650
H148,2026-10-18,19,3400
H148,2026-10-19,28,3350
H148,2026-10-20,26,3350
H148,2026-10-21,24,3350
H148,2026-10-22,21,3400
H148,2026-10-23,18,3700
H148,2026-10-24,13,3750
H148,2026-10-25,20,3400
H148,2026-10-26,20,3400
H148,2026-10-27,26,3350
H148,2026-10-28,15,3450
H148,2026-10-29,25,3350
H148,2026-10-30,10,3750
H148,2026-10-31,19,3700
H148,2026-11-01,25,3350
H148,2026-11-02,22,3400
H148,2026-11-03,21,3400
H148,2026-11-04,18,3400
H148,2026-11-05,26,3350
H148,2026-11-06,6,4300
H148,2026-11-07,2,4350
H148,2026-11-08,4,4050
H148,2026-11-09,8,4000
H148,2026-11-10,16,3950
H148,2026-11-11,26,3350
H148,2026-11-12,21,3400
H148,2026-11-13,21,3650
H148,2026-11-14,19,3700
H148,2026-11-15,27,3350
H148,2026-11-16,26,3350
H148,2026-11-17,24,3350
H148,2026-11-18,21,3400
H148,2026-11-19,22,3400
H148,2026-11-20,16,3700
H148,2026-11-21,11,3750
H148,2026-11-22,21,3400
H148,2026-11-23,16,3450
H148,2026-11-24,18,3400
H148,2026-11-25,24,3350
H148,2026-11-26,16,3450
H148,2026-11-27,11,3750
H148,2026-11-28,10,3750
H148,2026-11-29,16,3450
H148,2026-11-30,18,3400
H148,2026-12-01,27,3350
H148,2026-12-02,23,3350
H148,2026-12-03,19,3400
H148,2026-12-04,14,3750
H148,2026-12-05,18,3700
H148,2026-12-06,23,3350
H148,2026-12-07,15,3450
H148,2026-12-08,26,3350
H148,2026-12-09,17,3450
H148,2026-12-10,24,3350
H148,2026-12-11,12,3750
H148,2026-12-12,18,3700
H148,2026-12-13,23,3350
H148,2026-12-14,24,3350
H148,2026-12-15,15,3450
H148,2026-12-16,22,3400
H148,2026-12-17,21,3400
H148,2026-12-18,15,3750
H148,2026-12-19,14,3750
H148,2026-12-20,9,4000
H148,2026-12-21,10,4000
H148,2026-12-22,14,3950
H148,2026-12-23,5,4050
H148,2026-12-24,11,4000
H148,2026-12-25,4,4350
H148,2026-12-26,8,4300
H148,2026-12-27,5,4050
H148,2026-12-28,14,3950
H148,2026-12-29,13,3950
H148,2026-12-30,9,4000
H148,2026-12-31,7,4000
H148,2027-01-01,2,4350
H148,2027-01-02,8,4300
H148,2027-01-03,22,3400
H148,2027-01-04,27,3350
H148,2027-01-05,18,3400
H148,2027-01-06,22,3400
H148,2027-01-07,15,3450
H148,2027-01-08,21,3650
H148,2027-01-09,15,3700
H148,2027-01-10,16,3450
H148,2027-01-11,28,3350
H148,2027-01-12,21,3400
H148,2027-01-13,23,3350
H148,2027-01-14,22,3400
H148,2027-01-15,14,3750
H148,2027-01-16,12,3750
H148,2027-01-17,26,3350
H148,2027-01-18,15,3450
H148,2027-01-19,21,3400
H148,2027-01-20,26,3350
H148,2027-01-21,21,3400
H148,2027-01-22,19,3700
H148,2027-01-23,20,3700
H148,2027-01-24,26,3350
H148,2027-01-25,27,3350
H148,2027-01-26,24,3350
H148,2027-01-27,19,3400
H148,2027-01-28,20,3400
H148,2027-01-29,12,3750
H148,2027-01-30,13,3750
H148,2027-01-31,26,3350
H148,2027-02-01,28,3350
H148,2027-02-02,24,3350
H148,2027-02-03,19,3400
H148,2027-02-04,19,3400
H148,2027-02-05,22,3650
H148,2027-02-06,17,3700
H148,2027-02-07,16,3450
H148,2027-02-08,23,3400
H148,2027-02-09,25,3350
H148,2027-02-10,20,3400
H148,2027-02-11,17,3450
H148,2027-02-12,9,3800
H148,2027-02-13,14,3750
H148,2027-02-14,24,3350
H148,2027-02-15,18,3400
H148,2027-02-16,22,3400
H148,2027-02-17,22,3400
H148,2027-02-18,17,3450
H148,2027-02-19,16,3700
H148,2027-02-20,14,3750
H148,2027-02-21,24,3350
H148,2027-02-22,17,3450
H148,2027-02-23,23,3400
H148,2027-02-24,23,3400
H148,2027-02-25,27,3350
H148,2027-02-26,21,3650
H148,2027-02-27,22,3650
H148,2027-02-28,24,3350
H148,2027-03-01,18,3400
H148,2027-03-02,16,3450
H148,2027-03-03,25,3350
H148,2027-03-04,25,3350
H148,2027-03-05,14,3750
H148,2027-03-06,13,3750
H148,2027-03-07,21,3400
H148,2027-03-08,24,3350
H148,2027-03-09,19,3400
H148,2027-03-10,23,3350
H148,2027-03-11,21,3400
H148,2027-03-12,11,3750
H148,2027-03-13,14,3750
H148,2027-03-14,15,3450
H148,2027-03-15,19,3400
H148,2027-03-16,24,3350
H148,2027-03-17,17,3450
H148,2027-03-18,27,3350
H148,2027-03-19,21,3650
H148,2027-03-20,9,3800
H148,2027-03-21,23,3350
H148,2027-03-22,26,3350
H148,2027-03-23,18,3400
H148,2027-03-24,23,3400
H148,2027-03-25,21,3400
H148,2027-03-26,10,3750
H148,2027-03-27,17,3700
H148,2027-03-28,24,3350
H148,2027-03-29,23,3350
H148,2027-03-30,24,3350
H148,2027-03-31,22,3400
H149,2026-10-01,24,2250
H149,2026-10-02,12,2550
H149,2026-10-03,11,2550
H149,2026-10-04,19,2300
H149,2026-10-05,22,2250
H149,2026-10-06,14,2350
H149,2026-10-07,24,2250
H149,2026-10-08,16,2300
H149,2026-10-09,19,2500
H149,2026-10-10,9,2550
H149,2026-10-11,19,2300
H149,2026-10-12,15,2350
H149,2026-10-13,14,2350
H149,2026-10-14,17,2300
H149,2026-10-15,20,2300
H149,2026-10-16,14,2500
H149,2026-10-17,8,2550
H149,2026-10-18,21,2300
H149,2026-10-19,22,2300
H149,2026-10-20,19,2300
H149,2026-10-21,19,2300
H149,2026-10-22,19,2300
H149,2026-10-23,19,2500
H149,2026-10-24,15,2500
H149,2026-10-25,17,2300
H149,2026-10-26,15,2350
H149,2026-10-27,19,2300
H149,2026-10-28,16,2300
H149,2026-10-29,20,2300
H149,2026-10-30,14,2500
H149,2026-10-31,8,2550
H149,2026-11-01,18,2300
H149,2026-11-02,13,2350
H149,2026-11-03,16,2300
H149,2026-11-04,24,2250
H149,2026-11-05,22,2300
H149,2026-11-06,2,2950
H149,2026-11-07,8,2900
H149,2026-11-08,13,2700
H149,2026-11-09,3,2750
H149,2026-11-10,11,2700
H149,2026-11-11,13,2350
H149,2026-11-12,22,2250
H149,2026-11-13,15,2500
H149,2026-11-14,15,2500
H149,2026-11-15,21,2300
H149,2026-11-16,23,2250
H149,2026-11-17,21,2300
H149,2026-11-18,15,2300
H149,2026-11-19,22,2300
H149,2026-11-20,14,2500
H149,2026-11-21,17,2500
H149,2026-11-22,14,2350
H149,2026-11-23,17,2300
H149,2026-11-24,24,2250
H149,2026-11-25,23,2250
H149,2026-11-26,16,2300
H149,2026-11-27,10,2550
H149,2026-11-28,16,2500
H149,2026-11-29,15,2350
H149,2026-11-30,22,2250
H149,2026-12-01,18,2300
H149,2026-12-02,24,2250
H149,2026-12-03,18,2300
H149,2026-12-04,16,2500
H149,2026-12-05,12,2550
H149,2026-12-06,19,2300
H149,2026-12-07,22,2300
H149,2026-12-08,21,2300
H149,2026-12-09,20,2300
H149,2026-12-10,16,2300
H149,2026-12-11,19,2500
H149,2026-12-12,19,2500
H149,2026-12-13,16,2300
H149,2026-12-14,24,2250
H149,2026-12-15,19,2300
H149,2026-12-16,19,2300
H149,2026-12-17,18,2300
H149,2026-12-18,15,2500
H149,2026-12-19,12,2550
H149,2026-12-20,14,2700
H149,2026-12-21,6,2750
H149,2026-12-22,5,2750
H149,2026-12-23,13,2700
H149,2026-12-24,11,2700
H149,2026-12-25,3,2950
H149,2026-12-26,6,2900
H149,2026-12-27,7,2700
H149,2026-12-28,4,2750
H149,2026-12-29,13,2700
H149,2026-12-30,11,2700
H149,2026-12-31,10,2700
H149,2027-01-01,8,2900
H149,2027-01-02,2,2950
H149,2027-01-03,17,2300
H149,2027-01-04,19,2300
H149,2027-01-05,13,2350
H149,2027-01-06,22,2300
H149,2027-01-07,14,2350
H149,2027-01-08,8,2550
H149,2027-01-09,10,2550
H149,2027-01-10,15,2300
H149,2027-01-11,16,2300
H149,2027-01-12,18,2300
H149,2027-01-13,16,2300
H149,2027-01-14,19,2300
H149,2027-01-15,8,2550
H149,2027-01-16,8,2550
H149,2027-01-17,21,2300
H149,2027-01-18,19,2300
H149,2027-01-19,18,2300
H149,2027-01-20,20,2300
H149,2027-01-21,14,2350
H149,2027-01-22,8,2550
H149,2027-01-23,8,2550
H149,2027-01-24,15,2300
H149,2027-01-25,21,2300
H149,2027-01-26,22,2250
H149,2027-01-27,20,2300
H149,2027-01-28,13,2350
H149,2027-01-29,12,2550
H149,2027-01-30,14,2500
H149,2027-01-31,22,2300
H149,2027-02-01,15,2300
H149,2027-02-02,17,2300
H149,2027-02-03,16,2300
H149,2027-02-04,22,2300
H149,2027-02-05,19,2500
H149,2027-02-06,15,2500
H149,2027-02-07,20,2300
H149,2027-02-08,13,2350
H149,2027-02-09,16,2300
H149,2027-02-10,21,2300
H149,2027-02-11,17,2300
H149,2027-02-12,14,2500
H149,2027-02-13,8,2550
H149,2027-02-14,14,2350
H149,2027-02-15,22,2300
H149,2027-02-16,15,2300
H149,2027-02-17,16,2300
H149,2027-02-18,16,2300
H149,2027-02-19,12,2550
H149,2027-02-20,18,2500
H149,2027-02-21,20,2300
H149,2027-02-22,14,2350
H149,2027-02-23,15,2350
H149,2027-02-24,22,2250
H149,2027-02-25,21,2300
H149,2027-02-26,11,2550
H149,2027-02-27,12,2550
H149,2027-02-28,20,2300
H149,2027-03-01,23,2250
H149,2027-03-02,20,2300
H149,2027-03-03,14,2350
H149,2027-03-04,24,2250
H149,2027-03-05,17,2500
H149,2027-03-06,14,2500
H149,2027-03-07,21,2300
H149,2027-03-08,22,2300
H149,2027-03-09,23,2250
H149,2027-03-10,19,2300
H149,2027-03-11,14,2350
H149,2027-03-12,10,2550
H149,2027-03-13,9,2550
H149,2027-03-14,24,2250
H149,2027-03-15,13,2350
H149,2027-03-16,17,2300
H149,2027-03-17,23,2250
H149,2027-03-18,14,2350
H149,2027-03-19,9,2550
H149,2027-03-20,10,2550
H149,2027-03-21,14,2350
H149,2027-03-22,14,2350
H149,2027-03-23,23,2250
H149,2027-03-24,16,2300
H149,2027-03-25,19,2300
H149,2027-03-26,18,2500
H149,2027-03-27,17,2500
H149,2027-03-28,23,2250
H149,2027-03-29,20,2300
H149,2027-03-30,24,2250
H149,2027-03-31,21,2300
H150,2026-10-01,10,3300
H150,2026-10-02,12,3550
H150,2026-10-03,12,3550
H150,2026-10-04,11,3300
H150,2026-10-05,17,3200
H150,2026-10-06,11,3300
H150,2026-10-07,17,3200
H150,2026-10-08,15,3250
H150,2026-10-09,7,3650
H150,2026-10-10,7,3650
H150,2026-10-11,13,3250
H150,2026-10-12,10,3300
H150,2026-10-13,17,3200
H150,2026-10-14,17,3250
H150,2026-10-15,12,3300
H150,2026-10-16,8,3600
H150,2026-10-17,14,3550
H150,2026-10-18,13,3300
H150,2026-10-19,10,3300
H150,2026-10-20,14,3250
H150,2026-10-21,12,3300
H150,2026-10-22,10,3300
H150,2026-10-23,6,3650
H150,2026-10-24,11,3600
H150,2026-10-25,16,3250
H150,2026-10-26,18,3200
H150,2026-10-27,15,3250
H150,2026-10-28,16,3250
H150,2026-10-29,9,3350
H150,2026-10-30,6,3650
H150,2026-10-31,7,3600
H150,2026-11-01,17,3250
H150,2026-11-02,16,3250
H150,2026-11-03,17,3200
H150,2026-11-04,17,3250
H150,2026-11-05,18,3200
H150,2026-11-06,1,4200
H150,2026-11-07,3,4150
H150,2026-11-08,3,3900
H150,2026-11-09,10,3800
H150,2026-11-10,9,3800
H150,2026-11-11,12,3300
H150,2026-11-12,12,3300
H150,2026-11-13,13,3550
H150,2026-11-14,10,3600
H150,2026-11-15,15,3250
H150,2026-11-16,12,3300
H150,2026-11-17,11,3300
H150,2026-11-18,13,3300
H150,2026-11-19,10,3300
H150,2026-11-20,12,3550
H150,2026-11-21,7,3650
H150,2026-11-22,14,3250
H150,2026-11-23,17,3200
H150,2026-11-24,11,3300
H150,2026-11-25,14,3250
H150,2026-11-26,13,3300
H150,2026-11-27,11,3600
H150,2026-11-28,9,3600
H150,2026-11-29,12,3300
H150,2026-11-30,12,3300
H150,2026-12-01,10,3300
H150,2026-12-02,10,3300
H150,2026-12-03,11,3300
H150,2026-12-04,8,3600
H150,2026-12-05,9,3600
H150,2026-12-06,17,3200
H150,2026-12-07,18,3200
H150,2026-12-08,14,3250
H150,2026-12-09,15,3250
H150,2026-12-10,15,3250
H150,2026-12-11,9,3600
H150,2026-12-12,13,3550
H150,2026-12-13,15,3250
H150,2026-12-14,17,3200
H150,2026-12-15,10,3300
H150,2026-12-16,12,3300
H150,2026-12-17,17,3200
H150,2026-12-18,8,3600
H150,2026-12-19,9,3600
H150,2026-12-20,8,3850
H150,2026-12-21,2,3900
H150,2026-12-22,6,3850
H150,2026-12-23,4,3900
H150,2026-12-24,10,3800
H150,2026-12-25,1,4200
H150,2026-12-26,5,4150
H150,2026-12-27,10,3800
H150,2026-12-28,7,3850
H150,2026-12-29,10,3800
H150,2026-12-30,2,3900
H150,2026-12-31,10,3800
H150,2027-01-01,4,4150
H150,2027-01-02,3,4200
H150,2027-01-03,15,3250
H150,2027-01-04,9,3350
H150,2027-01-05,9,3350
H150,2027-01-06,10,3300
H150,2027-01-07,15,3250
H150,2027-01-08,13,3550
H150,2027-01-09,6,3650
H150,2027-01-10,10,3300
H150,2027-01-11,17,3200
H150,2027-01-12,11,3300
H150,2027-01-13,14,3250
H150,2027-01-14,17,3200
H150,2027-01-15,7,3650
H150,2027-01-16,10,3600
H150,2027-01-17,17,3200
H150,2027-01-18,18,3200
H150,2027-01-19,15,3250
H150,2027-01-20,17,3200
H150,2027-01-21,16,3250
H150,2027-01-22,7,3650
H150,2027-01-23,9,3600
H150,2027-01-24,11,3300
H150,2027-01-25,14,3250
H150,2027-01-26,11,3300
H150,2027-01-27,18,3200
H150,2027-01-28,9,3350
H150,2027-01-29,14,3550
H150,2027-01-30,7,3650
H150,2027-01-31,10,3300
H150,2027-02-01,11,3300
H150,2027-02-02,12,3300
H150,2027-02-03,13,3300
H150,2027-02-04,13,3300
H150,2027-02-05,7,3650
H150,2027-02-06,8,3600
H150,2027-02-07,11,3300
H150,2027-02-08,13,3300
H150,2027-02-09,14,3250
H150,2027-02-10,10,3300
H150,2027-02-11,14,3250
H150,2027-02-12,12,3550
H150,2027-02-13,13,3550
H150,2027-02-14,14,3250
H150,2027-02-15,14,3250
H150,2027-02-16,9,3350
H150,2027-02-17,15,3250
H150,2027-02-18,16,3250
H150,2027-02-19,11,3550
H150,2027-02-20,8,3600
H150,2027-02-21,15,3250
H150,2027-02-22,10,3300
H150,2027-02-23,16,3250
H150,2027-02-24,12,3300
H150,2027-02-25,11,3300
H150,2027-02-26,8,3600
H150,2027-02-27,8,3600
H150,2027-02-28,12,3300
H150,2027-03-01,13,3250
H150,2027-03-02,11,3300
H150,2027-03-03,9,3350
H150,2027-03-04,11,3300
H150,2027-03-05,11,3600
H150,2027-03-06,7,3650
H150,2027-03-07,15,3250
H150,2027-03-08,17,3200
H150,2027-03-09,14,3250
H150,2027-03-10,10,3300
H150,2027-03-11,14,3250
H150,2027-03-12,13,3550
H150,2027-03-13,9,3600
H150,2027-03-14,14,3250
H150,2027-03-15,10,3300
H150,2027-03-16,14,3250
H150,2027-03-17,12,3300
H150,2027-03-18,10,3300
H150,2027-03-19,9,3600
H150,2027-03-20,10,3600
H150,2027-03-21,10,3300
H150,2027-03-22,12,3300
H150,2027-03-23,9,3350
H150,2027-03-24,15,3250
H150,2027-03-25,16,3250
H150,2027-03-26,10,3600
H150,2027-03-27,10,3600
H150,2027-03-28,15,3250
H150,2027-03-29,17,3200
H150,2027-03-30,15,3250
H150,2027-03-31,17,3200
H151,2026-10-01,12,3150
H151,2026-10-02,7,3500
H151,2026-10-03,10,3450
H151,2026-10-04,15,3100
H151,2026-10-05,14,3100
H151,2026-10-06,8,3200
H151,2026-10-07,12,3150
H151,2026-10-08,9,3200
H151,2026-10-09,5,3500
H151,2026-10-10,5,3500
H151,2026-10-11,11,3150
H151,2026-10-12,12,3150
H151,2026-10-13,15,3100
H151,2026-10-14,12,3150
H151,2026-10-15,11,3150
H151,2026-10-16,10,3450
H151,2026-10-17,12,3400
H151,2026-10-18,14,3100
H151,2026-10-19,13,3150
H151,2026-10-20,10,3200
H151,2026-10-21,14,3100
H151,2026-10-22,9,3200
H151,2026-10-23,8,3450
H151,2026-10-24,7,3500
H151,2026-10-25,15,3100
H151,2026-10-26,16,3100
H151,2026-10-27,10,3150
H151,2026-10-28,13,3150
H151,2026-10-29,11,3150
H151,2026-10-30,6,3500
H151,2026-10-31,11,3400
H151,2026-11-01,14,3100
H151,2026-11-02,15,3100
H151,2026-11-03,15,3100
H151,2026-11-04,14,3100
H151,2026-11-05,9,3200
H151,2026-11-06,3,4000
H151,2026-11-07,5,4000
H151,2026-11-08,3,3750
H151,2026-11-09,1,3750
H151,2026-11-10,8,3700
H151,2026-11-11,10,3150
H151,2026-11-12,12,3150
H151,2026-11-13,8,3500
H151,2026-11-14,7,3500
H151,2026-11-15,14,3150
H151,2026-11-16,14,3100
H151,2026-11-17,11,3150
H151,2026-11-18,13,3150
H151,2026-11-19,10,3200
H151,2026-11-20,9,3450
H151,2026-11-21,10,3450
H151,2026-11-22,15,3100
H151,2026-11-23,13,3150
H151,2026-11-24,12,3150
H151,2026-11-25,10,3200
H151,2026-11-26,10,3200
H151,2026-11-27,11,3450
H151,2026-11-28,12,3400
H151,2026-11-29,14,3100
H151,2026-11-30,9,3200
H151,2026-12-01,12,3150
H151,2026-12-02,10,3200
H151,2026-12-03,14,3100
H151,2026-12-04,7,3500
H151,2026-12-05,12,3400
H151,2026-12-06,16,3100
H151,2026-12-07,14,3100
H151,2026-12-08,14,3100
H151,2026-12-09,13,3150
H151,2026-12-10,15,3100
H151,2026-12-11,6,3500
H151,2026-12-12,11,3400
H151,2026-12-13,11,3150
H151,2026-12-14,16,3100
H151,2026-12-15,9,3200
H151,2026-12-16,16,3100
H151,2026-12-17,9,3200
H151,2026-12-18,9,3450
H151,2026-12-19,7,3500
H151,2026-12-20,5,3700
H151,2026-12-21,8,3650
H151,2026-12-22,3,3750
H151,2026-12-23,9,3650
H151,2026-12-24,2,3750
H151,2026-12-25,1,4050
H151,2026-12-26,5,4000
H151,2026-12-27,8,3650
H151,2026-12-28,3,3750
H151,2026-12-29,9,3650
H151,2026-12-30,5,3750
H151,2026-12-31,3,3750
H151,2027-01-01,1,4050
H151,2027-01-02,1,4050
H151,2027-01-03,11,3150
H151,2027-01-04,11,3150
H151,2027-01-05,15,3100
H151,2027-01-06,10,3200
H151,2027-01-07,11,3150
H151,2027-01-08,11,3400
H151,2027-01-09,6,3500
H151,2027-01-10,12,3150
H151,2027-01-11,14,3100
H151,2027-01-12,15,3100
H151,2027-01-13,10,3200
H151,2027-01-14,15,3100
H151,2027-01-15,8,3450
H151,2027-01-16,5,3500
H151,2027-01-17,11,3150
H151,2027-01-18,11,3150
H151,2027-01-19,9,3200
H151,2027-01-20,12,3150
H151,2027-01-21,9,3200
H151,2027-01-22,7,3500
H151,2027-01-23,10,3450
H151,2027-01-24,16,3100
H151,2027-01-25,9,3200
H151,2027-01-26,10,3200
H151,2027-01-27,12,3150
H151,2027-01-28,11,3150
H151,2027-01-29,5,3500
H151,2027-01-30,7,3500
H151,2027-01-31,9,3200
H151,2027-02-01,9,3200
H151,2027-02-02,12,3150
H151,2027-02-03,11,3150
H151,2027-02-04,14,3150
H151,2027-02-05,10,3450
H151,2027-02-06,8,3450
H151,2027-02-07,11,3150
H151,2027-02-08,15,3100
H151,2027-02-09,12,3150
H151,2027-02-10,15,3100
H151,2027-02-11,11,3150
H151,2027-02-12,9,3450
H151,2027-02-13,6,3500
H151,2027-02-14,10,3200
H151,2027-02-15,9,3200
H151,2027-02-16,15,3100
H151,2027-02-17,9,3200
H151,2027-02-18,13,3150
H151,2027-02-19,11,3450
H151,2027-02-20,9,3450
H151,2027-02-21,16,3100
H151,2027-02-22,12,3150
H151,2027-02-23,15,3100
H151,2027-02-24,10,3150
H151,2027-02-25,16,3100
H151,2027-02-26,12,3400
H151,2027-02-27,11,3400
H151,2027-02-28,11,3150
H151,2027-03-01,11,3150
H151,2027-03-02,9,3200
H151,2027-03-03,10,3200
H151,2027-03-04,13,3150
H151,2027-03-05,12,3400
H151,2027-03-06,6,3500
H151,2027-03-07,9,3200
H151,2027-03-08,14,3100
H151,2027-03-09,15,3100
H151,2027-03-10,11,3150
H151,2027-03-11,14,3100
H151,2027-03-12,5,3500
H151,2027-03-13,6,3500
H151,2027-03-14,10,3200
H151,2027-03-15,10,3150
H151,2027-03-16,11,3150
H151,2027-03-17,12,3150
H151,2027-03-18,11,3150
H151,2027-03-19,10,3450
H151,2027-03-20,10,3450
H151,2027-03-21,13,3150
H151,2027-03-22,13,3150
H151,2027-03-23,10,3200
H151,2027-03-24,14,3100
H151,2027-03-25,9,3200
H151,2027-03-26,12,3400
H151,2027-03-27,9,3450
H151,2027-03-28,13,3150
H151,2027-03-29,11,3150
H151,2027-03-30,13,3150
H151,2027-03-31,9,3200
H152,2026-10-01,20,9250
H152,2026-10-02,9,10250
H152,2026-10-03,14,10150
H152,2026-10-04,16,9350
H152,2026-10-05,27,9100
H152,2026-10-06,18,9300
H152,2026-10-07,16,9350
H152,2026-10-08,22,9200
H152,2026-10-09,22,9950
H152,2026-10-10,20,10000
H152,2026-10-11,25,9150
H152,2026-10-12,21,9200
H152,2026-10-13,21,9250
H152,2026-10-14,29,9050
H152,2026-10-15,19,9300
H152,2026-10-16,18,10050
H152,2026-10-17,17,10050
H152,2026-10-18,23,9200
H152,2026-10-19,23,9150
H152,2026-10-20,19,9300
H152,2026-10-21,20,9250
H152,2026-10-22,16,9350
H152,2026-10-23,15,10150
H152,2026-10-24,19,10050
H152,2026-10-25,21,9200
H152,2026-10-26,26,9100
H152,2026-10-27,29,9050
H152,2026-10-28,18,9300
H152,2026-10-29,24,9150
H152,2026-10-30,21,10000
H152,2026-10-31,16,10100
H152,2026-11-01,23,9200
H152,2026-11-02,22,9200
H152,2026-11-03,17,9300
H152,2026-11-04,29,9050
H152,2026-11-05,17,9350
H152,2026-11-06,9,11650
H152,2026-11-07,9,11650
H152,2026-11-08,8,10900
H152,2026-11-09,9,10850
H152,2026-11-10,14,10750
H152,2026-11-11,17,9350
H152,2026-11-12,19,9300
H152,2026-11-13,10,10250
H152,2026-11-14,18,10050
H152,2026-11-15,25,9150
H152,2026-11-16,20,9250
H152,2026-11-17,20,9250
H152,2026-11-18,25,9150
H152,2026-11-19,25,9100
H152,2026-11-20,11,10250
H152,2026-11-21,13,10200
H152,2026-11-22,17,9300
H152,2026-11-23,26,9100
H152,2026-11-24,22,9200
H152,2026-11-25,20,9250
H152,2026-11-26,19,9250
H152,2026-11-27,15,10150
H152,2026-11-28,14,10150
H152,2026-11-29,19,9250
H152,2026-11-30,25,9150
H152,2026-12-01,24,9150
H152,2026-12-02,27,9100
H152,2026-12-03,28,9050
H152,2026-12-04,17,10100
H152,2026-12-05,15,10150
H152,2026-12-06,24,9150
H152,2026-12-07,22,9200
H152,2026-12-08,28,9050
H152,2026-12-09,24,9150
H152,2026-12-10,25,9150
H152,2026-12-11,12,10200
H152,2026-12-12,17,10100
H152,2026-12-13,24,9150
H152,2026-12-14,26,9100
H152,2026-12-15,28,9050
H152,2026-12-16,22,9200
H152,2026-12-17,26,9100
H152,2026-12-18,19,10050
H152,2026-12-19,11,10250
H152,2026-12-20,3,11000
H152,2026-12-21,7,10900
H152,2026-12-22,7,10950
H152,2026-12-23,8,10900
H152,2026-12-24,11,10850
H152,2026-12-25,9,11650
H152,2026-12-26,4,11750
H152,2026-12-27,12,10800
H152,2026-12-28,13,10800
H152,2026-12-29,15,10750
H152,2026-12-30,8,10900
H152,2026-12-31,4,11000
H152,2027-01-01,2,11800
H152,2027-01-02,2,11800
H152,2027-01-03,21,9200
H152,2027-01-04,24,9150
H152,2027-01-05,18,9300
H152,2027-01-06,28,9050
H152,2027-01-07,25,9150
H152,2027-01-08,20,10000
H152,2027-01-09,20,10000
H152,2027-01-10,18,9300
H152,2027-01-11,26,9100
H152,2027-01-12,28,9050
H152,2027-01-13,17,9300
H152,2027-01-14,22,9200
H152,2027-01-15,10,10250
H152,2027-01-16,22,9950
H152,2027-01-17,26,9100
H152,2027-01-18,17,9300
H152,2027-01-19,22,9200
H152,2027-01-20,20,9250
H152,2027-01-21,19,9300
H152,2027-01-22,21,10000
H152,2027-01-23,16,10100
H152,2027-01-24,24,9150
H152,2027-01-25,16,9350
H152,2027-01-26,29,9050
H152,2027-01-27,18,9300
H152,2027-01-28,28,9050
H152,2027-01-29,22,9950
H152,2027-01-30,13,10200
H152,2027-01-31,28,9050
H152,2027-02-01,24,9150
H152,2027-02-02,19,9250
H152,2027-02-03,27,9100
H152,2027-02-04,21,9200
H152,2027-02-05,12,10200
H152,2027-02-06,12,10200
H152,2027-02-07,21,9250
H152,2027-02-08,19,9300
H152,2027-02-09,24,9150
H152,2027-02-10,28,9050
H152,2027-02-11,29,9050
H152,2027-02-12,9,10250
H152,2027-02-13,9,10250
H152,2027-02-14,24,9150
H152,2027-02-15,19,9250
H152,2027-02-16,19,9250
H152,2027-02-17,29,9050
H152,2027-02-18,18,9300
H152,2027-02-19,13,10200
H152,2027-02-20,14,10150
H152,2027-02-21,23,9200
H152,2027-02-22,19,9300
H152,2027-02-23,27,9100
H152,2027-02-24,18,9300
H152,2027-02-25,26,9100
H152,2027-02-26,16,10100
H152,2027-02-27,11,10200
H152,2027-02-28,19,9250
H152,2027-03-01,16,9350
H152,2027-03-02,23,9200
H152,2027-03-03,19,9300
H152,2027-03-04,22,9200
H152,2027-03-05,23,9950
H152,2027-03-06,18,10050
H152,2027-03-07,21,9250
H152,2027-03-08,22,9200
H152,2027-03-09,23,9200
H152,2027-03-10,28,9050
H152,2027-03-11,27,9100
H152,2027-03-12,16,10100
H152,2027-03-13,11,10200
H152,2027-03-14,29,9050
H152,2027-03-15,22,9200
H152,2027-03-16,28,9050
H152,2027-03-17,25,9150
H152,2027-03-18,20,9250
H152,2027-03-19,22,9950
H152,2027-03-20,12,10200
H152,2027-03-21,21,9200
H152,2027-03-22,21,9250
H152,2027-03-23,26,9100
H152,2027-03-24,28,9050
H152,2027-03-25,23,9200
H152,2027-03-26,20,10000
H152,2027-03-27,12,10200
H152,2027-03-28,24,9150
H152,2027-03-29,22,9200
H152,2027-03-30,19,9250
H152,2027-03-31,23,9200
H153,2026-10-01,40,8400
H153,2026-10-02,34,9150
H153,2026-10-03,18,9400
H153,2026-10-04,43,8350
H153,2026-10-05,28,8550
H153,2026-10-06,31,8500
H153,2026-10-07,25,8600
H153,2026-10-08,43,8350
H153,2026-10-09,24,9300
H153,2026-10-10,18,9400
H153,2026-10-11,38,8400
H153,2026-10-12,42,8350
H153,2026-10-13,30,8550
H153,2026-10-14,42,8350
H153,2026-10-15,24,8600
H153,2026-10-16,26,9300
H153,2026-10-17,34,9150
H153,2026-10-18,26,8600
H153,2026-10-19,27,8550
H153,2026-10-20,24,8600
H153,2026-10-21,39,8400
H153,2026-10-22,29,8550
H153,2026-10-23,34,9150
H153,2026-10-24,33,9200
H153,2026-10-25,37,8450
H153,2026-10-26,38,8400
H153,2026-10-27,44,8300
H153,2026-10-28,39,8400
H153,2026-10-29,29,8550
H153,2026-10-30,28,9250
H153,2026-10-31,17,9400
H153,2026-11-01,32,8500
H153,2026-11-02,25,8600
H153,2026-11-03,44,8350
H153,2026-11-04,38,8400
H153,2026-11-05,29,8550
H153,2026-11-06,3,10900
H153,2026-11-07,9,10800
H153,2026-11-08,4,10150
H153,2026-11-09,14,10000
H153,2026-11-10,25,9850
H153,2026-11-11,34,8450
H153,2026-11-12,29,8550
H153,2026-11-13,29,9250
H153,2026-11-14,29,9250
H153,2026-11-15,29,8550
H153,2026-11-16,39,8400
H153,2026-11-17,40,8400
H153,2026-11-18,30,8500
H153,2026-11-19,28,8550
H153,2026-11-20,18,9400
H153,2026-11-21,25,9300
H153,2026-11-22,23,8600
H153,2026-11-23,36,8450
H153,2026-11-24,40,8400
H153,2026-11-25,28,8550
H153,2026-11-26,25,8600
H153,2026-11-27,34,9150
H153,2026-11-28,15,9450
H153,2026-11-29,26,8600
H153,2026-11-30,39,8400
H153,2026-12-01,42,8350
H153,2026-12-02,35,8450
H153,2026-12-03,24,8600
H153,2026-12-04,17,9400
H153,2026-12-05,23,9350
H153,2026-12-06,44,8350
H153,2026-12-07,32,8500
H153,2026-12-08,25,8600
H153,2026-12-09,25,8600
H153,2026-12-10,27,8550
H153,2026-12-11,30,9250
H153,2026-12-12,26,9300
H153,2026-12-13,38,8400
H153,2026-12-14,24,8600
H153,2026-12-15,43,8350
H153,2026-12-16,28,8550
H153,2026-12-17,29,8550
H153,2026-12-18,17,9400
H153,2026-12-19,17,9400
H153,2026-12-20,17,9950
H153,2026-12-21,17,9950
H153,2026-12-22,18,9950
H153,2026-12-23,15,10000
H153,2026-12-24,9,10100
H153,2026-12-25,3,10900
H153,2026-12-26,3,10900
H153,2026-12-27,6,10150
H153,2026-12-28,12,10050
H153,2026-12-29,19,9950
H153,2026-12-30,14,10000
H153,2026-12-31,23,9900
H153,2027-01-01,9,10800
H153,2027-01-02,3,10900
H153,2027-01-03,37,8450
H153,2027-01-04,24,8600
H153,2027-01-05,44,8350
H153,2027-01-06,41,8350
H153,2027-01-07,34,8450
H153,2027-01-08,15,9450
H153,2027-01-09,33,9200
H153,2027-01-10,36,8450
H153,2027-01-11,38,8400
H153,2027-01-12,30,8550
H153,2027-01-13,43,8350
H153,2027-01-14,28,8550
H153,2027-01-15,28,9250
H153,2027-01-16,14,9450
H153,2027-01-17,32,8500
H153,2027-01-18,42,8350
H153,2027-01-19,41,8350
H153,2027-01-20,39,8400
H153,2027-01-21,30,8550
H153,2027-01-22,29,9250
H153,2027-01-23,35,9150
H153,2027-01-24,37,8450
H153,2027-01-25,34,8450
H153,2027-01-26,39,8400
H153,2027-01-27,33,8500
H153,2027-01-28,44,8300
H153,2027-01-29,28,9250
H153,2027-01-30,17,9400
H153,2027-01-31,44,8350
H153,2027-02-01,27,8550
H153,2027-02-02,44,8300
H153,2027-02-03,37,8400
H153,2027-02-04,38,8400
H153,2027-02-05,20,9350
H153,2027-02-06,23,9350
H153,2027-02-07,35,8450
H153,2027-02-08,36,8450
H153,2027-02-09,43,8350
H153,2027-02-10,35,8450
H153,2027-02-11,39,8400
H153,2027-02-12,14,9450
H153,2027-02-13,16,9450
H153,2027-02-14,40,8400
H153,2027-02-15,34,8450
H153,2027-02-16,38,8400
H153,2027-02-17,23,8600
H153,2027-02-18,32,8500
H153,2027-02-19,34,9150
H153,2027-02-20,20,9350
H153,2027-02-21,38,8400
H153,2027-02-22,38,8400
H153,2027-02-23,29,8550
H153,2027-02-24,26,8600
H153,2027-02-25,32,8500
H153,2027-02-26,31,9200
H153,2027-02-27,34,9150
H153,2027-02-28,25,8600
H153,2027-03-01,34,8450
H153,2027-03-02,25,8600
H153,2027-03-03,29,8550
H153,2027-03-04,39,8400
H153,2027-03-05,29,9250
H153,2027-03-06,22,9350
H153,2027-03-07,42,8350
H153,2027-03-08,24,8600
H153,2027-03-09,25,8600
H153,2027-03-10,31,8500
H153,2027-03-11,28,8550
H153,2027-03-12,30,9250
H153,2027-03-13,14,9450
H153,2027-03-14,35,8450
H153,2027-03-15,39,8400
H153,2027-03-16,42,8350
H153,2027-03-17,44,8350
H153,2027-03-18,34,8450
H153,2027-03-19,19,9400
H153,2027-03-20,32,9200
H153,2027-03-21,25,8600
H153,2027-03-22,28,8550
H153,2027-03-23,23,8600
H153,2027-03-24,33,8500
H153,2027-03-25,31,8500
H153,2027-03-26,17,9400
H153,2027-03-27,25,9300
H153,2027-03-28,32,8500
H153,2027-03-29,42,8350
H153,2027-03-30,30,8550
H153,2027-03-31,24,8600
H154,2026-10-01,12,4550
H154,2026-10-02,7,5300
H154,2026-10-03,7,5300
H154,2026-10-04,10,4650
H154,2026-10-05,12,4550
H154,2026-10-06,10,4650
H154,2026-10-07,12,4550
H154,2026-10-08,11,4600
H154,2026-10-09,8,5200
H154,2026-10-10,8,5200
H154,2026-10-11,11,4600
H154,2026-10-12,10,4650
H154,2026-10-13,8,4750
H154,2026-10-14,10,4650
H154,2026-10-15,9,4700
H154,2026-10-16,9,5200
H154,2026-10-17,9,5150
H154,2026-10-18,9,4700
H154,2026-10-19,10,4650
H154,2026-10-20,11,4600
H154,2026-10-21,11,4600
H154,2026-10-22,11,4600
H154,2026-10-23,9,5150
H154,2026-10-24,10,5100
H154,2026-10-25,9,4700
H154,2026-10-26,11,4600
H154,2026-10-27,10,4650
H154,2026-10-28,9,4700
H154,2026-10-29,11,4600
H154,2026-10-30,10,5150
H154,2026-10-31,10,5150
H154,2026-11-01,11,4600
H154,2026-11-02,8,4750
H154,2026-11-03,9,4700
H154,2026-11-04,12,4550
H154,2026-11-05,10,4650
H154,2026-11-06,5,6250
H154,2026-11-07,4,6350
H154,2026-11-08,8,5650
H154,2026-11-09,7,5700
H154,2026-11-10,5,5800
H154,2026-11-11,11,4600
H154,2026-11-12,9,4700
H154,2026-11-13,8,5250
H154,2026-11-14,7,5300
H154,2026-11-15,10,4650
H154,2026-11-16,11,4550
H154,2026-11-17,11,4600
H154,2026-11-18,9,4700
H154,2026-11-19,9,4700
H154,2026-11-20,7,5300
H154,2026-11-21,8,5250
H154,2026-11-22,11,4600
H154,2026-11-23,11,4600
H154,2026-11-24,9,4700
H154,2026-11-25,10,4650
H154,2026-11-26,9,4700
H154,2026-11-27,7,5300
H154,2026-11-28,9,5200
H154,2026-11-29,12,4550
H154,2026-11-30,12,4550
H154,2026-12-01,8,5750
H154,2026-12-02,5,5900
H154,2026-12-03,5,5900
H154,2026-12-04,4,6400
H154,2026-12-05,5,6350
H154,2026-12-06,5,5900
H154,2026-12-07,5,5850
H154,2026-12-08,6,5800
H154,2026-12-09,7,5750
H154,2026-12-10,6,5850
H154,2026-12-11,4,6400
H154,2026-12-12,3,6500
H154,2026-12-13,7,5800
H154,2026-12-14,6,5800
H154,2026-12-15,5,5900
H154,2026-12-16,5,5900
H154,2026-12-17,6,5800
H154,2026-12-18,6,6300
H154,2026-12-19,6,6300
H154,2026-12-20,2,6900
H154,2026-12-21,1,6950
H154,2026-12-22,3,6850
H154,2026-12-23,4,6800
H154,2026-12-24,4,6800
H154,2026-12-25,1,7450
H154,2026-12-26,1,7450
H154,2026-12-27,4,6800
H154,2026-12-28,2,6900
H154,2026-12-29,5,6750
H154,2026-12-30,2,6900
H154,2026-12-31,4,6800
H154,2027-01-01,2,7400
H154,2027-01-02,1,7450
H154,2027-01-03,8,5750
H154,2027-01-04,5,5850
H154,2027-01-05,7,5750
H154,2027-01-06,5,5850
H154,2027-01-07,5,5900
H154,2027-01-08,4,6400
H154,2027-01-09,6,6300
H154,2027-01-10,7,5800
H154,2027-01-11,7,5750
H154,2027-01-12,8,5700
H154,2027-01-13,5,5850
H154,2027-01-14,7,5800
H154,2027-01-15,6,6300
H154,2027-01-16,3,6500
H154,2027-01-17,5,5850
H154,2027-01-18,8,5750
H154,2027-01-19,5,5850
H154,2027-01-20,6,5850
H154,2027-01-21,7,5750
H154,2027-01-22,4,6400
H154,2027-01-23,6,6350
H154,2027-01-24,7,5750
H154,2027-01-25,6,5850
H154,2027-01-26,5,5850
H154,2027-01-27,6,5850
H154,2027-01-28,8,5700
H154,2027-01-29,4,6450
H154,2027-01-30,5,6350
H154,2027-01-31,8,5700
H154,2027-02-01,6,5800
H154,2027-02-02,8,5700
H154,2027-02-03,5,5900
H154,2027-02-04,5,5850
H154,2027-02-05,5,6350
H154,2027-02-06,4,6400
H154,2027-02-07,8,5700
H154,2027-02-08,7,5800
H154,2027-02-09,7,5750
H154,2027-02-10,7,5750
H154,2027-02-11,8,5750
H154,2027-02-12,6,6300
H154,2027-02-13,5,6350
H154,2027-02-14,4,5900
H154,2027-02-15,5,5900
H154,2027-02-16,8,5750
H154,2027-02-17,5,5850
H154,2027-02-18,7,5750
H154,2027-02-19,3,6450
H154,2027-02-20,4,6400
H154,2027-02-21,4,5900
H154,2027-02-22,8,5700
H154,2027-02-23,8,5700
H154,2027-02-24,4,5900
H154,2027-02-25,7,5750
H154,2027-02-26,5,6350
H154,2027-02-27,4,6450
H154,2027-02-28,5,5850
H154,2027-03-01,10,4650
H154,2027-03-02,12,4550
H154,2027-03-03,12,4550
H154,2027-03-04,9,4700
H154,2027-03-05,10,5150
H154,2027-03-06,7,5250
H154,2027-03-07,10,4650
H154,2027-03-08,12,4550
H154,2027-03-09,10,4650
H154,2027-03-10,9,4700
H154,2027-03-11,11,4600
H154,2027-03-12,9,5200
H154,2027-03-13,10,5100
H154,2027-03-14,10,4650
H154,2027-03-15,9,4700
H154,2027-03-16,12,4550
H154,2027-03-17,10,4650
H154,2027-03-18,11,4600
H154,2027-03-19,8,5200
H154,2027-03-20,10,5150
H154,2027-03-21,12,4550
H154,2027-03-22,9,4700
H154,2027-03-23,10,4650
H154,2027-03-24,11,4600
H154,2027-03-25,11,4600
H154,2027-03-26,8,5250
H154,2027-03-27,9,5150
H154,2027-03-28,11,4600
H154,2027-03-29,9,4700
H154,2027-03-30,11,4600
H154,2027-03-31,12,4550
H155,2026-10-01,14,5300
H155,2026-10-02,9,6050
H155,2026-10-03,13,5900
H155,2026-10-04,15,5250
H155,2026-10-05,16,5200
H155,2026-10-06,12,5400
H155,2026-10-07,14,5300
H155,2026-10-08,13,5350
H155,2026-10-09,11,5950
H155,2026-10-10,12,5950
H155,2026-10-11,15,5250
H155,2026-10-12,12,5400
H155,2026-10-13,12,5400
H155,2026-10-14,15,5250
H155,2026-10-15,16,5250
H155,2026-10-16,9,6100
H155,2026-10-17,12,5950
H155,2026-10-18,15,5250
H155,2026-10-19,13,5350
H155,2026-10-20,13,5350
H155,2026-10-21,12,5400
H155,2026-10-22,16,5200
H155,2026-10-23,11,6000
H155,2026-10-24,12,5950
H155,2026-10-25,11,5450
H155,2026-10-26,15,5250
H155,2026-10-27,14,5300
H155,2026-10-28,12,5400
H155,2026-10-29,13,5350
H155,2026-10-30,11,5950
H155,2026-10-31,11,6000
H155,2026-11-01,12,5350
H155,2026-11-02,15,5250
H155,2026-11-03,12,5400
H155,2026-11-04,12,5400
H155,2026-11-05,14,5300
H155,2026-11-06,5,7250
H155,2026-11-07,6,7200
H155,2026-11-08,6,6650
H155,2026-11-09,7,6600
H155,2026-11-10,8,6550
H155,2026-11-11,16,5200
H155,2026-11-12,14,5300
H155,2026-11-13,13,5900
H155,2026-11-14,13,5900
H155,2026-11-15,16,5200
H155,2026-11-16,12,5400
H155,2026-11-17,13,5350
H155,2026-11-18,12,5400
H155,2026-11-19,11,5450
H155,2026-11-20,13,5900
H155,2026-11-21,9,6050
H155,2026-11-22,15,5250
H155,2026-11-23,14,5300
H155,2026-11-24,16,5200
H155,2026-11-25,16,5200
H155,2026-11-26,14,5300
H155,2026-11-27,14,5850
H155,2026-11-28,12,5950
H155,2026-11-29,12,5400
H155,2026-11-30,12,5400
H155,2026-12-01,6,6750
H155,2026-12-02,11,6550
H155,2026-12-03,7,6750
H155,2026-12-04,4,7400
H155,2026-12-05,7,7250
H155,2026-12-06,7,6700
H155,2026-12-07,8,6700
H155,2026-12-08,9,6600
H155,2026-12-09,8,6700
H155,2026-12-10,11,6550
H155,2026-12-11,8,7250
H155,2026-12-12,8,7250
H155,2026-12-13,7,6700
H155,2026-12-14,7,6750
H155,2026-12-15,10,6550
H155,2026-12-16,8,6700
H155,2026-12-17,10,6550
H155,2026-12-18,4,7400
H155,2026-12-19,8,7200
H155,2026-12-20,5,7800
H155,2026-12-21,1,7950
H155,2026-12-22,4,7850
H155,2026-12-23,3,7900
H155,2026-12-24,3,7850
H155,2026-12-25,2,8500
H155,2026-12-26,1,8550
H155,2026-12-27,4,7850
H155,2026-12-28,3,7900
H155,2026-12-29,3,7900
H155,2026-12-30,3,7900
H155,2026-12-31,3,7900
H155,2027-01-01,1,8550
H155,2027-01-02,2,8500
H155,2027-01-03,9,6650
H155,2027-01-04,10,6600
H155,2027-01-05,9,6650
H155,2027-01-06,7,6700
H155,2027-01-07,7,6700
H155,2027-01-08,8,7250
H155,2027-01-09,8,7250
H155,2027-01-10,7,6750
H155,2027-01-11,7,6750
H155,2027-01-12,6,6750
H155,2027-01-13,7,6700
H155,2027-01-14,6,6750
H155,2027-01-15,5,7350
H155,2027-01-16,8,7250
H155,2027-01-17,8,6700
H155,2027-01-18,10,6600
H155,2027-01-19,7,6700
H155,2027-01-20,8,6650
H155,2027-01-21,10,6600
H155,2027-01-22,5,7350
H155,2027-01-23,4,7400
H155,2027-01-24,9,6600
H155,2027-01-25,6,6750
H155,2027-01-26,7,6700
H155,2027-01-27,6,6750
H155,2027-01-28,8,6700
H155,2027-01-29,7,7250
H155,2027-01-30,7,7300
H155,2027-01-31,8,6650
H155,2027-02-01,7,6750
H155,2027-02-02,6,6750
H155,2027-02-03,7,6700
H155,2027-02-04,11,6550
H155,2027-02-05,8,7200
H155,2027-02-06,6,7300
H155,2027-02-07,11,6550
H155,2027-02-08,10,6600
H155,2027-02-09,7,6700
H155,2027-02-10,9,6650
H155,2027-02-11,8,6650
H155,2027-02-12,8,7200
H155,2027-02-13,6,7350
H155,2027-02-14,8,6700
H155,2027-02-15,9,6650
H155,2027-02-16,7,6700
H155,2027-02-17,9,6600
H155,2027-02-18,9,6600
H155,2027-02-19,4,7400
H155,2027-02-20,8,7200
H155,2027-02-21,9,6600
H155,2027-02-22,9,6650
H155,2027-02-23,10,6550
H155,2027-02-24,10,6600
H155,2027-02-25,6,6750
H155,2027-02-26,7,7300
H155,2027-02-27,8,7200
H155,2027-02-28,10,6550
H155,2027-03-01,16,5200
H155,2027-03-02,16,5200
H155,2027-03-03,15,5250
H155,2027-03-04,13,5350
H155,2027-03-05,13,5900
H155,2027-03-06,10,6050
H155,2027-03-07,12,5400
H155,2027-03-08,11,5450
H155,2027-03-09,15,5250
H155,2027-03-10,16,5200
H155,2027-03-11,14,5300
H155,2027-03-12,12,5950
H155,2027-03-13,13,5900
H155,2027-03-14,15,5250
H155,2027-03-15,11,5400
H155,2027-03-16,12,5400
H155,2027-03-17,11,5450
H155,2027-03-18,16,5200
H155,2027-03-19,10,6050
H155,2027-03-20,11,6000
H155,2027-03-21,12,5400
H155,2027-03-22,15,5250
H155,2027-03-23,12,5350
H155,2027-03-24,11,5400
H155,2027-03-25,12,5400
H155,2027-03-26,9,6050
H155,2027-03-27,10,6050
H155,2027-03-28,14,5300
H155,2027-03-29,15,5250
H155,2027-03-30,15,5250
H155,2027-03-31,15,5250
H156,2026-10-01,8,6600
H156,2026-10-02,5,7700
H156,2026-10-03,7,7450
H156,2026-10-04,8,6650
H156,2026-10-05,8,6650
H156,2026-10-06,6,6900
H156,2026-10-07,6,6900
H156,2026-10-08,6,6900
H156,2026-10-09,6,7550
H156,2026-10-10,4,7750
H156,2026-10-11,7,6750
H156,2026-10-12,7,6750
H156,2026-10-13,7,6700
H156,2026-10-14,7,6700
H156,2026-10-15,7,6800
H156,2026-10-16,5,7650
H156,2026-10-17,5,7650
H156,2026-10-18,8,6650
H156,2026-10-19,6,6900
H156,2026-10-20,7,6800
H156,2026-10-21,6,6850
H156,2026-10-22,8,6650
H156,2026-10-23,5,7700
H156,2026-10-24,6,7600
H156,2026-10-25,8,6650
H156,2026-10-26,6,6850
H156,2026-10-27,6,6850
H156,2026-10-28,8,6650
H156,2026-10-29,6,6850
H156,2026-10-30,7,7450
H156,2026-10-31,6,7500
H156,2026-11-01,8,6600
H156,2026-11-02,7,6750
H156,2026-11-03,6,6850
H156,2026-11-04,6,6850
H156,2026-11-05,7,6750
H156,2026-11-06,3,9200
H156,2026-11-07,2,9250
H156,2026-11-08,4,8300
H156,2026-11-09,3,8400
H156,2026-11-10,5,8200
H156,2026-11-11,6,6850
H156,2026-11-12,6,6900
H156,2026-11-13,5,7650
H156,2026-11-14,5,7700
H156,2026-11-15,6,6850
H156,2026-11-16,7,6750
H156,2026-11-17,7,6700
H156,2026-11-18,8,6600
H156,2026-11-19,7,6750
H156,2026-11-20,6,7600
H156,2026-11-21,6,7600
H156,2026-11-22,6,6900
H156,2026-11-23,8,6650
H156,2026-11-24,6,6800
H156,2026-11-25,8,6650
H156,2026-11-26,7,6700
H156,2026-11-27,5,7700
H156,2026-11-28,6,7550
H156,2026-11-29,6,6800
H156,2026-11-30,7,6700
H156,2026-12-01,5,8450
H156,2026-12-02,4,8450
H156,2026-12-03,4,8450
H156,2026-12-04,4,9200
H156,2026-12-05,4,9250
H156,2026-12-06,4,8500
H156,2026-12-07,3,8550
H156,2026-12-08,3,8600
H156,2026-12-09,4,8500
H156,2026-12-10,4,8500
H156,2026-12-11,3,9350
H156,2026-12-12,3,9300
H156,2026-12-13,5,8350
H156,2026-12-14,5,8400
H156,2026-12-15,5,8400
H156,2026-12-16,5,8400
H156,2026-12-17,5,8400
H156,2026-12-18,2,9400
H156,2026-12-19,3,9300
H156,2026-12-20,1,10050
H156,2026-12-21,1,10100
H156,2026-12-22,2,9950
H156,2026-12-23,1,10150
H156,2026-12-24,1,10150
H156,2026-12-25,1,10750
H156,2026-12-26,2,10700
H156,2026-12-27,2,9950
H156,2026-12-28,1,10150
H156,2026-12-29,3,9900
H156,2026-12-30,2,10050
H156,2026-12-31,1,10100
H156,2027-01-01,2,10700
H156,2027-01-02,2,10700
H156,2027-01-03,3,8600
H156,2027-01-04,4,8450
H156,2027-01-05,4,8450
H156,2027-01-06,5,8400
H156,2027-01-07,4,8450
H156,2027-01-08,2,9400
H156,2027-01-09,4,9200
H156,2027-01-10,5,8350
H156,2027-01-11,4,8450
H156,2027-01-12,3,8600
H156,2027-01-13,4,8450
H156,2027-01-14,4,8550
H156,2027-01-15,4,9200
H156,2027-01-16,4,9200
H156,2027-01-17,5,8350
H156,2027-01-18,5,8400
H156,2027-01-19,5,8400
H156,2027-01-20,5,8350
H156,2027-01-21,4,8550
H156,2027-01-22,2,9400
H156,2027-01-23,3,9300
H156,2027-01-24,3,8550
H156,2027-01-25,5,8350
H156,2027-01-26,3,8550
H156,2027-01-27,5,8350
H156,2027-01-28,5,8350
H156,2027-01-29,4,9250
H156,2027-01-30,2,9400
H156,2027-01-31,5,8450
H156,2027-02-01,5,8400
H156,2027-02-02,5,8400
H156,2027-02-03,3,8600
H156,2027-02-04,4,8450
H156,2027-02-05,3,9250
H156,2027-02-06,2,9450
H156,2027-02-07,4,8550
H156,2027-02-08,5,8400
H156,2027-02-09,3,8600
H156,2027-02-10,4,8450
H156,2027-02-11,4,8500
H156,2027-02-12,4,9200
H156,2027-02-13,2,9400
H156,2027-02-14,3,8550
H156,2027-02-15,5,8350
H156,2027-02-16,4,8550
H156,2027-02-17,4,8500
H156,2027-02-18,5,8400
H156,2027-02-19,4,9200
H156,2027-02-20,4,9250
H156,2027-02-21,4,8500
H156,2027-02-22,5,8400
H156,2027-02-23,5,8400
H156,2027-02-24,4,8500
H156,2027-02-25,3,8550
H156,2027-02-26,2,9400
H156,2027-02-27,2,9400
H156,2027-02-28,5,8400
H156,2027-03-01,6,6900
H156,2027-03-02,8,6700
H156,2027-03-03,7,6700
H156,2027-03-04,6,6850
H156,2027-03-05,5,7700
H156,2027-03-06,7,7500
H156,2027-03-07,8,6700
H156,2027-03-08,6,6850
H156,2027-03-09,6,6850
H156,2027-03-10,8,6650
H156,2027-03-11,6,6850
H156,2027-03-12,7,7500
H156,2027-03-13,7,7450
H156,2027-03-14,6,6850
H156,2027-03-15,6,6900
H156,2027-03-16,6,6900
H156,2027-03-17,7,6750
H156,2027-03-18,7,6750
H156,2027-03-19,6,7600
H156,2027-03-20,6,7600
H156,2027-03-21,6,6850
H156,2027-03-22,7,6700
H156,2027-03-23,7,6800
H156,2027-03-24,8,6650
H156,2027-03-25,6,6900
H156,2027-03-26,5,7700
H156,2027-03-27,6,7550
H156,2027-03-28,8,6650
H156,2027-03-29,6,6850
H156,2027-03-30,6,6850
H156,2027-03-31,7,6700
H157,2026-10-01,45,9600
H157,2026-10-02,33,10900
H157,2026-10-03,34,10900
H157,2026-10-04,51,9500
H157,2026-10-05,41,9700
H157,2026-10-06,53,9450
H157,2026-10-07,40,9750
H157,2026-10-08,56,9350
H157,2026-10-09,44,10650
H157,2026-10-10,44,10650
H157,2026-10-11,56,9350
H157,2026-10-12,42,9700
H157,2026-10-13,39,9800
H157,2026-10-14,44,9650
H157,2026-10-15,39,9750
H157,2026-10-16,38,10800
H157,2026-10-17,32,10900
H157,2026-10-18,51,9500
H157,2026-10-19,40,9750
H157,2026-10-20,40,9750
H157,2026-10-21,57,9350
H157,2026-10-22,45,9650
H157,2026-10-23,40,10750
H157,2026-10-24,40,10750
H157,2026-10-25,45,9600
H157,2026-10-26,50,9500
H157,2026-10-27,51,9500
H157,2026-10-28,46,9600
H157,2026-10-29,39,9800
H157,2026-10-30,34,10900
H157,2026-10-31,45,10600
H157,2026-11-01,54,9400
H157,2026-11-02,49,9550
H157,2026-11-03,45,9650
H157,2026-11-04,49,9550
H157,2026-11-05,41,9700
H157,2026-11-06,20,13000
H157,2026-11-07,29,12800
H157,2026-11-08,27,11850
H157,2026-11-09,26,11850
H157,2026-11-10,31,11750
H157,2026-11-11,50,9500
H157,2026-11-12,42,9700
H157,2026-11-13,46,10600
H157,2026-11-14,47,10600
H157,2026-11-15,43,9700
H157,2026-11-16,42,9700
H157,2026-11-17,44,9650
H157,2026-11-18,41,9700
H157,2026-11-19,47,9600
H157,2026-11-20,40,10750
H157,2026-11-21,44,10650
H157,2026-11-22,42,9700
H157,2026-11-23,48,9550
H157,2026-11-24,45,9650
H157,2026-11-25,46,9600
H157,2026-11-26,54,9400
H157,2026-11-27,43,10650
H157,2026-11-28,36,10850
H157,2026-11-29,46,9600
H157,2026-11-30,51,9500
H157,2026-12-01,27,12050
H157,2026-12-02,29,12000
H157,2026-12-03,26,12050
H157,2026-12-04,23,13100
H157,2026-12-05,26,13050
H157,2026-12-06,34,11850
H157,2026-12-07,38,11800
H157,2026-12-08,31,11950
H157,2026-12-09,35,11850
H157,2026-12-10,29,12000
H157,2026-12-11,22,13150
H157,2026-12-12,19,13200
H157,2026-12-13,35,11850
H157,2026-12-14,35,11850
H157,2026-12-15,39,11750
H157,2026-12-16,30,11950
H157,2026-12-17,35,11850
H157,2026-12-18,26,13050
H157,2026-12-19,27,13000
H157,2026-12-20,7,14300
H157,2026-12-21,11,14200
H157,2026-12-22,5,14350
H157,2026-12-23,13,14150
H157,2026-12-24,12,14150
H157,2026-12-25,5,15300
H157,2026-12-26,3,15400
H157,2026-12-27,19,14000
H157,2026-12-28,11,14200
H157,2026-12-29,5,14350
H157,2026-12-30,14,14150
H157,2026-12-31,9,14250
H157,2027-01-01,6,15300
H157,2027-01-02,8,15250
H157,2027-01-03,26,12050
H157,2027-01-04,25,12100
H157,2027-01-05,28,12000
H157,2027-01-06,33,11900
H157,2027-01-07,25,12100
H157,2027-01-08,26,13050
H157,2027-01-09,14,13350
H157,2027-01-10,28,12000
H157,2027-01-11,23,12150
H157,2027-01-12,24,12100
H157,2027-01-13,36,11800
H157,2027-01-14,35,11850
H157,2027-01-15,12,13400
H157,2027-01-16,16,13300
H157,2027-01-17,38,11750
H157,2027-01-18,33,11900
H157,2027-01-19,31,11950
H157,2027-01-20,23,12150
H157,2027-01-21,36,11850
H157,2027-01-22,29,13000
H157,2027-01-23,25,13050
H157,2027-01-24,31,11950
H157,2027-01-25,26,12050
H157,2027-01-26,32,11950
H157,2027-01-27,32,11900
H157,2027-01-28,21,12200
H157,2027-01-29,16,13300
H157,2027-01-30,24,13100
H157,2027-01-31,34,11850
H157,2027-02-01,25,12100
H157,2027-02-02,20,12200
H157,2027-02-03,36,11800
H157,2027-02-04,20,12200
H157,2027-02-05,23,13100
H157,2027-02-06,29,13000
H157,2027-02-07,33,11900
H157,2027-02-08,24,12100
H157,2027-02-09,35,11850
H157,2027-02-10,38,11800
H157,2027-02-11,36,11850
H157,2027-02-12,26,13050
H157,2027-02-13,21,13150
H157,2027-02-14,30,11950
H157,2027-02-15,22,12150
H157,2027-02-16,25,12100
H157,2027-02-17,37,11800
H157,2027-02-18,31,11950
H157,2027-02-19,20,13200
H157,2027-02-20,13,13350
H157,2027-02-21,25,12100
H157,2027-02-22,25,12050
H157,2027-02-23,24,12100
H157,2027-02-24,36,11800
H157,2027-02-25,34,11900
H157,2027-02-26,23,13100
H157,2027-02-27,19,13200
H157,2027-02-28,29,12000
H157,2027-03-01,46,9600
H157,2027-03-02,55,9400
H157,2027-03-03,57,9350
H157,2027-03-04,56,9400
H157,2027-03-05,48,10550
H157,2027-03-06,48,10550
H157,2027-03-07,43,9700
H157,2027-03-08,51,9500
H157,2027-03-09,43,9700
H157,2027-03-10,40,9750
H157,2027-03-11,40,9750
H157,2027-03-12,48,10550
H157,2027-03-13,42,10700
H157,2027-03-14,44,9650
H157,2027-03-15,42,9700
H157,2027-03-16,42,9700
H157,2027-03-17,54,9400
H157,2027-03-18,48,9550
H157,2027-03-19,48,10550
H157,2027-03-20,37,10800
H157,2027-03-21,54,9450
H157,2027-03-22,47,9600
H157,2027-03-23,51,9500
H157,2027-03-24,47,9550
H157,2027-03-25,46,9600
H157,2027-03-26,44,10650
H157,2027-03-27,45,10600
H157,2027-03-28,43,9700
H157,2027-03-29,53,9450
H157,2027-03-30,44,9650
H157,2027-03-31,55,9400
H158,2026-10-01,18,8850
H158,2026-10-02,14,10050
H158,2026-10-03,11,10200
H158,2026-10-04,17,8900
H158,2026-10-05,18,8850
H158,2026-10-06,21,8700
H158,2026-10-07,16,9000
H158,2026-10-08,20,8800
H158,2026-10-09,13,10100
H158,2026-10-10,13,10100
H158,2026-10-11,16,9000
H158,2026-10-12,18,8850
H158,2026-10-13,19,8850
H158,2026-10-14,16,9000
H158,2026-10-15,16,8950
H158,2026-10-16,13,10100
H158,2026-10-17,14,10050
H158,2026-10-18,18,8850
H158,2026-10-19,17,8950
H158,2026-10-20,17,8950
H158,2026-10-21,20,8750
H158,2026-10-22,19,8800
H158,2026-10-23,13,10100
H158,2026-10-24,15,10000
H158,2026-10-25,19,8800
H158,2026-10-26,16,9000
H158,2026-10-27,21,8700
H158,2026-10-28,15,9050
H158,2026-10-29,18,8900
H158,2026-10-30,17,9850
H158,2026-10-31,15,9950
H158,2026-11-01,15,9050
H158,2026-11-02,20,8750
H158,2026-11-03,18,8900
H158,2026-11-04,19,8800
H158,2026-11-05,15,9000
H158,2026-11-06,5,12200
H158,2026-11-07,6,12150
H158,2026-11-08,13,10800
H158,2026-11-09,13,10800
H158,2026-11-10,14,10800
H158,2026-11-11,20,8750
H158,2026-11-12,15,9050
H158,2026-11-13,14,10000
H158,2026-11-14,12,10150
H158,2026-11-15,19,8850
H158,2026-11-16,15,9050
H158,2026-11-17,16,9000
H158,2026-11-18,20,8700
H158,2026-11-19,15,9050
H158,2026-11-20,15,9950
H158,2026-11-21,13,10100
H158,2026-11-22,19,8800
H158,2026-11-23,18,8900
H158,2026-11-24,15,9050
H158,2026-11-25,15,9050
H158,2026-11-26,21,8700
H158,2026-11-27,16,9900
H158,2026-11-28,13,10100
H158,2026-11-29,16,9000
H158,2026-11-30,16,9000
H158,2026-12-01,13,11050
H158,2026-12-02,12,11050
H158,2026-12-03,8,11300
H158,2026-12-04,6,12350
H158,2026-12-05,7,12300
H158,2026-12-06,14,10950
H158,2026-12-07,13,11050
H158,2026-12-08,14,10950
H158,2026-12-09,8,11300
H158,2026-12-10,12,11050
H158,2026-12-11,7,12250
H158,2026-12-12,7,12300
H158,2026-12-13,10,11150
H158,2026-12-14,12,11050
H158,2026-12-15,13,11000
H158,2026-12-16,14,10950
H158,2026-12-17,14,10950
H158,2026-12-18,9,12150
H158,2026-12-19,6,12350
H158,2026-12-20,4,13200
H158,2026-12-21,2,13300
H158,2026-12-22,2,13350
H158,2026-12-23,6,13100
H158,2026-12-24,5,13150
H158,2026-12-25,3,14150
H158,2026-12-26,5,14050
H158,2026-12-27,5,13100
H158,2026-12-28,7,13050
H158,2026-12-29,8,13000
H158,2026-12-30,5,13150
H158,2026-12-31,5,13150
H158,2027-01-01,1,14250
H158,2027-01-02,1,14300
H158,2027-01-03,8,11300
H158,2027-01-04,10,11200
H158,2027-01-05,10,11200
H158,2027-01-06,11,11100
H158,2027-01-07,11,11150
H158,2027-01-08,6,12350
H158,2027-01-09,6,12350
H158,2027-01-10,12,11100
H158,2027-01-11,12,11050
H158,2027-01-12,9,11200
H158,2027-01-13,11,11150
H158,2027-01-14,9,11200
H158,2027-01-15,5,12400
H158,2027-01-16,9,12150
H158,2027-01-17,14,10950
H158,2027-01-18,11,11100
H158,2027-01-19,9,11250
H158,2027-01-20,14,10950
H158,2027-01-21,14,10950
H158,2027-01-22,8,12200
H158,2027-01-23,11,12050
H158,2027-01-24,11,11100
H158,2027-01-25,11,11100
H158,2027-01-26,13,11050
H158,2027-01-27,9,11250
H158,2027-01-28,11,11150
H158,2027-01-29,10,12150
H158,2027-01-30,5,12400
H158,2027-01-31,12,11050
H158,2027-02-01,11,11150
H158,2027-02-02,13,11000
H158,2027-02-03,8,11300
H158,2027-02-04,13,11000
H158,2027-02-05,5,12400
H158,2027-02-06,5,12400
H158,2027-02-07,11,11150
H158,2027-02-08,10,11200
H158,2027-02-09,13,11000
H158,2027-02-10,9,11250
H158,2027-02-11,9,11250
H158,2027-02-12,6,12350
H158,2027-02-13,6,12350
H158,2027-02-14,8,11300
H158,2027-02-15,13,11000
H158,2027-02-16,14,10950
H158,2027-02-17,14,10950
H158,2027-02-18,13,11000
H158,2027-02-19,10,12100
H158,2027-02-20,9,12150
H158,2027-02-21,10,11200
H158,2027-02-22,11,11100
H158,2027-02-23,13,11000
H158,2027-02-24,11,11150
H158,2027-02-25,8,11350
H158,2027-02-26,6,12350
H158,2027-02-27,5,12400
H158,2027-02-28,11,11150
H158,2027-03-01,16,8950
H158,2027-03-02,21,8700
H158,2027-03-03,18,8850
H158,2027-03-04,17,8950
H158,2027-03-05,13,10100
H158,2027-03-06,18,9800
H158,2027-03-07,21,8700
H158,2027-03-08,17,8950
H158,2027-03-09,20,8750
H158,2027-03-10,16,9000
H158,2027-03-11,18,8850
H158,2027-03-12,14,10050
H158,2027-03-13,13,10050
H158,2027-03-14,20,8750
H158,2027-03-15,21,8700
H158,2027-03-16,21,8700
H158,2027-03-17,17,8950
H158,2027-03-18,19,8800
H158,2027-03-19,14,10050
H158,2027-03-20,15,9950
H158,2027-03-21,18,8850
H158,2027-03-22,17,8950
H158,2027-03-23,18,8850
H158,2027-03-24,17,8900
H158,2027-03-25,21,8700
H158,2027-03-26,17,9850
H158,2027-03-27,17,9850
H158,2027-03-28,17,8900
H158,2027-03-29,16,8950
H158,2027-03-30,18,8900
H158,2027-03-31,15,9050
H159,2026-10-01,31,11600
H159,2026-10-02,31,12800
H159,2026-10-03,23,13050
H159,2026-10-04,31,11600
H159,2026-10-05,35,11450
H159,2026-10-06,37,11400
H159,2026-10-07,31,11600
H159,2026-10-08,36,11450
H159,2026-10-09,33,12750
H159,2026-10-10,28,12900
H159,2026-10-11,43,11200
H159,2026-10-12,36,11450
H159,2026-10-13,37,11400
H159,2026-10-14,43,11150
H159,2026-10-15,37,11400
H159,2026-10-16,32,12800
H159,2026-10-17,34,12700
H159,2026-10-18,36,11450
H159,2026-10-19,42,11200
H159,2026-10-20,33,11550
H159,2026-10-21,39,11350
H159,2026-10-22,39,11350
H159,2026-10-23,34,12700
H159,2026-10-24,37,12600
H159,2026-10-25,41,11250
H159,2026-10-26,31,11600
H159,2026-10-27,41,11250
H159,2026-10-28,42,11200
H159,2026-10-29,33,11550
H159,2026-10-30,29,12900
H159,2026-10-31,35,12650
H159,2026-11-01,32,11550
H159,2026-11-02,33,11550
H159,2026-11-03,42,11200
H159,2026-11-04,38,11350
H159,2026-11-05,31,11600
H159,2026-11-06,23,15250
H159,2026-11-07,17,15450
H159,2026-11-08,23,14050
H159,2026-11-09,26,13900
H159,2026-11-10,24,14000
H159,2026-11-11,30,11650
H159,2026-11-12,44,11150
H159,2026-11-13,37,12600
H159,2026-11-14,24,13050
H159,2026-11-15,30,11650
H159,2026-11-16,39,11300
H159,2026-11-17,36,11450
H159,2026-11-18,31,11650
H159,2026-11-19,40,11300
H159,2026-11-20,30,12800
H159,2026-11-21,23,13050
H159,2026-11-22,37,11400
H159,2026-11-23,34,11500
H159,2026-11-24,39,11300
H159,2026-11-25,39,11350
H159,2026-11-26,43,11200
H159,2026-11-27,29,12850
H159,2026-11-28,37,12600
H159,2026-11-29,37,11400
H159,2026-11-30,33,11550
H159,2026-12-01,26,14150
H159,2026-12-02,27,14100
H159,2026-12-03,23,14250
H159,2026-12-04,11,15900
H159,2026-12-05,19,15600
H159,2026-12-06,23,14250
H159,2026-12-07,29,14050
H159,2026-12-08,17,14500
H159,2026-12-09,20,14350
H159,2026-12-10,22,14300
H159,2026-12-11,17,15700
H159,2026-12-12,22,15500
H159,2026-12-13,20,14350
H159,2026-12-14,27,14100
H159,2026-12-15,25,14200
H159,2026-12-16,29,14050
H159,2026-12-17,29,14050
H159,2026-12-18,22,15450
H159,2026-12-19,12,15850
H159,2026-12-20,9,16900
H159,2026-12-21,8,16950
H159,2026-12-22,13,16750
H159,2026-12-23,6,17050
H159,2026-12-24,8,16900
H159,2026-12-25,5,18200
H159,2026-12-26,2,18350
H159,2026-12-27,12,16800
H159,2026-12-28,9,16900
H159,2026-12-29,7,16950
H159,2026-12-30,7,17000
H159,2026-12-31,14,16700
H159,2027-01-01,9,18100
H159,2027-01-02,2,18350
H159,2027-01-03,16,14500
H159,2027-01-04,29,14050
H159,2027-01-05,28,14050
H159,2027-01-06,22,14300
H159,2027-01-07,28,14100
H159,2027-01-08,14,15750
H159,2027-01-09,19,15600
H159,2027-01-10,19,14400
H159,2027-01-11,24,14250
H159,2027-01-12,20,14400
H159,2027-01-13,28,14100
H159,2027-01-14,18,14450
H159,2027-01-15,11,15900
H159,2027-01-16,13,15800
H159,2027-01-17,23,14250
H159,2027-01-18,30,14000
H159,2027-01-19,25,14200
H159,2027-01-20,19,14400
H159,2027-01-21,19,14450
H159,2027-01-22,11,15900
H159,2027-01-23,16,15700
H159,2027-01-24,30,14000
H159,2027-01-25,19,14400
H159,2027-01-26,20,14350
H159,2027-01-27,22,14300
H159,2027-01-28,27,14150
H159,2027-01-29,11,15900
H159,2027-01-30,19,15600
H159,2027-01-31,26,14150
H159,2027-02-01,28,14100
H159,2027-02-02,18,14450
H159,2027-02-03,19,14400
H159,2027-02-04,20,14400
H159,2027-02-05,9,15950
H159,2027-02-06,18,15650
H159,2027-02-07,20,14400
H159,2027-02-08,16,14500
H159,2027-02-09,17,14500
H159,2027-02-10,19,14400
H159,2027-02-11,23,14250
H159,2027-02-12,19,15600
H159,2027-02-13,10,15900
H159,2027-02-14,20,14350
H159,2027-02-15,23,14300
H159,2027-02-16,19,14450
H159,2027-02-17,29,14050
H159,2027-02-18,17,14500
H159,2027-02-19,12,15850
H159,2027-02-20,12,15850
H159,2027-02-21,28,14050
H159,2027-02-22,29,14050
H159,2027-02-23,22,14300
H159,2027-02-24,25,14200
H159,2027-02-25,22,14300
H159,2027-02-26,12,15850
H159,2027-02-27,15,15750
H159,2027-02-28,16,14500
H159,2027-03-01,41,11250
H159,2027-03-02,33,11550
H159,2027-03-03,33,11550
H159,2027-03-04,41,11250
H159,2027-03-05,37,12600
H159,2027-03-06,26,13000
H159,2027-03-07,42,11200
H159,2027-03-08,43,11200
H159,2027-03-09,36,11450
H159,2027-03-10,35,11450
H159,2027-03-11,30,11650
H159,2027-03-12,34,12650
H159,2027-03-13,24,13050
H159,2027-03-14,37,11400
H159,2027-03-15,34,11550
H159,2027-03-16,32,11600
H159,2027-03-17,38,11400
H159,2027-03-18,33,11550
H159,2027-03-19,34,12650
H159,2027-03-20,29,12850
H159,2027-03-21,42,11200
H159,2027-03-22,40,11300
H159,2027-03-23,35,11450
H159,2027-03-24,32,11550
H159,2027-03-25,36,11450
H159,2027-03-26,29,12850
H159,2027-03-27,28,12900
H159,2027-03-28,33,11550
H159,2027-03-29,33,11550
H159,2027-03-30,32,11550
H159,2027-03-31,30,11650
H160,2026-10-01,28,9250
H160,2026-10-02,22,10500
H160,2026-10-03,21,10550
H160,2026-10-04,27,9300
H160,2026-10-05,30,9150
H160,2026-10-06,26,9300
H160,2026-10-07,28,9250
H160,2026-10-08,28,9250
H160,2026-10-09,22,10450
H160,2026-10-10,25,10350
H160,2026-10-11,26,9300
H160,2026-10-12,29,9200
H160,2026-10-13,25,9350
H160,2026-10-14,27,9300
H160,2026-10-15,28,9250
H160,2026-10-16,24,10350
H160,2026-10-17,16,10700
H160,2026-10-18,30,9200
H160,2026-10-19,25,9400
H160,2026-10-20,27,9300
H160,2026-10-21,28,9250
H160,2026-10-22,25,9400
H160,2026-10-23,20,10550
H160,2026-10-24,19,10600
H160,2026-10-25,26,9300
H160,2026-10-26,26,9300
H160,2026-10-27,24,9450
H160,2026-10-28,28,9250
H160,2026-10-29,26,9300
H160,2026-10-30,19,10600
H160,2026-10-31,24,10400
H160,2026-11-01,26,9350
H160,2026-11-02,27,9300
H160,2026-11-03,26,9350
H160,2026-11-04,23,9450
H160,2026-11-05,25,9400
H160,2026-11-06,11,12700
H160,2026-11-07,8,12850
H160,2026-11-08,20,11350
H160,2026-11-09,21,11300
H160,2026-11-10,12,11700
H160,2026-11-11,24,9400
H160,2026-11-12,23,9450
H160,2026-11-13,24,10400
H160,2026-11-14,18,10650
H160,2026-11-15,30,9150
H160,2026-11-16,23,9450
H160,2026-11-17,21,9550
H160,2026-11-18,27,9250
H160,2026-11-19,30,9150
H160,2026-11-20,24,10400
H160,2026-11-21,20,10600
H160,2026-11-22,23,9500
H160,2026-11-23,28,9250
H160,2026-11-24,27,9300
H160,2026-11-25,29,9200
H160,2026-11-26,29,9200
H160,2026-11-27,17,10700
H160,2026-11-28,16,10750
H160,2026-11-29,30,9150
H160,2026-11-30,29,9200
H160,2026-12-01,12,11850
H160,2026-12-02,12,11850
H160,2026-12-03,18,11650
H160,2026-12-04,8,13050
H160,2026-12-05,14,12750
H160,2026-12-06,14,11800
H160,2026-12-07,11,11900
H160,2026-12-08,17,11650
H160,2026-12-09,13,11850
H160,2026-12-10,18,11650
H160,2026-12-11,14,12750
H160,2026-12-12,13,12800
H160,2026-12-13,14,11800
H160,2026-12-14,15,11750
H160,2026-12-15,15,11750
H160,2026-12-16,12,11850
H160,2026-12-17,13,11800
H160,2026-12-18,12,12850
H160,2026-12-19,8,13000
H160,2026-12-20,4,13950
H160,2026-12-21,6,13900
H160,2026-12-22,2,14050
H160,2026-12-23,9,13750
H160,2026-12-24,4,14000
H160,2026-12-25,1,15050
H160,2026-12-26,1,15050
H160,2026-12-27,7,13850
H160,2026-12-28,10,13700
H160,2026-12-29,9,13750
H160,2026-12-30,6,13900
H160,2026-12-31,3,14050
H160,2027-01-01,1,15050
H160,2027-01-02,1,15050
H160,2027-01-03,18,11600
H160,2027-01-04,15,11750
H160,2027-01-05,15,11750
H160,2027-01-06,19,11600
H160,2027-01-07,15,11750
H160,2027-01-08,8,13050
H160,2027-01-09,9,12950
H160,2027-01-10,15,11750
H160,2027-01-11,16,11700
H160,2027-01-12,11,11950
H160,2027-01-13,13,11850
H160,2027-01-14,11,11950
H160,2027-01-15,11,12900
H160,2027-01-16,12,12850
H160,2027-01-17,12,11900
H160,2027-01-18,15,11750
H160,2027-01-19,11,11900
H160,2027-01-20,16,11700
H160,2027-01-21,20,11550
H160,2027-01-22,13,12800
H160,2027-01-23,9,13000
H160,2027-01-24,15,11750
H160,2027-01-25,15,11750
H160,2027-01-26,18,11650
H160,2027-01-27,17,11650
H160,2027-01-28,12,11900
H160,2027-01-29,15,12700
H160,2027-01-30,13,12800
H160,2027-01-31,11,11950
H160,2027-02-01,13,11850
H160,2027-02-02,18,11600
H160,2027-02-03,16,11700
H160,2027-02-04,17,11700
H160,2027-02-05,15,12750
H160,2027-02-06,15,12750
H160,2027-02-07,14,11800
H160,2027-02-08,15,11750
H160,2027-02-09,13,11850
H160,2027-02-10,14,11800
H160,2027-02-11,20,11550
H160,2027-02-12,7,13100
H160,2027-02-13,12,12850
H160,2027-02-14,20,11550
H160,2027-02-15,15,11750
H160,2027-02-16,18,11650
H160,2027-02-17,18,11600
H160,2027-02-18,13,11850
H160,2027-02-19,7,13050
H160,2027-02-20,15,12750
H160,2027-02-21,19,11550
H160,2027-02-22,19,11550
H160,2027-02-23,12,11900
H160,2027-02-24,20,11550
H160,2027-02-25,13,11850
H160,2027-02-26,11,12900
H160,2027-02-27,12,12850
H160,2027-02-28,20,11550
H160,2027-03-01,21,9550
H160,2027-03-02,20,9600
H160,2027-03-03,23,9450
H160,2027-03-04,29,9200
H160,2027-03-05,22,10450
H160,2027-03-06,18,10650
H160,2027-03-07,27,9300
H160,2027-03-08,27,9300
H160,2027-03-09,20,9600
H160,2027-03-10,21,9550
H160,2027-03-11,24,9400
H160,2027-03-12,21,10550
H160,2027-03-13,22,10500
H160,2027-03-14,27,9300
H160,2027-03-15,29,9200
H160,2027-03-16,21,9550
H160,2027-03-17,20,9600
H160,2027-03-18,22,9500
H160,2027-03-19,25,10350
H160,2027-03-20,17,10700
H160,2027-03-21,29,9200
H160,2027-03-22,28,9250
H160,2027-03-23,23,9450
H160,2027-03-24,28,9250
H160,2027-03-25,22,9500
H160,2027-03-26,21,10550
H160,2027-03-27,24,10400
H160,2027-03-28,22,9500
H160,2027-03-29,21,9550
H160,2027-03-30,23,9500
H160,2027-03-31,29,9200
H161,2026-10-01,29,41050
H161,2026-10-02,27,45800
H161,2026-10-03,25,46100
H161,2026-10-04,25,41750
H161,2026-10-05,22,42250
H161,2026-10-06,30,40900
H161,2026-10-07,25,41800
H161,2026-10-08,22,42200
H161,2026-10-09,25,46000
H161,2026-10-10,26,45850
H161,2026-10-11,31,40650
H161,2026-10-12,29,41000
H161,2026-10-13,25,41850
H161,2026-10-14,28,41250
H161,2026-10-15,30,40900
H161,2026-10-16,28,45550
H161,2026-10-17,23,46400
H161,2026-10-18,32,40450
H161,2026-10-19,25,41800
H161,2026-10-20,25,41750
H161,2026-10-21,32,40550
H161,2026-10-22,29,41050
H161,2026-10-23,25,46000
H161,2026-10-24,19,47200
H161,2026-10-25,31,40750
H161,2026-10-26,25,41800
H161,2026-10-27,27,41400
H161,2026-10-28,32,40500
H161,2026-10-29,30,40850
H161,2026-10-30,19,47200
H161,2026-10-31,24,46200
H161,2026-11-01,31,40700
H161,2026-11-02,27,41400
H161,2026-11-03,28,41250
H161,2026-11-04,33,40400
H161,2026-11-05,23,42200
H161,2026-11-06,10,56450
H161,2026-11-07,18,55000
H161,2026-11-08,22,50000
H161,2026-11-09,21,50250
H161,2026-11-10,16,51100
H161,2026-11-11,28,41200
H161,2026-11-12,23,42100
H161,2026-11-13,19,47050
H161,2026-11-14,26,45800
H161,2026-11-15,24,41900
H161,2026-11-16,32,40450
H161,2026-11-17,31,40600
H161,2026-11-18,29,41050
H161,2026-11-19,32,40450
H161,2026-11-20,21,46700
H161,2026-11-21,26,45850
H161,2026-11-22,25,41750
H161,2026-11-23,31,40750
H161,2026-11-24,32,40450
H161,2026-11-25,25,41800
H161,2026-11-26,32,40450
H161,2026-11-27,25,46000
H161,2026-11-28,17,47400
H161,2026-11-29,28,41250
H161,2026-11-30,28,41250
H161,2026-12-01,18,51600
H161,2026-12-02,16,51850
H161,2026-12-03,18,51550
H161,2026-12-04,9,57450
H161,2026-12-05,16,56300
H161,2026-12-06,15,52050
H161,2026-12-07,14,52250
H161,2026-12-08,18,51600
H161,2026-12-09,19,51350
H161,2026-12-10,19,51400
H161,2026-12-11,15,56500
H161,2026-12-12,8,57700
H161,2026-12-13,12,52650
H161,2026-12-14,12,52600
H161,2026-12-15,16,51950
H161,2026-12-16,15,52200
H161,2026-12-17,12,52650
H161,2026-12-18,9,57500
H161,2026-12-19,9,57450
H161,2026-12-20,5,61550
H161,2026-12-21,5,61650
H161,2026-12-22,7,61200
H161,2026-12-23,5,61550
H161,2026-12-24,4,61700
H161,2026-12-25,5,65850
H161,2026-12-26,4,66050
H161,2026-12-27,11,60600
H161,2026-12-28,3,62000
H161,2026-12-29,4,61800
H161,2026-12-30,10,60700
H161,2026-12-31,3,61950
H161,2027-01-01,8,65400
H161,2027-01-02,5,65950
H161,2027-01-03,16,51900
H161,2027-01-04,21,50950
H161,2027-01-05,12,52600
H161,2027-01-06,17,51650
H161,2027-01-07,17,51750
H161,2027-01-08,13,56650
H161,2027-01-09,13,56700
H161,2027-01-10,17,51850
H161,2027-01-11,13,52550
H161,2027-01-12,14,52300
H161,2027-01-13,12,52650
H161,2027-01-14,19,51400
H161,2027-01-15,7,57850
H161,2027-01-16,12,56950
H161,2027-01-17,21,51000
H161,2027-01-18,15,52150
H161,2027-01-19,18,51650
H161,2027-01-20,14,52250
H161,2027-01-21,19,51500
H161,2027-01-22,17,56000
H161,2027-01-23,10,57250
H161,2027-01-24,17,51750
H161,2027-01-25,13,52500
H161,2027-01-26,16,52000
H161,2027-01-27,22,50950
H161,2027-01-28,22,50950
H161,2027-01-29,13,56700
H161,2027-01-30,8,57700
H161,2027-01-31,19,51450
H161,2027-02-01,15,52050
H161,2027-02-02,18,51650
H161,2027-02-03,17,51800
H161,2027-02-04,17,51800
H161,2027-02-05,11,57050
H161,2027-02-06,12,56900
H161,2027-02-07,15,52100
H161,2027-02-08,12,52600
H161,2027-02-09,22,50950
H161,2027-02-10,18,51650
H161,2027-02-11,17,51750
H161,2027-02-12,16,56300
H161,2027-02-13,12,57000
H161,2027-02-14,15,52200
H161,2027-02-15,17,51700
H161,2027-02-16,18,51500
H161,2027-02-17,14,52200
H161,2027-02-18,13,52450
H161,2027-02-19,13,56700
H161,2027-02-20,11,57150
H161,2027-02-21,22,50900
H161,2027-02-22,20,51200
H161,2027-02-23,19,51450
H161,2027-02-24,19,51400
H161,2027-02-25,21,50950
H161,2027-02-26,10,57300
H161,2027-02-27,9,57550
H161,2027-02-28,14,52250
H161,2027-03-01,24,41950
H161,2027-03-02,31,40650
H161,2027-03-03,28,41250
H161,2027-03-04,30,40850
H161,2027-03-05,24,46150
H161,2027-03-06,20,46850
H161,2027-03-07,26,41650
H161,2027-03-08,23,42200
H161,2027-03-09,26,41550
H161,2027-03-10,28,41250
H161,2027-03-11,29,41000
H161,2027-03-12,26,45800
H161,2027-03-13,25,46000
H161,2027-03-14,31,40600
H161,2027-03-15,30,40850
H161,2027-03-16,22,42250
H161,2027-03-17,29,41100
H161,2027-03-18,25,41750
H161,2027-03-19,21,46750
H161,2027-03-20,23,46400
H161,2027-03-21,32,40550
H161,2027-03-22,29,41150
H161,2027-03-23,29,41000
H161,2027-03-24,27,41300
H161,2027-03-25,32,40550
H161,2027-03-26,23,46450
H161,2027-03-27,22,46500
H161,2027-03-28,29,41100
H161,2027-03-29,29,41100
H161,2027-03-30,25,41750
H161,2027-03-31,23,42050
H162,2026-10-01,55,30400
H162,2026-10-02,44,34250
H162,2026-10-03,47,34050
H162,2026-10-04,50,30750
H162,2026-10-05,62,29950
H162,2026-10-06,64,29800
H162,2026-10-07,64,29800
H162,2026-10-08,65,29750
H162,2026-10-09,35,34850
H162,2026-10-10,45,34200
H162,2026-10-11,45,31100
H162,2026-10-12,55,30400
H162,2026-10-13,64,29800
H162,2026-10-14,48,30850
H162,2026-10-15,46,31000
H162,2026-10-16,45,34200
H162,2026-10-17,47,34050
H162,2026-10-18,55,30400
H162,2026-10-19,53,30550
H162,2026-10-20,51,30650
H162,2026-10-21,50,30700
H162,2026-10-22,64,29850
H162,2026-10-23,44,34300
H162,2026-10-24,48,34000
H162,2026-10-25,53,30550
H162,2026-10-26,64,29800
H162,2026-10-27,46,31000
H162,2026-10-28,53,30550
H162,2026-10-29,58,30200
H162,2026-10-30,48,34050
H162,2026-10-31,51,33850
H162,2026-11-01,52,30650
H162,2026-11-02,53,30550
H162,2026-11-03,62,30000
H162,2026-11-04,61,30000
H162,2026-11-05,64,29850
H162,2026-11-06,35,40550
H162,2026-11-07,23,41300
H162,2026-11-08,35,37400
H162,2026-11-09,31,37700
H162,2026-11-10,40,37050
H162,2026-11-11,56,30300
H162,2026-11-12,49,30800
H162,2026-11-13,51,33800
H162,2026-11-14,53,33650
H162,2026-11-15,54,30500
H162,2026-11-16,51,30700
H162,2026-11-17,46,31050
H162,2026-11-18,57,30250
H162,2026-11-19,45,31100
H162,2026-11-20,48,34000
H162,2026-11-21,54,33650
H162,2026-11-22,62,29950
H162,2026-11-23,62,29950
H162,2026-11-24,52,30600
H162,2026-11-25,57,30250
H162,2026-11-26,54,30450
H162,2026-11-27,41,34450
H162,2026-11-28,47,34100
H162,2026-11-29,58,30250
H162,2026-11-30,51,30650
H162,2026-12-01,32,38250
H162,2026-12-02,40,37650
H162,2026-12-03,39,37750
H162,2026-12-04,15,42500
H162,2026-12-05,17,42300
H162,2026-12-06,27,38550
H162,2026-12-07,24,38750
H162,2026-12-08,41,37600
H162,2026-12-09,37,37900
H162,2026-12-10,29,38400
H162,2026-12-11,15,42500
H162,2026-12-12,23,41950
H162,2026-12-13,35,38050
H162,2026-12-14,27,38550
H162,2026-12-15,39,37800
H162,2026-12-16,41,37600
H162,2026-12-17,41,37650
H162,2026-12-18,25,41800
H162,2026-12-19,26,41750
H162,2026-12-20,6,45600
H162,2026-12-21,17,44900
H162,2026-12-22,24,44450
H162,2026-12-23,20,44700
H162,2026-12-24,15,45000
H162,2026-12-25,3,48950
H162,2026-12-26,3,48950
H162,2026-12-27,22,44550
H162,2026-12-28,18,44850
H162,2026-12-29,19,44750
H162,2026-12-30,7,45550
H162,2026-12-31,17,44900
H162,2027-01-01,6,48750
H162,2027-01-02,15,48150
H162,2027-01-03,24,38750
H162,2027-01-04,41,37600
H162,2027-01-05,41,37650
H162,2027-01-06,27,38500
H162,2027-01-07,32,38250
H162,2027-01-08,14,42550
H162,2027-01-09,18,42300
H162,2027-01-10,29,38450
H162,2027-01-11,44,37450
H162,2027-01-12,37,37850
H162,2027-01-13,40,37700
H162,2027-01-14,41,37650
H162,2027-01-15,15,42500
H162,2027-01-16,29,41550
H162,2027-01-17,38,37850
H162,2027-01-18,31,38250
H162,2027-01-19,27,38500
H162,2027-01-20,25,38700
H162,2027-01-21,28,38500
H162,2027-01-22,21,42100
H162,2027-01-23,21,42100
H162,2027-01-24,25,38700
H162,2027-01-25,28,38500
H162,2027-01-26,27,38550
H162,2027-01-27,29,38450
H162,2027-01-28,29,38400
H162,2027-01-29,19,42200
H162,2027-01-30,24,41850
H162,2027-01-31,34,38100
H162,2027-02-01,37,37850
H162,2027-02-02,30,38350
H162,2027-02-03,41,37650
H162,2027-02-04,38,37850
H162,2027-02-05,29,41550
H162,2027-02-06,18,42300
H162,2027-02-07,40,37650
H162,2027-02-08,44,37450
H162,2027-02-09,39,37750
H162,2027-02-10,24,38750
H162,2027-02-11,35,38050
H162,2027-02-12,35,41200
H162,2027-02-13,22,42000
H162,2027-02-14,43,37500
H162,2027-02-15,42,37550
H162,2027-02-16,38,37800
H162,2027-02-17,35,38000
H162,2027-02-18,35,38000
H162,2027-02-19,24,41900
H162,2027-02-20,25,41850
H162,2027-02-21,29,38400
H162,2027-02-22,33,38150
H162,2027-02-23,41,37650
H162,2027-02-24,29,38450
H162,2027-02-25,42,37600
H162,2027-02-26,19,42200
H162,2027-02-27,26,41800
H162,2027-02-28,30,38350
H162,2027-03-01,60,30100
H162,2027-03-02,52,30600
H162,2027-03-03,48,30900
H162,2027-03-04,51,30700
H162,2027-03-05,49,33950
H162,2027-03-06,38,34650
H162,2027-03-07,59,30150
H162,2027-03-08,54,30500
H162,2027-03-09,59,30150
H162,2027-03-10,63,29850
H162,2027-03-11,63,29900
H162,2027-03-12,54,33600
H162,2027-03-13,47,34100
H162,2027-03-14,57,30250
H162,2027-03-15,47,30900
H162,2027-03-16,56,30350
H162,2027-03-17,54,30500
H162,2027-03-18,47,30950
H162,2027-03-19,44,34250
H162,2027-03-20,50,33900
H162,2027-03-21,52,30600
H162,2027-03-22,52,30600
H162,2027-03-23,49,30800
H162,2027-03-24,63,29850
H162,2027-03-25,65,29800
H162,2027-03-26,39,34600
H162,2027-03-27,37,34750
H162,2027-03-28,60,30100
H162,2027-03-29,62,29950
H162,2027-03-30,48,30850
H162,2027-03-31,51,30650
